-- phpMyAdmin SQL Dump
-- version 5.2.3
-- https://www.phpmyadmin.net/
--
-- Host: 127.0.0.1:3306
-- Generation Time: May 23, 2026 at 07:08 AM
-- Server version: 8.4.7
-- PHP Version: 8.3.28

SET SQL_MODE = "NO_AUTO_VALUE_ON_ZERO";
START TRANSACTION;
SET time_zone = "+00:00";


/*!40101 SET @OLD_CHARACTER_SET_CLIENT=@@CHARACTER_SET_CLIENT */;
/*!40101 SET @OLD_CHARACTER_SET_RESULTS=@@CHARACTER_SET_RESULTS */;
/*!40101 SET @OLD_COLLATION_CONNECTION=@@COLLATION_CONNECTION */;
/*!40101 SET NAMES utf8mb4 */;

--
-- Database: `orbit`
--

-- --------------------------------------------------------

--
-- Table structure for table `carpool`
--

DROP TABLE IF EXISTS `carpool`;
CREATE TABLE IF NOT EXISTS `carpool` (
  `carpool_id` int NOT NULL AUTO_INCREMENT,
  `user_id` int NOT NULL,
  `type` varchar(20) CHARACTER SET utf8mb4 COLLATE utf8mb4_unicode_ci NOT NULL,
  `start` varchar(255) CHARACTER SET utf8mb4 COLLATE utf8mb4_unicode_ci NOT NULL,
  `destination` varchar(255) CHARACTER SET utf8mb4 COLLATE utf8mb4_unicode_ci NOT NULL,
  `time` timestamp NOT NULL,
  `car_colour` varchar(20) CHARACTER SET utf8mb4 COLLATE utf8mb4_unicode_ci DEFAULT NULL,
  `car_plate` varchar(15) CHARACTER SET utf8mb4 COLLATE utf8mb4_unicode_ci DEFAULT NULL,
  `car_model` varchar(50) CHARACTER SET utf8mb4 COLLATE utf8mb4_unicode_ci DEFAULT NULL,
  `capacity` int NOT NULL,
  `note` text CHARACTER SET utf8mb4 COLLATE utf8mb4_unicode_ci,
  `status` varchar(30) CHARACTER SET utf8mb4 COLLATE utf8mb4_unicode_ci NOT NULL,
  PRIMARY KEY (`carpool_id`),
  KEY `user_id` (`user_id`)
) ENGINE=InnoDB AUTO_INCREMENT=8 DEFAULT CHARSET=utf8mb4 COLLATE=utf8mb4_unicode_ci;

--
-- Dumping data for table `carpool`
--

INSERT INTO `carpool` (`carpool_id`, `user_id`, `type`, `start`, `destination`, `time`, `car_colour`, `car_plate`, `car_model`, `capacity`, `note`, `status`) VALUES
(1, 103, 'VOLUNTEER', 'APU Campus', 'LRT Bukit Jalil', '2026-05-17 02:30:00', 'White', 'XYZ3001', 'Proton Saga', 3, '', 'Waiting'),
(2, 28, 'VOLUNTEER', 'APU Campus', 'M Vertica', '2026-05-17 06:30:00', 'Black', 'XYZ3002', 'Honda City', 3, 'Meet at the lobby.', 'Waiting'),
(3, 540, 'VOLUNTEER', 'Park Hill', 'APU', '2026-05-17 01:15:00', 'Blue', 'XYZ3003', 'Perodua Myvi', 2, '', 'Waiting'),
(4, 128, 'VOLUNTEER', 'APU', 'Vista Komanwel A', '2026-05-17 08:16:00', 'Black', 'XYZ3004', 'Proton Exora', 4, '', 'Waiting'),
(5, 660, 'SPLIT FARE', 'LRT Bukit Jalil', 'APU Campus', '2026-05-17 00:20:00', '', '', '', 2, 'I can get a Grab for RM 9. Split with 4 people so around RM 2.25 each', 'Waiting'),
(6, 20, 'SPLIT FARE', 'LRT Awan Besar', 'APU Campus', '2026-05-17 05:22:00', '', '', '', 3, 'I am looking for people to share a Grab with. I haven\'t book the Grab yet so I can\'t give the number.', 'Waiting'),
(7, 232, 'SPLIT FARE', 'APU', 'Fortune Park', '2026-05-17 08:30:00', 'White', 'XYZ4001', 'Proton Saga', 3, 'I have a Grab that is arriving at 4.30 pm. Anyone who wants to carpool to Fortune Park please contact me immediately', 'Waiting');

-- --------------------------------------------------------

--
-- Table structure for table `carpool_request`
--

DROP TABLE IF EXISTS `carpool_request`;
CREATE TABLE IF NOT EXISTS `carpool_request` (
  `request_id` int NOT NULL AUTO_INCREMENT,
  `user_id` int NOT NULL,
  `carpool_id` int NOT NULL,
  `approval` varchar(10) CHARACTER SET utf8mb4 COLLATE utf8mb4_unicode_ci NOT NULL,
  PRIMARY KEY (`request_id`),
  KEY `user_id` (`user_id`),
  KEY `carpool_id` (`carpool_id`)
) ENGINE=InnoDB AUTO_INCREMENT=5 DEFAULT CHARSET=utf8mb4 COLLATE=utf8mb4_unicode_ci;

--
-- Dumping data for table `carpool_request`
--

INSERT INTO `carpool_request` (`request_id`, `user_id`, `carpool_id`, `approval`) VALUES
(1, 978, 1, 'Approved'),
(2, 43, 4, 'Pending'),
(3, 309, 1, 'Pending'),
(4, 739, 5, 'Pending');

-- --------------------------------------------------------

--
-- Table structure for table `classroom`
--

DROP TABLE IF EXISTS `classroom`;
CREATE TABLE IF NOT EXISTS `classroom` (
  `classroom_id` int NOT NULL AUTO_INCREMENT,
  `location_id` varchar(20) CHARACTER SET utf8mb4 COLLATE utf8mb4_unicode_ci DEFAULT NULL,
  `capacity` int NOT NULL,
  PRIMARY KEY (`classroom_id`),
  KEY `location_id` (`location_id`)
) ENGINE=InnoDB AUTO_INCREMENT=213 DEFAULT CHARSET=utf8mb4 COLLATE=utf8mb4_unicode_ci;

--
-- Dumping data for table `classroom`
--

INSERT INTO `classroom` (`classroom_id`, `location_id`, `capacity`) VALUES
(1, 'Audi7', 200),
(2, '7Audi2', 234),
(3, '8Audi1', 425),
(4, 'Audi3', 300),
(5, 'Audi6', 225),
(6, 'Audi4', 200),
(7, 'Audi5', 200),
(8, 'A0401', 30),
(9, 'A0402', 30),
(10, 'A0403', 30),
(11, 'A0404', 30),
(12, 'A0405', 30),
(13, 'A0501', 30),
(14, 'A0502', 30),
(15, 'A0503', 30),
(16, 'A0504', 30),
(17, 'A0505', 30),
(18, 'A0601', 30),
(19, 'A0602', 30),
(20, 'A0603', 30),
(21, 'A0604', 30),
(22, 'A0605', 30),
(23, 'B0401', 48),
(24, 'B0402', 56),
(25, 'B0407', 36),
(26, 'B0408', 48),
(27, 'B0409', 40),
(28, 'B0410', 38),
(29, 'B0501', 48),
(30, 'B0502', 56),
(31, 'B0503', 40),
(32, 'B0504', 40),
(33, 'B0505', 200),
(34, 'B0506', 36),
(35, 'B0507', 36),
(36, 'B0508', 44),
(37, 'B0509', 36),
(38, 'B0510', 44),
(39, 'B0601', 48),
(40, 'B0602', 56),
(41, 'B0603', 40),
(42, 'B0604', 40),
(43, 'B0605', 200),
(44, 'B0606', 36),
(45, 'B0607', 36),
(46, 'B0608', 44),
(47, 'B0609', 36),
(48, 'B0610', 44),
(49, 'B0701', 48),
(50, 'B0702', 56),
(51, 'B0703', 40),
(52, 'B0704', 40),
(53, 'B0705', 200),
(54, 'B0706', 36),
(55, 'B0707', 36),
(56, 'B0708', 44),
(57, 'B0709', 80),
(58, 'B0801', 250),
(59, 'B0802', 100),
(60, 'B0803', 100),
(61, 'B0804', 75),
(62, 'B0805', 75),
(63, 'B0806', 200),
(64, 'B0807', 36),
(65, 'B0808', 36),
(66, 'B0809', 40),
(67, 'B0810', 120),
(68, 'C0901', 36),
(69, 'C0902', 36),
(70, 'D0602', 200),
(71, 'D0604', 200),
(72, 'D0605', 36),
(73, 'D0606', 36),
(74, 'D0607', 48),
(75, 'D0608', 48),
(76, 'D0609', 36),
(77, 'D0610', 40),
(78, 'D0611', 40),
(79, 'D0612', 40),
(80, 'D0613', 40),
(81, 'D0701', 36),
(82, 'D0702', 36),
(83, 'D0703', 36),
(84, 'D0704', 36),
(85, 'D0705', 36),
(86, 'D0706', 36),
(87, 'D0707', 80),
(88, 'D0708', 80),
(89, 'D0709', 36),
(90, 'D0710', 40),
(91, 'D0711', 250),
(92, 'D0712', 40),
(93, 'D0713', 40),
(94, 'D0714', 40),
(95, 'D0715', 40),
(96, 'D0716', 36),
(97, 'D0717', 40),
(98, 'D0801', 60),
(99, 'D0802', 60),
(100, 'D0803', 60),
(101, 'D0804', 60),
(102, 'D0805', 60),
(103, 'D0806', 36),
(104, 'D0807', 40),
(105, 'D0808', 60),
(106, 'D0809', 50),
(107, 'D0810', 50),
(108, 'D0811', 50),
(109, 'D0812', 40),
(110, 'D0813', 40),
(111, 'D0814', 40),
(112, 'D0815', 60),
(113, 'D0901', 200),
(114, 'D0902', 200),
(115, 'D0903', 200),
(116, 'D0904', 200),
(117, 'D0905', 36),
(118, 'D0906', 40),
(119, 'D0907', 100),
(120, 'D0908', 50),
(121, 'D0909', 36),
(122, 'D0910', 36),
(123, 'D0911', 36),
(124, 'D0912', 100),
(125, 'E0701', 48),
(126, 'E0702', 48),
(127, 'E0703', 48),
(128, 'E0704', 48),
(129, 'E0705', 48),
(130, 'E0706', 40),
(131, 'E0707', 40),
(132, 'E0708', 40),
(133, 'E0709', 40),
(134, 'E0801', 60),
(135, 'E0802', 60),
(136, 'E0803', 60),
(137, 'E0804', 60),
(138, 'E0805', 36),
(139, 'E0806', 40),
(140, 'E0807', 40),
(141, 'E0808', 36),
(142, 'E0809', 36),
(143, 'E0810', 36),
(144, 'E0811', 36),
(145, 'E0901', 60),
(146, 'E0902', 250),
(147, 'E0903', 250),
(148, 'E0904', 40),
(149, 'E0905', 80),
(150, 'E0906', 40),
(151, 'E0907', 40),
(152, 'E0908', 36),
(153, 'E0909', 36),
(154, 'E0910', 36),
(155, 'E0911', 36),
(156, 'S0402', 36),
(157, 'S0401', 50),
(158, 'S0501', 50),
(159, 'S0502', 36),
(160, 'S0601', 50),
(161, 'S0602', 36),
(162, 'S0701', 50),
(163, 'S0702', 50),
(164, 'S0801', 290),
(165, 'S0802', 290),
(166, 'S0803', 290),
(167, 'S0804', 36),
(168, 'S0805', 36),
(169, 'S0806', 50),
(170, 'S0807', 50),
(171, 'TL402', 36),
(172, 'TL403', 36),
(173, 'TL404', 36),
(174, 'TL405', 36),
(175, 'TL406', 36),
(176, 'TL407', 36),
(177, 'TL501', 36),
(178, 'TL601', 36),
(179, 'TL602', 36),
(180, 'TL603', 36),
(181, 'TL604', 36),
(182, 'TL605', 36),
(183, 'TL606', 36),
(184, 'TL607', 36),
(185, 'TL608', 36),
(186, 'TL609', 36),
(187, 'TL610', 36),
(188, 'TL611', 36),
(189, 'TL612', 36),
(190, 'TL613', 36),
(191, 'TL614', 36),
(192, 'CL308', 36),
(193, 'RL307', 36),
(194, 'PP306', 36),
(195, 'RE305', 36),
(196, 'PL1', 36),
(197, 'PL2', 36),
(198, 'DL302', 36),
(199, 'FL301', 36),
(200, 'GCE', 48),
(201, 'MCL', 36),
(202, 'DL', 36),
(203, 'MOL', 36),
(204, 'AIL', 36),
(205, 'Cisco', 36),
(206, 'CR', 48),
(207, 'GLS', 36),
(208, 'CGI', 36),
(209, 'iMac', 36),
(210, 'XR', 36),
(211, 'ANI', 36),
(212, 'VFX', 36);

-- --------------------------------------------------------

--
-- Table structure for table `course`
--

DROP TABLE IF EXISTS `course`;
CREATE TABLE IF NOT EXISTS `course` (
  `course_id` varchar(10) CHARACTER SET utf8mb4 COLLATE utf8mb4_unicode_ci NOT NULL,
  `type` varchar(20) CHARACTER SET utf8mb4 COLLATE utf8mb4_unicode_ci NOT NULL,
  PRIMARY KEY (`course_id`)
) ENGINE=InnoDB DEFAULT CHARSET=utf8mb4 COLLATE=utf8mb4_unicode_ci;

--
-- Dumping data for table `course`
--

INSERT INTO `course` (`course_id`, `type`) VALUES
('AFCF', 'Certificate'),
('APDF', 'Degree'),
('APUMF', 'Master'),
('UCDF', 'Diploma'),
('UCFF', 'Foundation');

-- --------------------------------------------------------

--
-- Table structure for table `course_module`
--

DROP TABLE IF EXISTS `course_module`;
CREATE TABLE IF NOT EXISTS `course_module` (
  `course_module_id` int NOT NULL AUTO_INCREMENT,
  `module_id` varchar(20) CHARACTER SET utf8mb4 COLLATE utf8mb4_unicode_ci NOT NULL,
  `lecturer_id` varchar(10) CHARACTER SET utf8mb4 COLLATE utf8mb4_unicode_ci NOT NULL,
  `intake_id` varchar(20) CHARACTER SET utf8mb4 COLLATE utf8mb4_unicode_ci NOT NULL,
  `start_date` date NOT NULL,
  `end_date` date NOT NULL,
  PRIMARY KEY (`course_module_id`),
  KEY `module_id` (`module_id`),
  KEY `lecturer_id` (`lecturer_id`),
  KEY `intake_id` (`intake_id`) USING BTREE
) ENGINE=InnoDB AUTO_INCREMENT=19 DEFAULT CHARSET=utf8mb4 COLLATE=utf8mb4_unicode_ci;

--
-- Dumping data for table `course_module`
--

INSERT INTO `course_module` (`course_module_id`, `module_id`, `lecturer_id`, `intake_id`, `start_date`, `end_date`) VALUES
(1, 'BAM-BE', 'L000014', 'UCDF2606BA', '2026-06-01', '2026-07-31'),
(2, 'BAM-M\r\n', 'L000029', 'UCDF2606BA', '2026-06-01', '2026-07-31'),
(3, 'CT-ARS\r\n', 'L000003', 'UCDF2606ICT(SE)', '2026-05-04', '2026-07-31'),
(4, 'CT-OOP\r\n', 'L000001', 'UCDF2606ICT(SE)', '2026-05-04', '2026-07-31'),
(5, 'CT-OS\r\n', 'L000023', 'UCDF2606ICT', '2026-05-04', '2026-07-31'),
(6, 'CT-ARS\r\n', 'L000023', 'UCDF2606BA', '2026-06-01', '2026-07-31'),
(7, 'CT-ARS\r\n', 'L000033', 'UCDF2606BIT', '2026-06-01', '2026-07-31'),
(8, 'BAM-IB\r\n', 'L000009', 'UCDF2606BIT', '2026-06-01', '2026-07-31'),
(9, 'BAM-EB\r\n', 'L000029', 'UCDF2606BIT', '2026-06-01', '2026-07-31'),
(10, 'CT-NWT\r\n', 'L000021', 'UCDF2606ICT', '2026-06-01', '2026-07-31'),
(11, 'CT-DM\r\n', 'L000002', 'UCDF2606ICT', '2026-06-01', '2026-07-31'),
(12, 'CT-DM\r\n', 'L000002', 'UCDF2606ICT(DI)', '2026-06-01', '2026-07-31'),
(13, 'CT-SYAD\r\n', 'L000028', 'UCDF2606ICT(DI)', '2026-06-01', '2026-07-31'),
(14, 'CT-PWP\r\n', 'L000013', 'UCDF2606ICT(DI)', '2026-06-01', '2026-07-31'),
(15, 'CT-DTI\r\n', 'L000001', 'UCDF2606ICT(ITR)', '2026-06-01', '2026-07-31'),
(16, 'CT-PWP\r\n', 'L000013', 'UCDF2606ICT(ITR)', '2026-06-01', '2026-07-31'),
(17, 'CT-OOP\r\n', 'L000007', 'UCDF2606ICT(ITR)', '2026-06-01', '2026-07-31'),
(18, 'CT-NWT\r\n', 'L000006', 'UCDF2606ICT(SE)', '2026-06-01', '2026-07-31');

-- --------------------------------------------------------

--
-- Table structure for table `intake`
--

DROP TABLE IF EXISTS `intake`;
CREATE TABLE IF NOT EXISTS `intake` (
  `intake_id` varchar(20) CHARACTER SET utf8mb4 COLLATE utf8mb4_unicode_ci NOT NULL,
  `course_id` varchar(10) CHARACTER SET utf8mb4 COLLATE utf8mb4_unicode_ci NOT NULL,
  `name` varchar(255) CHARACTER SET utf8mb4 COLLATE utf8mb4_unicode_ci NOT NULL,
  `start_date` date NOT NULL,
  `total_register` int NOT NULL,
  `status` varchar(15) CHARACTER SET utf8mb4 COLLATE utf8mb4_unicode_ci NOT NULL,
  PRIMARY KEY (`intake_id`),
  KEY `course_id` (`course_id`)
) ENGINE=InnoDB DEFAULT CHARSET=utf8mb4 COLLATE=utf8mb4_unicode_ci;

--
-- Dumping data for table `intake`
--

INSERT INTO `intake` (`intake_id`, `course_id`, `name`, `start_date`, `total_register`, `status`) VALUES
('UCDF2606BA', 'UCDF', 'Diploma Business Administration', '2026-06-01', 107, 'In Progress'),
('UCDF2606BIT', 'UCDF', 'Diploma Business Information Technology', '2026-06-01', 128, 'In Progress'),
('UCDF2606ICT', 'UCDF', 'Diploma Information & Communication Technology', '2026-06-01', 213, 'In Progress'),
('UCDF2606ICT(DI)', 'UCDF', 'Diploma Information & Communication Technology With Specialism In Data Informatics', '2026-06-01', 137, 'In Progress'),
('UCDF2606ICT(ITR)', 'UCDF', 'Diploma Information & Communication Technology With Specialism In Interactive Technology', '2026-06-01', 164, 'In Progress'),
('UCDF2606ICT(SE)', 'UCDF', 'Diploma Information & Communication Technology With Specialism In Software Engineering', '2026-06-01', 175, 'In Progress');

-- --------------------------------------------------------

--
-- Table structure for table `lecturer`
--

DROP TABLE IF EXISTS `lecturer`;
CREATE TABLE IF NOT EXISTS `lecturer` (
  `lecturer_id` varchar(10) CHARACTER SET utf8mb4 COLLATE utf8mb4_unicode_ci NOT NULL,
  `user_id` int NOT NULL,
  `qualification` text CHARACTER SET utf8mb4 COLLATE utf8mb4_unicode_ci NOT NULL,
  `status` varchar(20) CHARACTER SET utf8mb4 COLLATE utf8mb4_unicode_ci NOT NULL,
  PRIMARY KEY (`lecturer_id`),
  KEY `user_id` (`user_id`)
) ENGINE=InnoDB DEFAULT CHARSET=utf8mb4 COLLATE=utf8mb4_unicode_ci;

--
-- Dumping data for table `lecturer`
--

INSERT INTO `lecturer` (`lecturer_id`, `user_id`, `qualification`, `status`) VALUES
('L000001', 1014, 'Doctor of  Philosophy in Information System', 'Active'),
('L000002', 1015, 'Doctor of Philosophy in Data Science', 'Active'),
('L000003', 1016, 'Master in Information Technology', 'Active'),
('L000004', 1017, 'Master of Business Administration', 'Active'),
('L000005', 1018, 'Master of Entrepreneurship', 'Active'),
('L000006', 1019, 'Doctor of  Philosophy in Information System', 'Active'),
('L000007', 1020, 'Doctor of Philosophy in Data Science', 'Active'),
('L000008', 1021, 'Master in Information Technology', 'Active'),
('L000009', 1022, 'Master of Business Administration', 'Active'),
('L000010', 1023, 'Master of Entrepreneurship', 'Active'),
('L000011', 1024, 'Doctor of  Philosophy in Information System', 'Active'),
('L000012', 1025, 'Doctor of Philosophy in Data Science', 'Active'),
('L000013', 1026, 'Master in Information Technology', 'Active'),
('L000014', 1027, 'Master of Business Administration', 'Active'),
('L000015', 1028, 'Master of Entrepreneurship', 'Active'),
('L000016', 1029, 'Doctor of  Philosophy in Information System', 'Active'),
('L000017', 1030, 'Doctor of Philosophy in Data Science', 'Active'),
('L000018', 1031, 'Master in Information Technology', 'Active'),
('L000019', 1032, 'Master of Business Administration', 'Active'),
('L000020', 1033, 'Master of Entrepreneurship', 'Active'),
('L000021', 1034, 'Doctor of  Philosophy in Information System', 'Active'),
('L000022', 1035, 'Doctor of Philosophy in Data Science', 'Active'),
('L000023', 1036, 'Master in Information Technology', 'Active'),
('L000024', 1037, 'Master of Business Administration', 'Active'),
('L000025', 1038, 'Master of Entrepreneurship', 'Active'),
('L000026', 1039, 'Doctor of  Philosophy in Information System', 'Active'),
('L000027', 1040, 'Doctor of Philosophy in Data Science', 'Active'),
('L000028', 1041, 'Master in Information Technology', 'Active'),
('L000029', 1042, 'Master of Business Administration', 'Active'),
('L000030', 1043, 'Master of Entrepreneurship', 'Active'),
('L000031', 1044, 'Doctor of  Philosophy in Information System', 'Active'),
('L000032', 1045, 'Doctor of Philosophy in Data Science', 'Active'),
('L000033', 1046, 'Master in Information Technology', 'Active');

--
-- Triggers `lecturer`
--
DROP TRIGGER IF EXISTS `before_lecturer_insert`;
DELIMITER $$
CREATE TRIGGER `before_lecturer_insert` BEFORE INSERT ON `lecturer` FOR EACH ROW BEGIN
    DECLARE next_num INT;
    SELECT COALESCE(MAX(CAST(SUBSTRING(lecturer_id, 2) AS UNSIGNED)), 0) + 1
    INTO next_num
    FROM lecturer;

    SET NEW.lecturer_id = CONCAT('L', LPAD(next_num, 6, '0'));
END
$$
DELIMITER ;

-- --------------------------------------------------------

--
-- Table structure for table `location`
--

DROP TABLE IF EXISTS `location`;
CREATE TABLE IF NOT EXISTS `location` (
  `location_id` varchar(20) CHARACTER SET utf8mb4 COLLATE utf8mb4_unicode_ci NOT NULL,
  `name` varchar(255) CHARACTER SET utf8mb4 COLLATE utf8mb4_unicode_ci NOT NULL,
  `floor` varchar(4) CHARACTER SET utf8mb4 COLLATE utf8mb4_unicode_ci NOT NULL,
  `type` varchar(50) CHARACTER SET utf8mb4 COLLATE utf8mb4_unicode_ci NOT NULL,
  PRIMARY KEY (`location_id`)
) ENGINE=InnoDB DEFAULT CHARSET=utf8mb4 COLLATE=utf8mb4_unicode_ci;

--
-- Dumping data for table `location`
--

INSERT INTO `location` (`location_id`, `name`, `floor`, `type`) VALUES
('6Audi2', 'Auditorium 2 L6', '6', 'Auditorium / Lecture Halls'),
('7Audi1', 'Auditorium 1 L7', '7', 'Auditorium / Lecture Halls'),
('7Audi2', 'Auditorium 2 L7', '7', 'Auditorium / Lecture Halls'),
('8Audi1', 'Auditorium 1 L8', '8', 'Auditorium / Lecture Halls'),
('A0401', 'A-04-01', '4', 'Classroom'),
('A0402', 'A-04-02', '4', 'Classroom'),
('A0403', 'A-04-03', '4', 'Classroom'),
('A0404', 'A-04-04', '4', 'Classroom'),
('A0405', 'A-04-05', '4', 'Classroom'),
('A0501', 'A-05-01', '5', 'Classroom'),
('A0502', 'A-05-02', '5', 'Classroom'),
('A0503', 'A-05-03', '5', 'Classroom'),
('A0504', 'A-05-04', '5', 'Classroom'),
('A0505', 'A-05-05', '5', 'Classroom'),
('A0601', 'A-06-01', '6', 'Classroom'),
('A0602', 'A-06-02', '6', 'Classroom'),
('A0603', 'A-06-03', '6', 'Classroom'),
('A0604', 'A-06-04', '6', 'Classroom'),
('A0605', 'A-06-05', '6', 'Classroom'),
('AIL', 'Analogue Instrumentation Lab', '4', 'Labs / Workshops / Studios / Suites'),
('ANI', 'Tech Lab 6-17 (Animation Suite)', '6', 'Labs / Workshops / Studios / Suites'),
('APCA', 'Asia Pacific Center for Analytics', '5', 'Other Facilities'),
('ARST', 'Architecture Studio', '5', 'Other Facilities'),
('Audi3', 'Auditorium 3 L9', '9', 'Auditorium / Lecture Halls'),
('Audi4', 'Auditorium 4', '3', 'Auditorium / Lecture Halls'),
('Audi5', 'Auditorium 5', '3', 'Auditorium / Lecture Halls'),
('Audi6', 'Auditorium 6', '3', 'Auditorium / Lecture Halls'),
('Audi7', 'Auditorium 7', '3', 'Auditorium / Lecture Halls'),
('AVBSO', 'Administrative Visa and Bursary Office', '4', 'Other Facilities'),
('AVRS', 'Tech Lab 6-19 (Audio Visual Production and Recording Studio)', '6', 'Labs / Workshops / Studios / Suites '),
('B0401', 'B-04-01 Computer Lab', '4', 'Classroom'),
('B0402', 'B-04-02', '4', 'Auditorium / Lecture Halls'),
('B0403', 'B-04-03 Library', '4', 'Other Facilities'),
('B0404', 'B-04-04 Senior Management Office', '4', 'Other Facilities'),
('B0405', 'B-04-05 Academic Office', '4', 'Other Facilities'),
('B0406', 'B-04-06 Admin Office', '4', 'Other Facilities'),
('B0407', 'B-04-07', '4', 'Auditorium / Lecture Halls'),
('B0408', 'B-04-08', '4', 'Auditorium / Lecture Halls'),
('B0409', 'B-04-09', '4', 'Auditorium / Lecture Halls'),
('B0410', 'B-04-10', '4', 'Classroom'),
('B0501', 'B-05-01', '5', 'Classroom'),
('B0502', 'B-05-02', '5', 'Classroom'),
('B0503', 'B-05-03', '5', 'Classroom'),
('B0504', 'B-05-04', '5', 'Classroom'),
('B0505', 'B-05-05', '5', 'Classroom'),
('B0506', 'B-05-06', '5', 'Classroom'),
('B0507', 'B-05-07', '5', 'Classroom'),
('B0508', 'B-05-08', '5', 'Classroom'),
('B0509', 'B-05-09', '5', 'Classroom'),
('B0510', 'B-05-10', '5', 'Classroom'),
('B0601', 'B-06-01', '6', 'Classroom'),
('B0602', 'B-06-02', '6', 'Classroom'),
('B0603', 'B-06-03', '6', 'Classroom'),
('B0604', 'B-06-04', '6', 'Classroom'),
('B0605', 'B-06-05', '6', 'Classroom'),
('B0606', 'B-06-06', '6', 'Classroom'),
('B0607', 'B-06-07', '6', 'Classroom'),
('B0608', 'B-06-08', '6', 'Classroom'),
('B0609', 'B-06-09', '6', 'Classroom'),
('B0610', 'B-06-10', '6', 'Classroom'),
('B0701', 'B-07-01', '7', 'Classroom'),
('B0702', 'B-07-02', '7', 'Classroom'),
('B0703', 'B-07-03', '7', 'Classroom'),
('B0704', 'B-07-04', '7', 'Classroom'),
('B0705', 'B-07-05', '7', 'Classroom'),
('B0706', 'B-07-06', '7', 'Classroom'),
('B0707', 'B-07-07', '7', 'Classroom'),
('B0708', 'B-07-08', '7', 'Classroom'),
('B0709', 'B-07-09', '7', 'Classroom'),
('B0801', 'B-08-01', '8', 'Classroom'),
('B0802', 'B-08-02', '8', 'Classroom'),
('B0803', 'B-08-03', '8', 'Classroom'),
('B0804', 'B-08-04', '8', 'Classroom'),
('B0805', 'B-08-05', '8', 'Classroom'),
('B0806', 'B-08-06', '8', 'Classroom'),
('B0807', 'B-08-07', '8', 'Classroom'),
('B0808', 'B-08-08', '8', 'Classroom'),
('B0809', 'B-08-09', '8', 'Classroom'),
('B0810', 'B-08-10', '8', 'Classroom'),
('C0901', 'C-09-01', '9', 'Classroom'),
('C0902', 'C-09-02', '9', 'Classroom'),
('CGI', 'Tech Lab 6-15 (CGI Suite)', '6', 'Labs / Workshops / Studios / Suites'),
('Cisco', 'Cisco Networking Academy', '5', 'Other Facilities'),
('CL308', 'CAD/CAM Lab 3-08', '3', 'Labs / Workshops / Studios / Suites'),
('CR', 'Cyber Range', '5', 'Other Facilities'),
('CRDIOT', 'Center for Research & Development of IoT', '4', 'Other Facilities'),
('D0602', 'D-06-02', '6', 'Classroom '),
('D0604', 'D-06-04', '6', 'Classroom'),
('D0605', 'D-06-05', '6', 'Classroom'),
('D0606', 'D-06-06', '6', 'Classroom'),
('D0607', 'D-06-07', '6', 'Classroom'),
('D0608', 'D-06-08', '6', 'Classroom'),
('D0609', 'D-06-09', '6', 'Classroom'),
('D0610', 'D-06-10', '6', 'Classroom'),
('D0611', 'D-06-11', '6', 'Classroom'),
('D0612', 'D-06-12', '6', 'Classroom'),
('D0613', 'D-06-13', '6', 'Classroom'),
('D0701', 'D-07-01', '7', 'Classroom'),
('D0702', 'D-07-02', '7', 'Classroom'),
('D0703', 'D-07-03', '7', 'Classroom'),
('D0704', 'D-07-04', '7', 'Classroom'),
('D0705', 'D-07-05', '7', 'Classroom'),
('D0706', 'D-07-06', '7', 'Classroom'),
('D0707', 'D-07-07', '7', 'Classroom'),
('D0708', 'D-07-08', '7', 'Classroom'),
('D0709', 'D-07-09', '7', 'Classroom'),
('D0710', 'D-07-10', '7', 'Classroom'),
('D0711', 'D-07-11', '7', 'Classroom'),
('D0712', 'D-07-12', '7', 'Classroom'),
('D0713', 'D-07-13', '7', 'Classroom'),
('D0714', 'D-07-14', '7', 'Classroom'),
('D0715', 'D-07-15', '7', 'Classroom'),
('D0716', 'D-07-16', '7', 'Classroom'),
('D0717', 'D-07-17', '7', 'Classroom'),
('D0801', 'D-08-01', '8', 'Classroom'),
('D0802', 'D-08-02', '8', 'Classroom'),
('D0803', 'D-08-03', '8', 'Classroom'),
('D0804', 'D-08-04', '8', 'Classroom'),
('D0805', 'D-08-05', '8', 'Classroom'),
('D0806', 'D-08-06', '8', 'Classroom'),
('D0807', 'D-08-07', '8', 'Classroom'),
('D0808', 'D-08-08', '8', 'Classroom'),
('D0809', 'D-08-09', '8', 'Classroom'),
('D0810', 'D-08-10', '8', 'Classroom'),
('D0811', 'D-08-11', '8', 'Classroom'),
('D0812', 'D-08-12', '8', 'Classroom'),
('D0813', 'D-08-13', '8', 'Classroom'),
('D0814', 'D-08-14', '8', 'Classroom'),
('D0815', 'D-08-15', '8', 'Classroom'),
('D0901', 'D-09-01', '9', 'Classroom'),
('D0902', 'D-09-02', '9', 'Classroom'),
('D0903', 'D-09-03', '9', 'Classroom'),
('D0904', 'D-09-04', '9', 'Classroom'),
('D0905', 'D-09-05', '9', 'Classroom'),
('D0906', 'D-09-06', '9', 'Classroom'),
('D0907', 'D-09-07', '9', 'Classroom'),
('D0908', 'D-09-08', '9', 'Classroom'),
('D0909', 'D-09-09', '9', 'Classroom'),
('D0910', 'D-09-10', '9', 'Classroom'),
('D0911', 'D-09-11', '9', 'Classroom'),
('D0912', 'D-09-12', '9', 'Classroom'),
('DL', 'Digital Lab', '4', 'Labs / Workshops / Studios / Suites'),
('DL302', 'Design Lab 3-02', '3', 'Labs / Workshops / Studios / Suites'),
('E0701', 'E-07-01', '7', 'Classroom'),
('E0702', 'E-07-02', '7', 'Classroom'),
('E0703', 'E-07-03', '7', 'Classroom'),
('E0704', 'E-07-04', '7', 'Classroom'),
('E0705', 'E-07-05', '7', 'Classroom'),
('E0706', 'E-07-06', '7', 'Classroom'),
('E0707', 'E-07-07', '7', 'Classroom'),
('E0708', 'E-07-08', '7', 'Classroom'),
('E0709', 'E-07-09', '7', 'Classroom'),
('E0801', 'E-08-01', '8', 'Classroom'),
('E0802', 'E-08-02', '8', 'Classroom'),
('E0803', 'E-08-03', '8', 'Classroom'),
('E0804', 'E-08-04', '8', 'Classroom'),
('E0805', 'E-08-05', '8', 'Classroom'),
('E0806', 'E-08-06', '8', 'Classroom'),
('E0807', 'E-08-07', '8', 'Classroom'),
('E0808', 'E-08-08', '8', 'Classroom'),
('E0809', 'E-08-09', '8', 'Classroom'),
('E0810', 'E-08-10', '8', 'Classroom'),
('E0811', 'E-08-11', '8', 'Classroom'),
('E0901', 'E-09-01', '9', 'Classroom'),
('E0902', 'E-09-02', '9', 'Classroom'),
('E0903', 'E-09-03', '9', 'Classroom'),
('E0904', 'E-09-04', '9', 'Classroom'),
('E0905', 'E-09-05', '9', 'Classroom'),
('E0906', 'E-09-06', '9', 'Classroom'),
('E0907', 'E-09-07', '9', 'Classroom'),
('E0908', 'E-09-08', '9', 'Classroom'),
('E0909', 'E-09-09', '9', 'Classroom'),
('E0910', 'E-09-10', '9', 'Classroom'),
('E0911', 'E-09-11', '9', 'Classroom'),
('EPI', 'Engineering Project Incubator', '3', 'Labs / Workshops / Studios / Suites'),
('ETSC', 'Engineering Tech Support Center', '3', 'Other Facilities'),
('EV31', 'First Elevator L3', '3', 'Connector'),
('EV32', 'Block B Elevator L3', '3', 'Connector'),
('EV33', 'Block E Elevator L3', '3', 'Connector'),
('EV34', 'Block C Elevator L3', '3', 'Connector'),
('EV41', 'First Elevator L4', '4', 'Connector'),
('EV42', 'Block B Elevator L4', '4', 'Connector'),
('EV43', 'Block E Elevator L4', '4', 'Connector'),
('EV44', 'Block C Elevator L4', '4', 'Connector'),
('EV51', 'First Elevator L5', '5', 'Connector'),
('EV52', 'Block B Elevator L5', '5', 'Connector'),
('EV53', 'Block E Elevator L5', '5', 'Connector'),
('EV54', 'Block C Elevator L5', '5', 'Connector'),
('EV61', 'First Elevator L6', '6', 'Connector'),
('EV62', 'Block B Elevator L6', '6', 'Connector'),
('EV63', 'Block E Elevator L6', '6', 'Connector'),
('EV64', 'Block C Elevator L6', '6', 'Connector'),
('EV71', 'First Elevator L7', '7', 'Connector'),
('EV72', 'Block B Elevator L7', '7', 'Connector'),
('EV73', 'Block E Elevator L7', '7', 'Connector'),
('EV74', 'Block C Elevator L7', '7', 'Connector'),
('EV81', 'Block B Elevator L8', '8', 'Connector'),
('EV82', 'Block E Elevator L8', '8', 'Connector'),
('EV83', 'Block C Elevator L8', '8', 'Connector'),
('EV91', 'Block E Elevator L9', '9', 'Connector'),
('EV92', 'Block C Elevator L9', '9', 'Connector'),
('Exam', 'Exam Hall', '5', 'Other Facilities'),
('FL301', 'Fabrication Lab 3-01', '3', 'Labs / Workshops / Studios / Suites'),
('FSec', 'Forensics and Cybersecurity Research Centre', '5', 'Other Facilities'),
('GCE', 'Google Centre of Excellence', '4', 'Other Facilities'),
('GLS', 'Game Lab and Studio', '5', 'Other Facilities'),
('iMac', 'Tech Lab 6-15 (iMac Suite)', '6', 'Labs / Workshops / Studios / Suites'),
('Library', 'Library', '4', 'Other Facilities'),
('MCL', 'Microprocessor / Communication Lab', '4', 'Labs / Workshops / Studios / Suites'),
('MOL', 'Microwave Optic Lab', '4', 'Labs / Workshops / Studios / Suites'),
('MR1', 'Meeting Room 1', '5', 'Other Facilities'),
('MR2', 'Meeting Room 2', '5', 'Other Facilities'),
('P1', 'Presentation 1', '5', 'Other Facilities'),
('P2', 'Presentation 2', '5', 'Other Facilities'),
('P3', 'Presentation 3', '5', 'Other Facilities'),
('PC', 'Postgraduate Center', '3', 'Other Facilities'),
('PL1', 'Power Lab 1', '3', 'Labs / Workshops / Studios / Suites'),
('PL2', 'Power Lab 2', '3', 'Labs / Workshops / Studios / Suites'),
('PMR', 'Postgraduate Meeting Room', '3', 'Other Facilities'),
('PP306', 'PLC & Pneumatics Lab 3-06', '3', 'Labs / Workshops / Studios / Suites'),
('RE305', 'Robotic Engineering 3-05', '3', 'Labs / Workshops / Studios / Suites'),
('RL307', 'Robotics Lab 3-07', '3', 'Labs / Workshops / Studios / Suites'),
('S0401', 'S-04-01', '4', 'Classroom'),
('S0402', 'S-04-02', '4', 'Classroom'),
('S0501', 'S-05-01', '5', 'Classroom'),
('S0502', 'S-05-02', '5', 'Classroom'),
('S0601', 'S-06-01', '6', 'Classroom'),
('S0602', 'S-06-02', '6', 'Classroom'),
('S0701', 'S-07-01', '7', 'Classroom'),
('S0702', 'S-07-02', '7', 'Classroom'),
('S0801', 'S-08-01', '8', 'Classroom'),
('S0802', 'S-08-02', '8', 'Classroom'),
('S0803', 'S-08-03', '8', 'Classroom'),
('S0804', 'S-08-04', '8', 'Classroom'),
('S0805', 'S-08-05', '8', 'Classroom'),
('S0806', 'S-08-06', '8', 'Classroom'),
('S0807', 'S-08-07', '8', 'Classroom'),
('SCOA', 'School of Architecture', '5', 'Other Facilities'),
('SOC', 'Security Operations Center', '5', 'Other Facilities'),
('ST31', 'First Staircase L3', '3', 'Connector'),
('ST32', 'Block B Staircase L3', '3', 'Connector'),
('ST33', 'Block D Staircase L3', '3', 'Connector'),
('ST34', 'Block E Staircase L3', '3', 'Connector'),
('ST35', 'Last Staircase L3', '3', 'Connector'),
('ST36', 'Middle Staircase L3', '3', 'Connector'),
('ST37', 'Block C Staircase L3', '3', 'Connector'),
('ST41', 'First Staircase L4', '4', 'Connector'),
('ST42', 'Block B Staircase L4', '4', 'Connector'),
('ST43', 'Block D Staircase L4', '4', 'Connector'),
('ST44', 'Block E Staircase L4', '4', 'Connector'),
('ST45', 'Last Staircase L4', '4', 'Connector'),
('ST46', 'Middle Staircase L4', '4', 'Connector'),
('ST47', 'Block C Staircase L4', '4', 'Connector'),
('ST51', 'First Staircase L5', '5', 'Connector'),
('ST52', 'Block B Staircase L5', '5', 'Connector'),
('ST53', 'Block D Staircase L5', '5', 'Connector'),
('ST54', 'Block E Staircase L5', '5', 'Connector'),
('ST55', 'Last Staircase L5', '5', 'Connector'),
('ST56', 'Middle Staircase L5', '5', 'Connector'),
('ST57', 'Block C Staircase L5', '5', 'Connector'),
('ST61', 'First Staircase L6', '6', 'Connector'),
('ST62', 'Block B Staircase L6', '6', 'Connector'),
('ST63', 'Block D Staircase L6', '6', 'Connector'),
('ST64', 'Block E Staircase L6', '6', 'Connector'),
('ST65', 'Last Staircase L6', '6', 'Connector'),
('ST66', 'Middle Staircase L6', '6', 'Connector'),
('ST67', 'Block C Staircase L6', '6', 'Connector'),
('ST71', 'First Staircase L7', '7', 'Connector'),
('ST72', 'Block B Staircase L7', '7', 'Connector'),
('ST73', 'Block D Staircase L7', '7', 'Connector'),
('ST74', 'Block E Staircase L7', '7', 'Connector'),
('ST75', 'Last Staircase L7', '7', 'Connector'),
('ST76', 'Middle Staircase L7', '7', 'Connector'),
('ST77', 'Block C Staircase L7', '7', 'Connector'),
('ST81', 'Block B Staircase L8', '8', 'Connector'),
('ST82', 'Block D Staircase L8', '8', 'Connector'),
('ST83', 'Block E Staircase L8', '8', 'Connector'),
('ST84', 'Last Staircase L8', '8', 'Connector'),
('ST85', 'Middle Staircase L8', '8', 'Connector'),
('ST86', 'Block C Staircase L8', '8', 'Connector'),
('ST91', 'Block D Staircase L9', '9', 'Connector'),
('ST92', 'Block E Staircase L9', '9', 'Connector'),
('ST93', 'Block C Staircase L9', '9', 'Connector'),
('TL402', 'Tech Lab 4-02', '4', 'Labs / Workshops / Studios / Suites'),
('TL403', 'Tech Lab 4-03', '4', 'Labs / Workshops / Studios / Suites'),
('TL404', 'Tech Lab 4-04', '4', 'Labs / Workshops / Studios / Suites'),
('TL405', 'Tech Lab 4-05', '4', 'Labs / Workshops / Studios / Suites'),
('TL406', 'Tech Lab 4-06', '4', 'Labs / Workshops / Studios / Suites'),
('TL407', 'Tech Lab 4-07', '4', 'Labs / Workshops / Studios / Suites'),
('TL501', 'Tech Lab 5-01 Financial Trading Center', '5', 'Labs / Workshops / Studios / Suites'),
('TL601', 'Tech Lab 6-01', '6', 'Labs / Workshops / Studios / Suites'),
('TL602', 'Tech Lab 6-02', '6', 'Labs / Workshops / Studios / Suites '),
('TL603', 'Tech Lab 6-03', '6', 'Labs / Workshops / Studios / Suites'),
('TL604', 'Tech Lab 6-04', '6', 'Labs / Workshops / Studios / Suites'),
('TL605', 'Tech Lab 6-05', '6', 'Labs / Workshops / Studios / Suites'),
('TL606', 'Tech Lab 6-06', '6', 'Labs / Workshops / Studios / Suites'),
('TL607', 'Tech Lab 6-07', '6', 'Labs / Workshops / Studios / Suites'),
('TL608', 'Tech Lab 6-08', '6', 'Labs / Workshops / Studios / Suites'),
('TL609', 'Tech Lab 6-09', '6', 'Labs / Workshops / Studios / Suites'),
('TL610', 'Tech Lab 6-10', '6', 'Labs / Workshops / Studios / Suites'),
('TL611', 'Tech Lab 6-11', '6', 'Labs / Workshops / Studios / Suites'),
('TL612', 'Tech Lab 6-12', '6', 'Labs / Workshops / Studios / Suites'),
('TL613', 'Tech Lab 6-13', '6', 'Labs / Workshops / Studios / Suites'),
('TL614', 'Tech Lab 6-14', '6', 'Labs / Workshops / Studios / Suites'),
('TS4', 'Technical Support', '4', 'Other Facilities'),
('VAS', 'Visionary AI Studio', '5', 'Other Facilities'),
('VFX', 'Tech Lab 6-18 (VFX Suite)', '6', 'Labs / Workshops / Studios / Suites'),
('VGM', 'Video Game Mini Museum', '5', 'Other Facilities'),
('XR', 'XR Studio', '6', 'Labs / Workshops / Studios / Suites');

-- --------------------------------------------------------

--
-- Table structure for table `major`
--

DROP TABLE IF EXISTS `major`;
CREATE TABLE IF NOT EXISTS `major` (
  `major_id` varchar(5) CHARACTER SET utf8mb4 COLLATE utf8mb4_unicode_ci NOT NULL,
  `name` varchar(255) CHARACTER SET utf8mb4 COLLATE utf8mb4_unicode_ci NOT NULL,
  PRIMARY KEY (`major_id`)
) ENGINE=InnoDB DEFAULT CHARSET=utf8mb4 COLLATE=utf8mb4_unicode_ci;

--
-- Dumping data for table `major`
--

INSERT INTO `major` (`major_id`, `name`) VALUES
('AAF', 'Accounting & Finance'),
('ARC', 'Architecture'),
('AS', 'Actuarial Studies'),
('BAF', 'Banking & Finance'),
('BAM', 'Business & Management'),
('CT', 'Computing & Technology'),
('DCM', 'Design & Creative Media'),
('DMM', 'Digital Marketing & Media'),
('EDU', 'Education'),
('ENG', 'Engineering'),
('GD', 'Game Development'),
('HT', 'Hospitality & Tourism'),
('IR', 'International Relations'),
('PSY', 'Psychology');

-- --------------------------------------------------------

--
-- Table structure for table `module`
--

DROP TABLE IF EXISTS `module`;
CREATE TABLE IF NOT EXISTS `module` (
  `module_id` varchar(20) CHARACTER SET utf8mb4 COLLATE utf8mb4_unicode_ci NOT NULL,
  `major_id` varchar(5) CHARACTER SET utf8mb4 COLLATE utf8mb4_unicode_ci NOT NULL,
  `name` varchar(255) CHARACTER SET utf8mb4 COLLATE utf8mb4_unicode_ci NOT NULL,
  PRIMARY KEY (`module_id`),
  KEY `major_id` (`major_id`)
) ENGINE=InnoDB DEFAULT CHARSET=utf8mb4 COLLATE=utf8mb4_unicode_ci;

--
-- Dumping data for table `module`
--

INSERT INTO `module` (`module_id`, `major_id`, `name`) VALUES
('BAM-BE', 'BAM', 'Business Economics'),
('BAM-DSC\r\n', 'BAM', 'Digital Supply Chain'),
('BAM-EB\r\n', 'BAM', 'E-Business'),
('BAM-IB\r\n', 'BAM', 'International Business'),
('BAM-M\r\n', 'BAM', 'Marketing'),
('CT-ARS\r\n', 'CT', 'Academic Research Skill'),
('CT-AVT\r\n', 'CT', 'Audio Visual Technologies'),
('CT-BSMA\r\n', 'CT', 'Behavioural Science & Marketing Analytics'),
('CT-DGDR\r\n', 'CT', 'Digital Games Design Re-engineering'),
('CT-DIP\r\n', 'CT', 'Digital Image Production'),
('CT-DM\r\n', 'CT', 'Database Management'),
('CT-DTI\r\n', 'CT', 'Digital Thinking & Innovation'),
('CT-EC\r\n', 'CT', 'E-Commerce'),
('CT-NWT\r\n', 'CT', 'Networking Technologies'),
('CT-OOP\r\n', 'CT', 'Object Oriented Programming'),
('CT-OS\r\n', 'CT', 'Operating System'),
('CT-PM\r\n', 'CT', 'People Management'),
('CT-PWP\r\n', 'CT', 'Programming With Python'),
('CT-QM\r\n', 'CT', 'Quantitative Method'),
('CT-SYAD\r\n', 'CT', 'System Analysis & Design');

-- --------------------------------------------------------

--
-- Table structure for table `module_group`
--

DROP TABLE IF EXISTS `module_group`;
CREATE TABLE IF NOT EXISTS `module_group` (
  `module_group_id` varchar(25) CHARACTER SET utf8mb4 COLLATE utf8mb4_unicode_ci NOT NULL,
  `course_module_id` int NOT NULL,
  `type` varchar(10) CHARACTER SET utf8mb4 COLLATE utf8mb4_unicode_ci NOT NULL,
  PRIMARY KEY (`module_group_id`),
  KEY `course_module_id` (`course_module_id`)
) ENGINE=InnoDB DEFAULT CHARSET=utf8mb4 COLLATE=utf8mb4_unicode_ci;

--
-- Dumping data for table `module_group`
--

INSERT INTO `module_group` (`module_group_id`, `course_module_id`, `type`) VALUES
('2605-BAM-BE-L1', 1, 'Lecture'),
('2605-BAM-BE-T1', 1, 'Tutorial'),
('2605-BAM-BE-T2', 1, 'Tutorial'),
('2605-BAM-BE-T3', 1, 'Tutorial'),
('2605-BAM-BE-T4', 1, 'Tutorial'),
('2605-BAM-M\r\n-L1', 2, 'Lecture'),
('2605-BAM-M\r\n-T1', 2, 'Tutorial'),
('2605-BAM-M\r\n-T2', 2, 'Tutorial'),
('2605-BAM-M\r\n-T3', 2, 'Tutorial'),
('2605-BAM-M\r\n-T4', 2, 'Tutorial'),
('2605-CT-ARS\r\n-L1', 3, 'Lecture'),
('2605-CT-ARS\r\n-T1', 3, 'Tutorial'),
('2605-CT-ARS\r\n-T2', 3, 'Tutorial'),
('2605-CT-ARS\r\n-T3', 3, 'Tutorial'),
('2605-CT-ARS\r\n-T4', 3, 'Tutorial'),
('2605-CT-ARS\r\n-T5', 3, 'Tutorial'),
('2605-CT-OOP\r\n-L1', 4, 'Lecture'),
('2605-CT-OOP\r\n-Lab1', 4, 'Lab'),
('2605-CT-OOP\r\n-Lab2', 4, 'Lab'),
('2605-CT-OOP\r\n-Lab3', 4, 'Lab'),
('2605-CT-OOP\r\n-Lab4', 4, 'Lab'),
('2605-CT-OOP\r\n-Lab5', 4, 'Lab'),
('2605-CT-OS\r\n-L1', 5, 'Lecture'),
('2605-CT-OS\r\n-T1', 5, 'Tutorial'),
('2605-CT-OS\r\n-T2', 5, 'Tutorial'),
('2605-CT-OS\r\n-T3', 5, 'Tutorial'),
('2605-CT-OS\r\n-T4', 5, 'Tutorial'),
('2605-CT-OS\r\n-T5', 5, 'Tutorial'),
('2605-CT-OS\r\n-T6', 5, 'Tutorial'),
('2605-CT-OS\r\n-T7', 5, 'Tutorial'),
('2606-BAM-EB\r\n-L1', 9, 'Lecture'),
('2606-BAM-EB\r\n-T1', 9, 'Tutorial'),
('2606-BAM-EB\r\n-T2', 9, 'Tutorial'),
('2606-BAM-EB\r\n-T3', 9, 'Tutorial'),
('2606-BAM-EB\r\n-T4', 9, 'Tutorial'),
('2606-BAM-IB\r\n-L1', 8, 'Lecture'),
('2606-BAM-IB\r\n-T1', 8, 'Tutorial'),
('2606-BAM-IB\r\n-T2', 8, 'Tutorial'),
('2606-BAM-IB\r\n-T3', 8, 'Tutorial'),
('2606-BAM-IB\r\n-T4', 8, 'Tutorial'),
('2606-CT-ARS\r\n-L1', 6, 'Lecture'),
('2606-CT-ARS\r\n-L2', 7, 'Lecture'),
('2606-CT-ARS\r\n-T1', 6, 'Tutorial'),
('2606-CT-ARS\r\n-T2', 6, 'Tutorial'),
('2606-CT-ARS\r\n-T3', 6, 'Tutorial'),
('2606-CT-ARS\r\n-T4', 6, 'Tutorial'),
('2606-CT-ARS\r\n-T5', 7, 'Tutorial'),
('2606-CT-ARS\r\n-T6', 7, 'Tutorial'),
('2606-CT-ARS\r\n-T7', 7, 'Tutorial'),
('2606-CT-ARS\r\n-T8', 7, 'Tutorial'),
('2606-CT-DM\r\n-L1', 11, 'Lecture'),
('2606-CT-DM\r\n-L2', 12, 'Lecture'),
('2606-CT-DM\r\n-T1', 11, 'Tutorial'),
('2606-CT-DM\r\n-T10', 12, 'Tutorial'),
('2606-CT-DM\r\n-T11', 12, 'Tutorial'),
('2606-CT-DM\r\n-T2', 11, 'Tutorial'),
('2606-CT-DM\r\n-T3', 11, 'Tutorial'),
('2606-CT-DM\r\n-T4', 11, 'Tutorial'),
('2606-CT-DM\r\n-T5', 11, 'Tutorial'),
('2606-CT-DM\r\n-T6', 11, 'Tutorial'),
('2606-CT-DM\r\n-T7', 11, 'Tutorial'),
('2606-CT-DM\r\n-T8', 12, 'Tutorial'),
('2606-CT-DM\r\n-T9', 12, 'Tutorial'),
('2606-CT-DTI\r\n-L1', 15, 'Lecture'),
('2606-CT-DTI\r\n-T1', 15, 'Tutorial'),
('2606-CT-DTI\r\n-T2', 15, 'Tutorial'),
('2606-CT-DTI\r\n-T3', 15, 'Tutorial'),
('2606-CT-DTI\r\n-T4', 15, 'Tutorial'),
('2606-CT-DTI\r\n-T5', 15, 'Tutorial'),
('2606-CT-NWT\r\n-L1', 10, 'Lecture'),
('2606-CT-NWT\r\n-L9', 18, 'Lecture'),
('2606-CT-NWT\r\n-Lab1', 10, 'Lab'),
('2606-CT-NWT\r\n-Lab10', 18, 'Lab'),
('2606-CT-NWT\r\n-Lab11', 18, 'Lab'),
('2606-CT-NWT\r\n-Lab12', 18, 'Lab'),
('2606-CT-NWT\r\n-Lab2', 10, 'Lab'),
('2606-CT-NWT\r\n-Lab3', 10, 'Lab'),
('2606-CT-NWT\r\n-Lab4', 10, 'Lab'),
('2606-CT-NWT\r\n-Lab5', 10, 'Lab'),
('2606-CT-NWT\r\n-Lab6', 10, 'Lab'),
('2606-CT-NWT\r\n-Lab7', 10, 'Lab'),
('2606-CT-NWT\r\n-Lab8', 18, 'Lab'),
('2606-CT-NWT\r\n-Lab9', 18, 'Lab'),
('2606-CT-OOP\r\n-L1', 17, 'Lecture'),
('2606-CT-OOP\r\n-Lab1', 17, 'Lab'),
('2606-CT-OOP\r\n-Lab2', 17, 'Lab'),
('2606-CT-OOP\r\n-Lab3', 17, 'Lab'),
('2606-CT-OOP\r\n-Lab4', 17, 'Lab'),
('2606-CT-OOP\r\n-Lab5', 17, 'Lab'),
('2606-CT-PWP\r\n-L1', 14, 'Lecture'),
('2606-CT-PWP\r\n-L6', 16, 'Lecture'),
('2606-CT-PWP\r\n-Lab1', 14, 'Lab'),
('2606-CT-PWP\r\n-Lab2', 14, 'Lab'),
('2606-CT-PWP\r\n-Lab3', 14, 'Lab'),
('2606-CT-PWP\r\n-Lab4', 14, 'Lab'),
('2606-CT-PWP\r\n-T1', 16, 'Tutorial'),
('2606-CT-PWP\r\n-T2', 16, 'Tutorial'),
('2606-CT-PWP\r\n-T3', 16, 'Tutorial'),
('2606-CT-PWP\r\n-T4', 16, 'Tutorial'),
('2606-CT-PWP\r\n-T5', 16, 'Tutorial'),
('2606-CT-SYAD\r\n-L1', 13, 'Lecture'),
('2606-CT-SYAD\r\n-Lab1', 13, 'Lab'),
('2606-CT-SYAD\r\n-Lab2', 13, 'Lab'),
('2606-CT-SYAD\r\n-Lab3', 13, 'Lab'),
('2606-CT-SYAD\r\n-Lab4', 13, 'Lab');

-- --------------------------------------------------------

--
-- Table structure for table `schedule`
--

DROP TABLE IF EXISTS `schedule`;
CREATE TABLE IF NOT EXISTS `schedule` (
  `schedule_id` int NOT NULL AUTO_INCREMENT,
  `module_group_id` varchar(25) CHARACTER SET utf8mb4 COLLATE utf8mb4_unicode_ci NOT NULL,
  `classroom_id` int NOT NULL,
  `start_time` timestamp NOT NULL,
  `end_time` timestamp NOT NULL,
  `date` date NOT NULL,
  PRIMARY KEY (`schedule_id`),
  KEY `module_group_id` (`module_group_id`),
  KEY `classroom_id` (`classroom_id`)
) ENGINE=InnoDB AUTO_INCREMENT=14 DEFAULT CHARSET=utf8mb4 COLLATE=utf8mb4_unicode_ci;

--
-- Dumping data for table `schedule`
--

INSERT INTO `schedule` (`schedule_id`, `module_group_id`, `classroom_id`, `start_time`, `end_time`, `date`) VALUES
(1, '2605-BAM-BE-L1', 7, '2026-06-01 00:30:00', '2026-06-01 02:30:00', '2026-06-01'),
(2, '2605-BAM-BE-T1', 35, '2026-06-01 02:45:00', '2026-06-01 04:45:00', '2026-06-01'),
(4, '2605-BAM-BE-T3', 117, '2026-06-05 00:30:00', '2026-06-05 02:30:00', '2026-06-05'),
(5, '2605-BAM-BE-T2', 154, '2026-06-02 07:45:00', '2026-06-02 09:45:00', '2026-06-02'),
(6, '2605-BAM-M\r\n-L1', 6, '2026-06-02 02:45:00', '2026-06-02 04:45:00', '2026-06-02'),
(7, '2605-BAM-BE-T4', 155, '2026-06-01 06:00:00', '2026-06-01 08:00:00', '2026-06-01'),
(8, '2605-BAM-M\r\n-T1', 55, '2026-06-03 00:30:00', '2026-06-03 02:30:00', '2026-06-03'),
(9, '2605-BAM-M\r\n-T2', 37, '2026-06-02 02:00:00', '2026-06-02 04:00:00', '2026-06-02'),
(10, '2606-CT-SYAD\r\n-L1', 5, '2026-06-04 00:30:00', '2026-06-04 02:30:00', '2026-06-04'),
(11, '2606-CT-NWT\r\n-Lab1', 54, '2026-06-01 00:30:00', '2026-06-01 02:30:00', '2026-06-01'),
(12, '2606-CT-NWT\r\n-L9', 7, '2026-06-02 07:00:00', '2026-06-02 09:00:00', '2026-06-02'),
(13, '2606-CT-NWT\r\n-L9', 144, '2026-06-03 07:00:00', '2026-06-03 09:00:00', '2026-06-03');

-- --------------------------------------------------------

--
-- Table structure for table `student`
--

DROP TABLE IF EXISTS `student`;
CREATE TABLE IF NOT EXISTS `student` (
  `student_id` varchar(10) CHARACTER SET utf8mb4 COLLATE utf8mb4_unicode_ci NOT NULL,
  `user_id` int NOT NULL,
  `status` varchar(20) CHARACTER SET utf8mb4 COLLATE utf8mb4_unicode_ci NOT NULL,
  PRIMARY KEY (`student_id`),
  KEY `user_id` (`user_id`)
) ENGINE=InnoDB DEFAULT CHARSET=utf8mb4 COLLATE=utf8mb4_unicode_ci;

--
-- Dumping data for table `student`
--

INSERT INTO `student` (`student_id`, `user_id`, `status`) VALUES
('TP000001', 4, 'Active'),
('TP000002', 5, 'Active'),
('TP000003', 6, 'Active'),
('TP000004', 7, 'Active'),
('TP000005', 8, 'Active'),
('TP000006', 9, 'Active'),
('TP000007', 10, 'Active'),
('TP000008', 11, 'Active'),
('TP000009', 12, 'Active'),
('TP000010', 13, 'Active'),
('TP000011', 14, 'Active'),
('TP000012', 15, 'Active'),
('TP000013', 16, 'Active'),
('TP000014', 17, 'Active'),
('TP000015', 18, 'Active'),
('TP000016', 19, 'Active'),
('TP000017', 20, 'Active'),
('TP000018', 21, 'Active'),
('TP000019', 22, 'Active'),
('TP000020', 23, 'Active'),
('TP000021', 24, 'Active'),
('TP000022', 25, 'Active'),
('TP000023', 26, 'Active'),
('TP000024', 27, 'Active'),
('TP000025', 28, 'Active'),
('TP000026', 29, 'Active'),
('TP000027', 30, 'Active'),
('TP000028', 31, 'Active'),
('TP000029', 32, 'Active'),
('TP000030', 33, 'Active'),
('TP000031', 34, 'Active'),
('TP000032', 35, 'Active'),
('TP000033', 36, 'Active'),
('TP000034', 37, 'Active'),
('TP000035', 38, 'Active'),
('TP000036', 39, 'Active'),
('TP000037', 40, 'Active'),
('TP000038', 41, 'Active'),
('TP000039', 42, 'Active'),
('TP000040', 43, 'Active'),
('TP000041', 44, 'Active'),
('TP000042', 45, 'Active'),
('TP000043', 46, 'Active'),
('TP000044', 47, 'Active'),
('TP000045', 48, 'Active'),
('TP000046', 49, 'Active'),
('TP000047', 50, 'Active'),
('TP000048', 51, 'Active'),
('TP000049', 52, 'Active'),
('TP000050', 53, 'Active'),
('TP000051', 54, 'Active'),
('TP000052', 55, 'Active'),
('TP000053', 56, 'Active'),
('TP000054', 57, 'Active'),
('TP000055', 58, 'Active'),
('TP000056', 59, 'Active'),
('TP000057', 60, 'Active'),
('TP000058', 61, 'Active'),
('TP000059', 62, 'Active'),
('TP000060', 63, 'Active'),
('TP000061', 64, 'Active'),
('TP000062', 65, 'Active'),
('TP000063', 66, 'Active'),
('TP000064', 67, 'Active'),
('TP000065', 68, 'Active'),
('TP000066', 69, 'Active'),
('TP000067', 70, 'Active'),
('TP000068', 71, 'Active'),
('TP000069', 72, 'Active'),
('TP000070', 73, 'Active'),
('TP000071', 74, 'Active'),
('TP000072', 75, 'Active'),
('TP000073', 76, 'Active'),
('TP000074', 77, 'Active'),
('TP000075', 78, 'Active'),
('TP000076', 79, 'Active'),
('TP000077', 80, 'Active'),
('TP000078', 81, 'Active'),
('TP000079', 82, 'Active'),
('TP000080', 83, 'Active'),
('TP000081', 84, 'Active'),
('TP000082', 85, 'Active'),
('TP000083', 86, 'Active'),
('TP000084', 87, 'Active'),
('TP000085', 88, 'Active'),
('TP000086', 89, 'Active'),
('TP000087', 90, 'Active'),
('TP000088', 91, 'Active'),
('TP000089', 92, 'Active'),
('TP000090', 93, 'Active'),
('TP000091', 94, 'Active'),
('TP000092', 95, 'Active'),
('TP000093', 96, 'Active'),
('TP000094', 97, 'Active'),
('TP000095', 98, 'Active'),
('TP000096', 99, 'Active'),
('TP000097', 100, 'Active'),
('TP000098', 101, 'Active'),
('TP000099', 102, 'Active'),
('TP000100', 103, 'Active'),
('TP000101', 104, 'Active'),
('TP000102', 105, 'Active'),
('TP000103', 106, 'Active'),
('TP000104', 107, 'Active'),
('TP000105', 108, 'Active'),
('TP000106', 109, 'Active'),
('TP000107', 110, 'Active'),
('TP000108', 111, 'Active'),
('TP000109', 112, 'Active'),
('TP000110', 113, 'Active'),
('TP000111', 114, 'Active'),
('TP000112', 115, 'Active'),
('TP000113', 116, 'Active'),
('TP000114', 117, 'Active'),
('TP000115', 118, 'Active'),
('TP000116', 119, 'Active'),
('TP000117', 120, 'Active'),
('TP000118', 121, 'Active'),
('TP000119', 122, 'Active'),
('TP000120', 123, 'Active'),
('TP000121', 124, 'Active'),
('TP000122', 125, 'Active'),
('TP000123', 126, 'Active'),
('TP000124', 127, 'Active'),
('TP000125', 128, 'Active'),
('TP000126', 129, 'Active'),
('TP000127', 130, 'Active'),
('TP000128', 131, 'Active'),
('TP000129', 132, 'Active'),
('TP000130', 133, 'Active'),
('TP000131', 134, 'Active'),
('TP000132', 135, 'Active'),
('TP000133', 136, 'Active'),
('TP000134', 137, 'Active'),
('TP000135', 138, 'Active'),
('TP000136', 139, 'Active'),
('TP000137', 140, 'Active'),
('TP000138', 141, 'Active'),
('TP000139', 142, 'Active'),
('TP000140', 143, 'Active'),
('TP000141', 144, 'Active'),
('TP000142', 145, 'Active'),
('TP000143', 146, 'Active'),
('TP000144', 147, 'Active'),
('TP000145', 148, 'Active'),
('TP000146', 149, 'Active'),
('TP000147', 150, 'Active'),
('TP000148', 151, 'Active'),
('TP000149', 152, 'Active'),
('TP000150', 153, 'Active'),
('TP000151', 154, 'Active'),
('TP000152', 155, 'Active'),
('TP000153', 156, 'Active'),
('TP000154', 157, 'Active'),
('TP000155', 158, 'Active'),
('TP000156', 159, 'Active'),
('TP000157', 160, 'Active'),
('TP000158', 161, 'Active'),
('TP000159', 162, 'Active'),
('TP000160', 163, 'Active'),
('TP000161', 164, 'Active'),
('TP000162', 165, 'Active'),
('TP000163', 166, 'Active'),
('TP000164', 167, 'Active'),
('TP000165', 168, 'Active'),
('TP000166', 169, 'Active'),
('TP000167', 170, 'Active'),
('TP000168', 171, 'Active'),
('TP000169', 172, 'Active'),
('TP000170', 173, 'Active'),
('TP000171', 174, 'Active'),
('TP000172', 175, 'Active'),
('TP000173', 176, 'Active'),
('TP000174', 177, 'Active'),
('TP000175', 178, 'Active'),
('TP000176', 179, 'Active'),
('TP000177', 180, 'Active'),
('TP000178', 181, 'Active'),
('TP000179', 182, 'Active'),
('TP000180', 183, 'Active'),
('TP000181', 184, 'Active'),
('TP000182', 185, 'Active'),
('TP000183', 186, 'Active'),
('TP000184', 187, 'Active'),
('TP000185', 188, 'Active'),
('TP000186', 189, 'Active'),
('TP000187', 190, 'Active'),
('TP000188', 191, 'Active'),
('TP000189', 192, 'Active'),
('TP000190', 193, 'Active'),
('TP000191', 194, 'Active'),
('TP000192', 195, 'Active'),
('TP000193', 196, 'Active'),
('TP000194', 197, 'Active'),
('TP000195', 198, 'Active'),
('TP000196', 199, 'Active'),
('TP000197', 200, 'Active'),
('TP000198', 201, 'Active'),
('TP000199', 202, 'Active'),
('TP000200', 203, 'Active'),
('TP000201', 204, 'Active'),
('TP000202', 205, 'Active'),
('TP000203', 206, 'Active'),
('TP000204', 207, 'Active'),
('TP000205', 208, 'Active'),
('TP000206', 209, 'Active'),
('TP000207', 210, 'Active'),
('TP000208', 211, 'Active'),
('TP000209', 212, 'Active'),
('TP000210', 213, 'Active'),
('TP000211', 214, 'Active'),
('TP000212', 215, 'Active'),
('TP000213', 216, 'Active'),
('TP000214', 217, 'Active'),
('TP000215', 218, 'Active'),
('TP000216', 219, 'Active'),
('TP000217', 220, 'Active'),
('TP000218', 221, 'Active'),
('TP000219', 222, 'Active'),
('TP000220', 223, 'Active'),
('TP000221', 224, 'Active'),
('TP000222', 225, 'Active'),
('TP000223', 226, 'Active'),
('TP000224', 227, 'Active'),
('TP000225', 228, 'Active'),
('TP000226', 229, 'Active'),
('TP000227', 230, 'Active'),
('TP000228', 231, 'Active'),
('TP000229', 232, 'Active'),
('TP000230', 233, 'Active'),
('TP000231', 234, 'Active'),
('TP000232', 235, 'Active'),
('TP000233', 236, 'Active'),
('TP000234', 237, 'Active'),
('TP000235', 238, 'Active'),
('TP000236', 239, 'Active'),
('TP000237', 240, 'Active'),
('TP000238', 241, 'Active'),
('TP000239', 242, 'Active'),
('TP000240', 243, 'Active'),
('TP000241', 244, 'Active'),
('TP000242', 245, 'Active'),
('TP000243', 246, 'Active'),
('TP000244', 247, 'Active'),
('TP000245', 248, 'Active'),
('TP000246', 249, 'Active'),
('TP000247', 250, 'Active'),
('TP000248', 251, 'Active'),
('TP000249', 252, 'Active'),
('TP000250', 253, 'Active'),
('TP000251', 254, 'Active'),
('TP000252', 255, 'Active'),
('TP000253', 256, 'Active'),
('TP000254', 257, 'Active'),
('TP000255', 258, 'Active'),
('TP000256', 259, 'Active'),
('TP000257', 260, 'Active'),
('TP000258', 261, 'Active'),
('TP000259', 262, 'Active'),
('TP000260', 263, 'Active'),
('TP000261', 264, 'Active'),
('TP000262', 265, 'Active'),
('TP000263', 266, 'Active'),
('TP000264', 267, 'Active'),
('TP000265', 268, 'Active'),
('TP000266', 269, 'Active'),
('TP000267', 270, 'Active'),
('TP000268', 271, 'Active'),
('TP000269', 272, 'Active'),
('TP000270', 273, 'Active'),
('TP000271', 274, 'Active'),
('TP000272', 275, 'Active'),
('TP000273', 276, 'Active'),
('TP000274', 277, 'Active'),
('TP000275', 278, 'Active'),
('TP000276', 279, 'Active'),
('TP000277', 280, 'Active'),
('TP000278', 281, 'Active'),
('TP000279', 282, 'Active'),
('TP000280', 283, 'Active'),
('TP000281', 284, 'Active'),
('TP000282', 285, 'Active'),
('TP000283', 286, 'Active'),
('TP000284', 287, 'Active'),
('TP000285', 288, 'Active'),
('TP000286', 289, 'Active'),
('TP000287', 290, 'Active'),
('TP000288', 291, 'Active'),
('TP000289', 292, 'Active'),
('TP000290', 293, 'Active'),
('TP000291', 294, 'Active'),
('TP000292', 295, 'Active'),
('TP000293', 296, 'Active'),
('TP000294', 297, 'Active'),
('TP000295', 298, 'Active'),
('TP000296', 299, 'Active'),
('TP000297', 300, 'Active'),
('TP000298', 301, 'Active'),
('TP000299', 302, 'Active'),
('TP000300', 303, 'Active'),
('TP000301', 304, 'Active'),
('TP000302', 305, 'Active'),
('TP000303', 306, 'Active'),
('TP000304', 307, 'Active'),
('TP000305', 308, 'Active'),
('TP000306', 309, 'Active'),
('TP000307', 310, 'Active'),
('TP000308', 311, 'Active'),
('TP000309', 312, 'Active'),
('TP000310', 313, 'Active'),
('TP000311', 314, 'Active'),
('TP000312', 315, 'Active'),
('TP000313', 316, 'Active'),
('TP000314', 317, 'Active'),
('TP000315', 318, 'Active'),
('TP000316', 319, 'Active'),
('TP000317', 320, 'Active'),
('TP000318', 321, 'Active'),
('TP000319', 322, 'Active'),
('TP000320', 323, 'Active'),
('TP000321', 324, 'Active'),
('TP000322', 325, 'Active'),
('TP000323', 326, 'Active'),
('TP000324', 327, 'Active'),
('TP000325', 328, 'Active'),
('TP000326', 329, 'Active'),
('TP000327', 330, 'Active'),
('TP000328', 331, 'Active'),
('TP000329', 332, 'Active'),
('TP000330', 333, 'Active'),
('TP000331', 334, 'Active'),
('TP000332', 335, 'Active'),
('TP000333', 336, 'Active'),
('TP000334', 337, 'Active'),
('TP000335', 338, 'Active'),
('TP000336', 339, 'Active'),
('TP000337', 340, 'Active'),
('TP000338', 341, 'Active'),
('TP000339', 342, 'Active'),
('TP000340', 343, 'Active'),
('TP000341', 344, 'Active'),
('TP000342', 345, 'Active'),
('TP000343', 346, 'Active'),
('TP000344', 347, 'Active'),
('TP000345', 348, 'Active'),
('TP000346', 349, 'Active'),
('TP000347', 350, 'Active'),
('TP000348', 351, 'Active'),
('TP000349', 352, 'Active'),
('TP000350', 353, 'Active'),
('TP000351', 354, 'Active'),
('TP000352', 355, 'Active'),
('TP000353', 356, 'Active'),
('TP000354', 357, 'Active'),
('TP000355', 358, 'Active'),
('TP000356', 359, 'Active'),
('TP000357', 360, 'Active'),
('TP000358', 361, 'Active'),
('TP000359', 362, 'Active'),
('TP000360', 363, 'Active'),
('TP000361', 364, 'Active'),
('TP000362', 365, 'Active'),
('TP000363', 366, 'Active'),
('TP000364', 367, 'Active'),
('TP000365', 368, 'Active'),
('TP000366', 369, 'Active'),
('TP000367', 370, 'Active'),
('TP000368', 371, 'Active'),
('TP000369', 372, 'Active'),
('TP000370', 373, 'Active'),
('TP000371', 374, 'Active'),
('TP000372', 375, 'Active'),
('TP000373', 376, 'Active'),
('TP000374', 377, 'Active'),
('TP000375', 378, 'Active'),
('TP000376', 379, 'Active'),
('TP000377', 380, 'Active'),
('TP000378', 381, 'Active'),
('TP000379', 382, 'Active'),
('TP000380', 383, 'Active'),
('TP000381', 384, 'Active'),
('TP000382', 385, 'Active'),
('TP000383', 386, 'Active'),
('TP000384', 387, 'Active'),
('TP000385', 388, 'Active'),
('TP000386', 389, 'Active'),
('TP000387', 390, 'Active'),
('TP000388', 391, 'Active'),
('TP000389', 392, 'Active'),
('TP000390', 393, 'Active'),
('TP000391', 394, 'Active'),
('TP000392', 395, 'Active'),
('TP000393', 396, 'Active'),
('TP000394', 397, 'Active'),
('TP000395', 398, 'Active'),
('TP000396', 399, 'Active'),
('TP000397', 400, 'Active'),
('TP000398', 401, 'Active'),
('TP000399', 402, 'Active'),
('TP000400', 403, 'Active'),
('TP000401', 404, 'Active'),
('TP000402', 405, 'Active'),
('TP000403', 406, 'Active'),
('TP000404', 407, 'Active'),
('TP000405', 408, 'Active'),
('TP000406', 409, 'Active'),
('TP000407', 410, 'Active'),
('TP000408', 411, 'Active'),
('TP000409', 412, 'Active'),
('TP000410', 413, 'Active'),
('TP000411', 414, 'Active'),
('TP000412', 415, 'Active'),
('TP000413', 416, 'Active'),
('TP000414', 417, 'Active'),
('TP000415', 418, 'Active'),
('TP000416', 419, 'Active'),
('TP000417', 420, 'Active'),
('TP000418', 421, 'Active'),
('TP000419', 422, 'Active'),
('TP000420', 423, 'Active'),
('TP000421', 424, 'Active'),
('TP000422', 425, 'Active'),
('TP000423', 426, 'Active'),
('TP000424', 427, 'Active'),
('TP000425', 428, 'Active'),
('TP000426', 429, 'Active'),
('TP000427', 430, 'Active'),
('TP000428', 431, 'Active'),
('TP000429', 432, 'Active'),
('TP000430', 433, 'Active'),
('TP000431', 434, 'Active'),
('TP000432', 435, 'Active'),
('TP000433', 436, 'Active'),
('TP000434', 437, 'Active'),
('TP000435', 438, 'Active'),
('TP000436', 439, 'Active'),
('TP000437', 440, 'Active'),
('TP000438', 441, 'Active'),
('TP000439', 442, 'Active'),
('TP000440', 443, 'Active'),
('TP000441', 444, 'Active'),
('TP000442', 445, 'Active'),
('TP000443', 446, 'Active'),
('TP000444', 447, 'Active'),
('TP000445', 448, 'Active'),
('TP000446', 449, 'Active'),
('TP000447', 450, 'Active'),
('TP000448', 451, 'Active'),
('TP000449', 452, 'Active'),
('TP000450', 453, 'Active'),
('TP000451', 454, 'Active'),
('TP000452', 455, 'Active'),
('TP000453', 456, 'Active'),
('TP000454', 457, 'Active'),
('TP000455', 458, 'Active'),
('TP000456', 459, 'Active'),
('TP000457', 460, 'Active'),
('TP000458', 461, 'Active'),
('TP000459', 462, 'Active'),
('TP000460', 463, 'Active'),
('TP000461', 464, 'Active'),
('TP000462', 465, 'Active'),
('TP000463', 466, 'Active'),
('TP000464', 467, 'Active'),
('TP000465', 468, 'Active'),
('TP000466', 469, 'Active'),
('TP000467', 470, 'Active'),
('TP000468', 471, 'Active'),
('TP000469', 472, 'Active'),
('TP000470', 473, 'Active'),
('TP000471', 474, 'Active'),
('TP000472', 475, 'Active'),
('TP000473', 476, 'Active'),
('TP000474', 477, 'Active'),
('TP000475', 478, 'Active'),
('TP000476', 479, 'Active'),
('TP000477', 480, 'Active'),
('TP000478', 481, 'Active'),
('TP000479', 482, 'Active'),
('TP000480', 483, 'Active'),
('TP000481', 484, 'Active'),
('TP000482', 485, 'Active'),
('TP000483', 486, 'Active'),
('TP000484', 487, 'Active'),
('TP000485', 488, 'Active'),
('TP000486', 489, 'Active'),
('TP000487', 490, 'Active'),
('TP000488', 491, 'Active'),
('TP000489', 492, 'Active'),
('TP000490', 493, 'Active'),
('TP000491', 494, 'Active'),
('TP000492', 495, 'Active'),
('TP000493', 496, 'Active'),
('TP000494', 497, 'Active'),
('TP000495', 498, 'Active'),
('TP000496', 499, 'Active'),
('TP000497', 500, 'Active'),
('TP000498', 501, 'Active'),
('TP000499', 502, 'Active'),
('TP000500', 503, 'Active'),
('TP000501', 504, 'Active'),
('TP000502', 505, 'Active'),
('TP000503', 506, 'Active'),
('TP000504', 507, 'Active'),
('TP000505', 508, 'Active'),
('TP000506', 509, 'Active'),
('TP000507', 510, 'Active'),
('TP000508', 511, 'Active'),
('TP000509', 512, 'Active'),
('TP000510', 513, 'Active'),
('TP000511', 514, 'Active'),
('TP000512', 515, 'Active'),
('TP000513', 516, 'Active'),
('TP000514', 517, 'Active'),
('TP000515', 518, 'Active'),
('TP000516', 519, 'Active'),
('TP000517', 520, 'Active'),
('TP000518', 521, 'Active'),
('TP000519', 522, 'Active'),
('TP000520', 523, 'Active'),
('TP000521', 524, 'Active'),
('TP000522', 525, 'Active'),
('TP000523', 526, 'Active'),
('TP000524', 527, 'Active'),
('TP000525', 528, 'Active'),
('TP000526', 529, 'Active'),
('TP000527', 530, 'Active'),
('TP000528', 531, 'Active'),
('TP000529', 532, 'Active'),
('TP000530', 533, 'Active'),
('TP000531', 534, 'Active'),
('TP000532', 535, 'Active'),
('TP000533', 536, 'Active'),
('TP000534', 537, 'Active'),
('TP000535', 538, 'Active'),
('TP000536', 539, 'Active'),
('TP000537', 540, 'Active'),
('TP000538', 541, 'Active'),
('TP000539', 542, 'Active'),
('TP000540', 543, 'Active'),
('TP000541', 544, 'Active'),
('TP000542', 545, 'Active'),
('TP000543', 546, 'Active'),
('TP000544', 547, 'Active'),
('TP000545', 548, 'Active'),
('TP000546', 549, 'Active'),
('TP000547', 550, 'Active'),
('TP000548', 551, 'Active'),
('TP000549', 552, 'Active'),
('TP000550', 553, 'Active'),
('TP000551', 554, 'Active'),
('TP000552', 555, 'Active'),
('TP000553', 556, 'Active'),
('TP000554', 557, 'Active'),
('TP000555', 558, 'Active'),
('TP000556', 559, 'Active'),
('TP000557', 560, 'Active'),
('TP000558', 561, 'Active'),
('TP000559', 562, 'Active'),
('TP000560', 563, 'Active'),
('TP000561', 564, 'Active'),
('TP000562', 565, 'Active'),
('TP000563', 566, 'Active'),
('TP000564', 567, 'Active'),
('TP000565', 568, 'Active'),
('TP000566', 569, 'Active'),
('TP000567', 570, 'Active'),
('TP000568', 571, 'Active'),
('TP000569', 572, 'Active'),
('TP000570', 573, 'Active'),
('TP000571', 574, 'Active'),
('TP000572', 575, 'Active'),
('TP000573', 576, 'Active'),
('TP000574', 577, 'Active'),
('TP000575', 578, 'Active'),
('TP000576', 579, 'Active'),
('TP000577', 580, 'Active'),
('TP000578', 581, 'Active'),
('TP000579', 582, 'Active'),
('TP000580', 583, 'Active'),
('TP000581', 584, 'Active'),
('TP000582', 585, 'Active'),
('TP000583', 586, 'Active'),
('TP000584', 587, 'Active'),
('TP000585', 588, 'Active'),
('TP000586', 589, 'Active'),
('TP000587', 590, 'Active'),
('TP000588', 591, 'Active'),
('TP000589', 592, 'Active'),
('TP000590', 593, 'Active'),
('TP000591', 594, 'Active'),
('TP000592', 595, 'Active'),
('TP000593', 596, 'Active'),
('TP000594', 597, 'Active'),
('TP000595', 598, 'Active'),
('TP000596', 599, 'Active'),
('TP000597', 600, 'Active'),
('TP000598', 601, 'Active'),
('TP000599', 602, 'Active'),
('TP000600', 603, 'Active'),
('TP000601', 604, 'Active'),
('TP000602', 605, 'Active'),
('TP000603', 606, 'Active'),
('TP000604', 607, 'Active'),
('TP000605', 608, 'Active'),
('TP000606', 609, 'Active'),
('TP000607', 610, 'Active'),
('TP000608', 611, 'Active'),
('TP000609', 612, 'Active'),
('TP000610', 613, 'Active'),
('TP000611', 614, 'Active'),
('TP000612', 615, 'Active'),
('TP000613', 616, 'Active'),
('TP000614', 617, 'Active'),
('TP000615', 618, 'Active'),
('TP000616', 619, 'Active'),
('TP000617', 620, 'Active'),
('TP000618', 621, 'Active'),
('TP000619', 622, 'Active'),
('TP000620', 623, 'Active'),
('TP000621', 624, 'Active'),
('TP000622', 625, 'Active'),
('TP000623', 626, 'Active'),
('TP000624', 627, 'Active'),
('TP000625', 628, 'Active'),
('TP000626', 629, 'Active'),
('TP000627', 630, 'Active'),
('TP000628', 631, 'Active'),
('TP000629', 632, 'Active'),
('TP000630', 633, 'Active'),
('TP000631', 634, 'Active'),
('TP000632', 635, 'Active'),
('TP000633', 636, 'Active'),
('TP000634', 637, 'Active'),
('TP000635', 638, 'Active'),
('TP000636', 639, 'Active'),
('TP000637', 640, 'Active'),
('TP000638', 641, 'Active'),
('TP000639', 642, 'Active'),
('TP000640', 643, 'Active'),
('TP000641', 644, 'Active'),
('TP000642', 645, 'Active'),
('TP000643', 646, 'Active'),
('TP000644', 647, 'Active'),
('TP000645', 648, 'Active'),
('TP000646', 649, 'Active'),
('TP000647', 650, 'Active'),
('TP000648', 651, 'Active'),
('TP000649', 652, 'Active'),
('TP000650', 653, 'Active'),
('TP000651', 654, 'Active'),
('TP000652', 655, 'Active'),
('TP000653', 656, 'Active'),
('TP000654', 657, 'Active'),
('TP000655', 658, 'Active'),
('TP000656', 659, 'Active'),
('TP000657', 660, 'Active'),
('TP000658', 661, 'Active'),
('TP000659', 662, 'Active'),
('TP000660', 663, 'Active'),
('TP000661', 664, 'Active'),
('TP000662', 665, 'Active'),
('TP000663', 666, 'Active'),
('TP000664', 667, 'Active'),
('TP000665', 668, 'Active'),
('TP000666', 669, 'Active'),
('TP000667', 670, 'Active'),
('TP000668', 671, 'Active'),
('TP000669', 672, 'Active'),
('TP000670', 673, 'Active'),
('TP000671', 674, 'Active'),
('TP000672', 675, 'Active'),
('TP000673', 676, 'Active'),
('TP000674', 677, 'Active'),
('TP000675', 678, 'Active'),
('TP000676', 679, 'Active'),
('TP000677', 680, 'Active'),
('TP000678', 681, 'Active'),
('TP000679', 682, 'Active'),
('TP000680', 683, 'Active'),
('TP000681', 684, 'Active'),
('TP000682', 685, 'Active'),
('TP000683', 686, 'Active'),
('TP000684', 687, 'Active'),
('TP000685', 688, 'Active'),
('TP000686', 689, 'Active'),
('TP000687', 690, 'Active'),
('TP000688', 691, 'Active'),
('TP000689', 692, 'Active'),
('TP000690', 693, 'Active'),
('TP000691', 694, 'Active'),
('TP000692', 695, 'Active'),
('TP000693', 696, 'Active'),
('TP000694', 697, 'Active'),
('TP000695', 698, 'Active'),
('TP000696', 699, 'Active'),
('TP000697', 700, 'Active'),
('TP000698', 701, 'Active'),
('TP000699', 702, 'Active'),
('TP000700', 703, 'Active'),
('TP000701', 704, 'Active'),
('TP000702', 705, 'Active'),
('TP000703', 706, 'Active'),
('TP000704', 707, 'Active'),
('TP000705', 708, 'Active'),
('TP000706', 709, 'Active'),
('TP000707', 710, 'Active'),
('TP000708', 711, 'Active'),
('TP000709', 712, 'Active'),
('TP000710', 713, 'Active'),
('TP000711', 714, 'Active'),
('TP000712', 715, 'Active'),
('TP000713', 716, 'Active'),
('TP000714', 717, 'Active'),
('TP000715', 718, 'Active'),
('TP000716', 719, 'Active'),
('TP000717', 720, 'Active'),
('TP000718', 721, 'Active'),
('TP000719', 722, 'Active'),
('TP000720', 723, 'Active'),
('TP000721', 724, 'Active'),
('TP000722', 725, 'Active'),
('TP000723', 726, 'Active'),
('TP000724', 727, 'Active'),
('TP000725', 728, 'Active'),
('TP000726', 729, 'Active'),
('TP000727', 730, 'Active'),
('TP000728', 731, 'Active'),
('TP000729', 732, 'Active'),
('TP000730', 733, 'Active'),
('TP000731', 734, 'Active'),
('TP000732', 735, 'Active'),
('TP000733', 736, 'Active'),
('TP000734', 737, 'Active'),
('TP000735', 738, 'Active'),
('TP000736', 739, 'Active'),
('TP000737', 740, 'Active'),
('TP000738', 741, 'Active'),
('TP000739', 742, 'Active'),
('TP000740', 743, 'Active'),
('TP000741', 744, 'Active'),
('TP000742', 745, 'Active'),
('TP000743', 746, 'Active'),
('TP000744', 747, 'Active'),
('TP000745', 748, 'Active'),
('TP000746', 749, 'Active'),
('TP000747', 750, 'Active'),
('TP000748', 751, 'Active'),
('TP000749', 752, 'Active'),
('TP000750', 753, 'Active'),
('TP000751', 754, 'Active'),
('TP000752', 755, 'Active'),
('TP000753', 756, 'Active'),
('TP000754', 757, 'Active'),
('TP000755', 758, 'Active'),
('TP000756', 759, 'Active'),
('TP000757', 760, 'Active'),
('TP000758', 761, 'Active'),
('TP000759', 762, 'Active'),
('TP000760', 763, 'Active'),
('TP000761', 764, 'Active'),
('TP000762', 765, 'Active'),
('TP000763', 766, 'Active'),
('TP000764', 767, 'Active'),
('TP000765', 768, 'Active'),
('TP000766', 769, 'Active'),
('TP000767', 770, 'Active'),
('TP000768', 771, 'Active'),
('TP000769', 772, 'Active'),
('TP000770', 773, 'Active'),
('TP000771', 774, 'Active'),
('TP000772', 775, 'Active'),
('TP000773', 776, 'Active'),
('TP000774', 777, 'Active'),
('TP000775', 778, 'Active'),
('TP000776', 779, 'Active'),
('TP000777', 780, 'Active'),
('TP000778', 781, 'Active'),
('TP000779', 782, 'Active'),
('TP000780', 783, 'Active'),
('TP000781', 784, 'Active'),
('TP000782', 785, 'Active'),
('TP000783', 786, 'Active'),
('TP000784', 787, 'Active'),
('TP000785', 788, 'Active'),
('TP000786', 789, 'Active'),
('TP000787', 790, 'Active'),
('TP000788', 791, 'Active'),
('TP000789', 792, 'Active'),
('TP000790', 793, 'Active'),
('TP000791', 794, 'Active'),
('TP000792', 795, 'Active'),
('TP000793', 796, 'Active'),
('TP000794', 797, 'Active'),
('TP000795', 798, 'Active'),
('TP000796', 799, 'Active'),
('TP000797', 800, 'Active'),
('TP000798', 801, 'Active'),
('TP000799', 802, 'Active'),
('TP000800', 803, 'Active'),
('TP000801', 804, 'Active'),
('TP000802', 805, 'Active'),
('TP000803', 806, 'Active'),
('TP000804', 807, 'Active'),
('TP000805', 808, 'Active'),
('TP000806', 809, 'Active'),
('TP000807', 810, 'Active'),
('TP000808', 811, 'Active'),
('TP000809', 812, 'Active'),
('TP000810', 813, 'Active'),
('TP000811', 814, 'Active'),
('TP000812', 815, 'Active'),
('TP000813', 816, 'Active'),
('TP000814', 817, 'Active'),
('TP000815', 818, 'Active'),
('TP000816', 819, 'Active'),
('TP000817', 820, 'Active'),
('TP000818', 821, 'Active'),
('TP000819', 822, 'Active'),
('TP000820', 823, 'Active'),
('TP000821', 824, 'Active'),
('TP000822', 825, 'Active'),
('TP000823', 826, 'Active'),
('TP000824', 827, 'Active'),
('TP000825', 828, 'Active'),
('TP000826', 829, 'Active'),
('TP000827', 830, 'Active'),
('TP000828', 831, 'Active'),
('TP000829', 832, 'Active'),
('TP000830', 833, 'Active'),
('TP000831', 834, 'Active'),
('TP000832', 835, 'Active'),
('TP000833', 836, 'Active'),
('TP000834', 837, 'Active'),
('TP000835', 838, 'Active'),
('TP000836', 839, 'Active'),
('TP000837', 840, 'Active'),
('TP000838', 841, 'Active'),
('TP000839', 842, 'Active'),
('TP000840', 843, 'Active'),
('TP000841', 844, 'Active'),
('TP000842', 845, 'Active'),
('TP000843', 846, 'Active'),
('TP000844', 847, 'Active'),
('TP000845', 848, 'Active'),
('TP000846', 849, 'Active'),
('TP000847', 850, 'Active'),
('TP000848', 851, 'Active'),
('TP000849', 852, 'Active'),
('TP000850', 853, 'Active'),
('TP000851', 854, 'Active'),
('TP000852', 855, 'Active'),
('TP000853', 856, 'Active'),
('TP000854', 857, 'Active'),
('TP000855', 858, 'Active'),
('TP000856', 859, 'Active'),
('TP000857', 860, 'Active'),
('TP000858', 861, 'Active'),
('TP000859', 862, 'Active'),
('TP000860', 863, 'Active'),
('TP000861', 864, 'Active'),
('TP000862', 865, 'Active'),
('TP000863', 866, 'Active'),
('TP000864', 867, 'Active'),
('TP000865', 868, 'Active'),
('TP000866', 869, 'Active'),
('TP000867', 870, 'Active'),
('TP000868', 871, 'Active'),
('TP000869', 872, 'Active'),
('TP000870', 873, 'Active'),
('TP000871', 874, 'Active'),
('TP000872', 875, 'Active'),
('TP000873', 876, 'Active'),
('TP000874', 877, 'Active'),
('TP000875', 878, 'Active'),
('TP000876', 879, 'Active'),
('TP000877', 880, 'Active'),
('TP000878', 881, 'Active'),
('TP000879', 882, 'Active'),
('TP000880', 883, 'Active'),
('TP000881', 884, 'Active'),
('TP000882', 885, 'Active'),
('TP000883', 886, 'Active'),
('TP000884', 887, 'Active'),
('TP000885', 888, 'Active'),
('TP000886', 889, 'Active'),
('TP000887', 890, 'Active'),
('TP000888', 891, 'Active'),
('TP000889', 892, 'Active'),
('TP000890', 893, 'Active'),
('TP000891', 894, 'Active'),
('TP000892', 895, 'Active'),
('TP000893', 896, 'Active'),
('TP000894', 897, 'Active'),
('TP000895', 898, 'Active'),
('TP000896', 899, 'Active'),
('TP000897', 900, 'Active'),
('TP000898', 901, 'Active'),
('TP000899', 902, 'Active'),
('TP000900', 903, 'Active'),
('TP000901', 904, 'Active'),
('TP000902', 905, 'Active'),
('TP000903', 906, 'Active'),
('TP000904', 907, 'Active'),
('TP000905', 908, 'Active'),
('TP000906', 909, 'Active'),
('TP000907', 910, 'Active'),
('TP000908', 911, 'Active'),
('TP000909', 912, 'Active'),
('TP000910', 913, 'Active'),
('TP000911', 914, 'Active'),
('TP000912', 915, 'Active'),
('TP000913', 916, 'Active'),
('TP000914', 917, 'Active'),
('TP000915', 918, 'Active'),
('TP000916', 919, 'Active'),
('TP000917', 920, 'Active'),
('TP000918', 921, 'Active'),
('TP000919', 922, 'Active'),
('TP000920', 923, 'Active'),
('TP000921', 924, 'Active'),
('TP000922', 925, 'Active'),
('TP000923', 926, 'Active'),
('TP000924', 927, 'Active'),
('TP000925', 928, 'Active'),
('TP000926', 929, 'Active'),
('TP000927', 930, 'Active'),
('TP000928', 931, 'Active'),
('TP000929', 932, 'Active'),
('TP000930', 933, 'Active'),
('TP000931', 934, 'Active'),
('TP000932', 935, 'Active'),
('TP000933', 936, 'Active'),
('TP000934', 937, 'Active'),
('TP000935', 938, 'Active'),
('TP000936', 939, 'Active'),
('TP000937', 940, 'Active'),
('TP000938', 941, 'Active'),
('TP000939', 942, 'Active'),
('TP000940', 943, 'Active'),
('TP000941', 944, 'Active'),
('TP000942', 945, 'Active'),
('TP000943', 946, 'Active'),
('TP000944', 947, 'Active'),
('TP000945', 948, 'Active'),
('TP000946', 949, 'Active'),
('TP000947', 950, 'Active'),
('TP000948', 951, 'Active'),
('TP000949', 952, 'Active'),
('TP000950', 953, 'Active'),
('TP000951', 954, 'Active'),
('TP000952', 955, 'Active'),
('TP000953', 956, 'Active'),
('TP000954', 957, 'Active'),
('TP000955', 958, 'Active'),
('TP000956', 959, 'Active'),
('TP000957', 960, 'Active'),
('TP000958', 961, 'Active'),
('TP000959', 962, 'Active'),
('TP000960', 963, 'Active'),
('TP000961', 964, 'Active'),
('TP000962', 965, 'Active'),
('TP000963', 966, 'Active'),
('TP000964', 967, 'Active'),
('TP000965', 968, 'Active'),
('TP000966', 969, 'Active'),
('TP000967', 970, 'Active'),
('TP000968', 971, 'Active'),
('TP000969', 972, 'Active'),
('TP000970', 973, 'Active'),
('TP000971', 974, 'Active'),
('TP000972', 975, 'Active'),
('TP000973', 976, 'Active'),
('TP000974', 977, 'Active'),
('TP000975', 978, 'Active'),
('TP000976', 979, 'Active'),
('TP000977', 980, 'Active'),
('TP000978', 981, 'Active'),
('TP000979', 982, 'Active'),
('TP000980', 983, 'Active'),
('TP000981', 984, 'Active'),
('TP000982', 985, 'Active'),
('TP000983', 986, 'Active'),
('TP000984', 987, 'Active'),
('TP000985', 988, 'Active'),
('TP000986', 989, 'Active'),
('TP000987', 990, 'Active'),
('TP000988', 991, 'Active'),
('TP000989', 992, 'Active'),
('TP000990', 993, 'Active'),
('TP000991', 994, 'Active'),
('TP000992', 995, 'Active'),
('TP000993', 996, 'Active'),
('TP000994', 997, 'Active'),
('TP000995', 998, 'Active'),
('TP000996', 999, 'Active'),
('TP000997', 1000, 'Active'),
('TP000998', 1001, 'Active'),
('TP000999', 1002, 'Active'),
('TP001000', 1003, 'Active'),
('TP001001', 1004, 'Active'),
('TP001002', 1005, 'Active'),
('TP001003', 1006, 'Active'),
('TP001004', 1007, 'Active'),
('TP001005', 1008, 'Active'),
('TP001006', 1009, 'Active'),
('TP001007', 1010, 'Active'),
('TP001008', 1011, 'Active'),
('TP001009', 1012, 'Active'),
('TP001010', 1013, 'Active');

--
-- Triggers `student`
--
DROP TRIGGER IF EXISTS `before_student_insert`;
DELIMITER $$
CREATE TRIGGER `before_student_insert` BEFORE INSERT ON `student` FOR EACH ROW BEGIN
    DECLARE next_num INT;
    SELECT COALESCE(MAX(CAST(SUBSTRING(student_id, 3) AS UNSIGNED)), 0) + 1
    INTO next_num
    FROM student;

    SET NEW.student_id = CONCAT('TP', LPAD(next_num, 6, '0'));
END
$$
DELIMITER ;

-- --------------------------------------------------------

--
-- Table structure for table `student_intake`
--

DROP TABLE IF EXISTS `student_intake`;
CREATE TABLE IF NOT EXISTS `student_intake` (
  `student_intake_id` int NOT NULL AUTO_INCREMENT,
  `student_id` varchar(10) CHARACTER SET utf8mb4 COLLATE utf8mb4_unicode_ci NOT NULL,
  `intake_id` varchar(20) CHARACTER SET utf8mb4 COLLATE utf8mb4_unicode_ci NOT NULL,
  PRIMARY KEY (`student_intake_id`),
  KEY `student_id` (`student_id`),
  KEY `intake_id` (`intake_id`)
) ENGINE=InnoDB AUTO_INCREMENT=925 DEFAULT CHARSET=utf8mb4 COLLATE=utf8mb4_unicode_ci;

--
-- Dumping data for table `student_intake`
--

INSERT INTO `student_intake` (`student_intake_id`, `student_id`, `intake_id`) VALUES
(1, 'TP000001', 'UCDF2606ICT'),
(2, 'TP000002', 'UCDF2606ICT'),
(3, 'TP000003', 'UCDF2606ICT'),
(4, 'TP000004', 'UCDF2606ICT'),
(5, 'TP000005', 'UCDF2606ICT'),
(6, 'TP000006', 'UCDF2606ICT'),
(7, 'TP000007', 'UCDF2606ICT'),
(8, 'TP000008', 'UCDF2606ICT'),
(9, 'TP000009', 'UCDF2606ICT'),
(10, 'TP000010', 'UCDF2606ICT'),
(11, 'TP000011', 'UCDF2606ICT'),
(12, 'TP000012', 'UCDF2606ICT'),
(13, 'TP000013', 'UCDF2606ICT'),
(14, 'TP000014', 'UCDF2606ICT'),
(15, 'TP000015', 'UCDF2606ICT'),
(16, 'TP000016', 'UCDF2606ICT'),
(17, 'TP000017', 'UCDF2606ICT'),
(18, 'TP000018', 'UCDF2606ICT'),
(19, 'TP000019', 'UCDF2606ICT'),
(20, 'TP000020', 'UCDF2606ICT'),
(21, 'TP000021', 'UCDF2606ICT'),
(22, 'TP000022', 'UCDF2606ICT'),
(23, 'TP000023', 'UCDF2606ICT'),
(24, 'TP000024', 'UCDF2606ICT'),
(25, 'TP000025', 'UCDF2606ICT'),
(26, 'TP000026', 'UCDF2606ICT'),
(27, 'TP000027', 'UCDF2606ICT'),
(28, 'TP000028', 'UCDF2606ICT'),
(29, 'TP000029', 'UCDF2606ICT'),
(30, 'TP000030', 'UCDF2606ICT'),
(31, 'TP000031', 'UCDF2606ICT'),
(32, 'TP000032', 'UCDF2606ICT'),
(33, 'TP000033', 'UCDF2606ICT'),
(34, 'TP000034', 'UCDF2606ICT'),
(35, 'TP000035', 'UCDF2606ICT'),
(36, 'TP000036', 'UCDF2606ICT'),
(37, 'TP000037', 'UCDF2606ICT'),
(38, 'TP000038', 'UCDF2606ICT'),
(39, 'TP000039', 'UCDF2606ICT'),
(40, 'TP000040', 'UCDF2606ICT'),
(41, 'TP000041', 'UCDF2606ICT'),
(42, 'TP000042', 'UCDF2606ICT'),
(43, 'TP000043', 'UCDF2606ICT'),
(44, 'TP000044', 'UCDF2606ICT'),
(45, 'TP000045', 'UCDF2606ICT'),
(46, 'TP000046', 'UCDF2606ICT'),
(47, 'TP000047', 'UCDF2606ICT'),
(48, 'TP000048', 'UCDF2606ICT'),
(49, 'TP000049', 'UCDF2606ICT'),
(50, 'TP000050', 'UCDF2606ICT'),
(51, 'TP000051', 'UCDF2606ICT'),
(52, 'TP000052', 'UCDF2606ICT'),
(53, 'TP000053', 'UCDF2606ICT'),
(54, 'TP000054', 'UCDF2606ICT'),
(55, 'TP000055', 'UCDF2606ICT'),
(56, 'TP000056', 'UCDF2606ICT'),
(57, 'TP000057', 'UCDF2606ICT'),
(58, 'TP000058', 'UCDF2606ICT'),
(59, 'TP000059', 'UCDF2606ICT'),
(60, 'TP000060', 'UCDF2606ICT'),
(61, 'TP000061', 'UCDF2606ICT'),
(62, 'TP000062', 'UCDF2606ICT'),
(63, 'TP000063', 'UCDF2606ICT'),
(64, 'TP000064', 'UCDF2606ICT'),
(65, 'TP000065', 'UCDF2606ICT'),
(66, 'TP000066', 'UCDF2606ICT'),
(67, 'TP000067', 'UCDF2606ICT'),
(68, 'TP000068', 'UCDF2606ICT'),
(69, 'TP000069', 'UCDF2606ICT'),
(70, 'TP000070', 'UCDF2606ICT'),
(71, 'TP000071', 'UCDF2606ICT'),
(72, 'TP000072', 'UCDF2606ICT'),
(73, 'TP000073', 'UCDF2606ICT'),
(74, 'TP000074', 'UCDF2606ICT'),
(75, 'TP000075', 'UCDF2606ICT'),
(76, 'TP000076', 'UCDF2606ICT'),
(77, 'TP000077', 'UCDF2606ICT'),
(78, 'TP000078', 'UCDF2606ICT'),
(79, 'TP000079', 'UCDF2606ICT'),
(80, 'TP000080', 'UCDF2606ICT'),
(81, 'TP000081', 'UCDF2606ICT'),
(82, 'TP000082', 'UCDF2606ICT'),
(83, 'TP000083', 'UCDF2606ICT'),
(84, 'TP000084', 'UCDF2606ICT'),
(85, 'TP000085', 'UCDF2606ICT'),
(86, 'TP000086', 'UCDF2606ICT'),
(87, 'TP000087', 'UCDF2606ICT'),
(88, 'TP000088', 'UCDF2606ICT'),
(89, 'TP000089', 'UCDF2606ICT'),
(90, 'TP000090', 'UCDF2606ICT'),
(91, 'TP000091', 'UCDF2606ICT'),
(92, 'TP000092', 'UCDF2606ICT'),
(93, 'TP000093', 'UCDF2606ICT'),
(94, 'TP000094', 'UCDF2606ICT'),
(95, 'TP000095', 'UCDF2606ICT'),
(96, 'TP000096', 'UCDF2606ICT'),
(97, 'TP000097', 'UCDF2606ICT'),
(98, 'TP000098', 'UCDF2606ICT'),
(99, 'TP000099', 'UCDF2606ICT'),
(100, 'TP000100', 'UCDF2606ICT'),
(101, 'TP000101', 'UCDF2606ICT'),
(102, 'TP000102', 'UCDF2606ICT'),
(103, 'TP000103', 'UCDF2606ICT'),
(104, 'TP000104', 'UCDF2606ICT'),
(105, 'TP000105', 'UCDF2606ICT'),
(106, 'TP000106', 'UCDF2606ICT'),
(107, 'TP000107', 'UCDF2606ICT'),
(108, 'TP000108', 'UCDF2606ICT'),
(109, 'TP000109', 'UCDF2606ICT'),
(110, 'TP000110', 'UCDF2606ICT'),
(111, 'TP000111', 'UCDF2606ICT'),
(112, 'TP000112', 'UCDF2606ICT'),
(113, 'TP000113', 'UCDF2606ICT'),
(114, 'TP000114', 'UCDF2606ICT'),
(115, 'TP000115', 'UCDF2606ICT'),
(116, 'TP000116', 'UCDF2606ICT'),
(117, 'TP000117', 'UCDF2606ICT'),
(118, 'TP000118', 'UCDF2606ICT'),
(119, 'TP000119', 'UCDF2606ICT'),
(120, 'TP000120', 'UCDF2606ICT'),
(121, 'TP000121', 'UCDF2606ICT'),
(122, 'TP000122', 'UCDF2606ICT'),
(123, 'TP000123', 'UCDF2606ICT'),
(124, 'TP000124', 'UCDF2606ICT'),
(125, 'TP000125', 'UCDF2606ICT'),
(126, 'TP000126', 'UCDF2606ICT'),
(127, 'TP000127', 'UCDF2606ICT'),
(128, 'TP000128', 'UCDF2606ICT'),
(129, 'TP000129', 'UCDF2606ICT'),
(130, 'TP000130', 'UCDF2606ICT'),
(131, 'TP000131', 'UCDF2606ICT'),
(132, 'TP000132', 'UCDF2606ICT'),
(133, 'TP000133', 'UCDF2606ICT'),
(134, 'TP000134', 'UCDF2606ICT'),
(135, 'TP000135', 'UCDF2606ICT'),
(136, 'TP000136', 'UCDF2606ICT'),
(137, 'TP000137', 'UCDF2606ICT'),
(138, 'TP000138', 'UCDF2606ICT'),
(139, 'TP000139', 'UCDF2606ICT'),
(140, 'TP000140', 'UCDF2606ICT'),
(141, 'TP000141', 'UCDF2606ICT'),
(142, 'TP000142', 'UCDF2606ICT'),
(143, 'TP000143', 'UCDF2606ICT'),
(144, 'TP000144', 'UCDF2606ICT'),
(145, 'TP000145', 'UCDF2606ICT'),
(146, 'TP000146', 'UCDF2606ICT'),
(147, 'TP000147', 'UCDF2606ICT'),
(148, 'TP000148', 'UCDF2606ICT'),
(149, 'TP000149', 'UCDF2606ICT'),
(150, 'TP000150', 'UCDF2606ICT'),
(151, 'TP000151', 'UCDF2606ICT'),
(152, 'TP000152', 'UCDF2606ICT'),
(153, 'TP000153', 'UCDF2606ICT'),
(154, 'TP000154', 'UCDF2606ICT'),
(155, 'TP000155', 'UCDF2606ICT'),
(156, 'TP000156', 'UCDF2606ICT'),
(157, 'TP000157', 'UCDF2606ICT'),
(158, 'TP000158', 'UCDF2606ICT'),
(159, 'TP000159', 'UCDF2606ICT'),
(160, 'TP000160', 'UCDF2606ICT'),
(161, 'TP000161', 'UCDF2606ICT'),
(162, 'TP000162', 'UCDF2606ICT'),
(163, 'TP000163', 'UCDF2606ICT'),
(164, 'TP000164', 'UCDF2606ICT'),
(165, 'TP000165', 'UCDF2606ICT'),
(166, 'TP000166', 'UCDF2606ICT'),
(167, 'TP000167', 'UCDF2606ICT'),
(168, 'TP000168', 'UCDF2606ICT'),
(169, 'TP000169', 'UCDF2606ICT'),
(170, 'TP000170', 'UCDF2606ICT'),
(171, 'TP000171', 'UCDF2606ICT'),
(172, 'TP000172', 'UCDF2606ICT'),
(173, 'TP000173', 'UCDF2606ICT'),
(174, 'TP000174', 'UCDF2606ICT'),
(175, 'TP000175', 'UCDF2606ICT'),
(176, 'TP000176', 'UCDF2606ICT'),
(177, 'TP000177', 'UCDF2606ICT'),
(178, 'TP000178', 'UCDF2606ICT'),
(179, 'TP000179', 'UCDF2606ICT'),
(180, 'TP000180', 'UCDF2606ICT'),
(181, 'TP000181', 'UCDF2606ICT'),
(182, 'TP000182', 'UCDF2606ICT'),
(183, 'TP000183', 'UCDF2606ICT'),
(184, 'TP000184', 'UCDF2606ICT'),
(185, 'TP000185', 'UCDF2606ICT'),
(186, 'TP000186', 'UCDF2606ICT'),
(187, 'TP000187', 'UCDF2606ICT'),
(188, 'TP000188', 'UCDF2606ICT'),
(189, 'TP000189', 'UCDF2606ICT'),
(190, 'TP000190', 'UCDF2606ICT'),
(191, 'TP000191', 'UCDF2606ICT'),
(192, 'TP000192', 'UCDF2606ICT'),
(193, 'TP000193', 'UCDF2606ICT'),
(194, 'TP000194', 'UCDF2606ICT'),
(195, 'TP000195', 'UCDF2606ICT'),
(196, 'TP000196', 'UCDF2606ICT'),
(197, 'TP000197', 'UCDF2606ICT'),
(198, 'TP000198', 'UCDF2606ICT'),
(199, 'TP000199', 'UCDF2606ICT'),
(200, 'TP000200', 'UCDF2606ICT'),
(201, 'TP000201', 'UCDF2606ICT'),
(202, 'TP000202', 'UCDF2606ICT'),
(203, 'TP000203', 'UCDF2606ICT'),
(204, 'TP000204', 'UCDF2606ICT'),
(205, 'TP000205', 'UCDF2606ICT'),
(206, 'TP000206', 'UCDF2606ICT'),
(207, 'TP000207', 'UCDF2606ICT'),
(208, 'TP000208', 'UCDF2606ICT'),
(209, 'TP000209', 'UCDF2606ICT'),
(210, 'TP000210', 'UCDF2606ICT'),
(211, 'TP000211', 'UCDF2606ICT'),
(212, 'TP000212', 'UCDF2606ICT'),
(213, 'TP000213', 'UCDF2606ICT'),
(214, 'TP000214', 'UCDF2606ICT(SE)'),
(215, 'TP000215', 'UCDF2606ICT(SE)'),
(216, 'TP000216', 'UCDF2606ICT(SE)'),
(217, 'TP000217', 'UCDF2606ICT(SE)'),
(218, 'TP000218', 'UCDF2606ICT(SE)'),
(219, 'TP000219', 'UCDF2606ICT(SE)'),
(220, 'TP000220', 'UCDF2606ICT(SE)'),
(221, 'TP000221', 'UCDF2606ICT(SE)'),
(222, 'TP000222', 'UCDF2606ICT(SE)'),
(223, 'TP000223', 'UCDF2606ICT(SE)'),
(224, 'TP000224', 'UCDF2606ICT(SE)'),
(225, 'TP000225', 'UCDF2606ICT(SE)'),
(226, 'TP000226', 'UCDF2606ICT(SE)'),
(227, 'TP000227', 'UCDF2606ICT(SE)'),
(228, 'TP000228', 'UCDF2606ICT(SE)'),
(229, 'TP000229', 'UCDF2606ICT(SE)'),
(230, 'TP000230', 'UCDF2606ICT(SE)'),
(231, 'TP000231', 'UCDF2606ICT(SE)'),
(232, 'TP000232', 'UCDF2606ICT(SE)'),
(233, 'TP000233', 'UCDF2606ICT(SE)'),
(234, 'TP000234', 'UCDF2606ICT(SE)'),
(235, 'TP000235', 'UCDF2606ICT(SE)'),
(236, 'TP000236', 'UCDF2606ICT(SE)'),
(237, 'TP000237', 'UCDF2606ICT(SE)'),
(238, 'TP000238', 'UCDF2606ICT(SE)'),
(239, 'TP000239', 'UCDF2606ICT(SE)'),
(240, 'TP000240', 'UCDF2606ICT(SE)'),
(241, 'TP000241', 'UCDF2606ICT(SE)'),
(242, 'TP000242', 'UCDF2606ICT(SE)'),
(243, 'TP000243', 'UCDF2606ICT(SE)'),
(244, 'TP000244', 'UCDF2606ICT(SE)'),
(245, 'TP000245', 'UCDF2606ICT(SE)'),
(246, 'TP000246', 'UCDF2606ICT(SE)'),
(247, 'TP000247', 'UCDF2606ICT(SE)'),
(248, 'TP000248', 'UCDF2606ICT(SE)'),
(249, 'TP000249', 'UCDF2606ICT(SE)'),
(250, 'TP000250', 'UCDF2606ICT(SE)'),
(251, 'TP000251', 'UCDF2606ICT(SE)'),
(252, 'TP000252', 'UCDF2606ICT(SE)'),
(253, 'TP000253', 'UCDF2606ICT(SE)'),
(254, 'TP000254', 'UCDF2606ICT(SE)'),
(255, 'TP000255', 'UCDF2606ICT(SE)'),
(256, 'TP000256', 'UCDF2606ICT(SE)'),
(257, 'TP000257', 'UCDF2606ICT(SE)'),
(258, 'TP000258', 'UCDF2606ICT(SE)'),
(259, 'TP000259', 'UCDF2606ICT(SE)'),
(260, 'TP000260', 'UCDF2606ICT(SE)'),
(261, 'TP000261', 'UCDF2606ICT(SE)'),
(262, 'TP000262', 'UCDF2606ICT(SE)'),
(263, 'TP000263', 'UCDF2606ICT(SE)'),
(264, 'TP000264', 'UCDF2606ICT(SE)'),
(265, 'TP000265', 'UCDF2606ICT(SE)'),
(266, 'TP000266', 'UCDF2606ICT(SE)'),
(267, 'TP000267', 'UCDF2606ICT(SE)'),
(268, 'TP000268', 'UCDF2606ICT(SE)'),
(269, 'TP000269', 'UCDF2606ICT(SE)'),
(270, 'TP000270', 'UCDF2606ICT(SE)'),
(271, 'TP000271', 'UCDF2606ICT(SE)'),
(272, 'TP000272', 'UCDF2606ICT(SE)'),
(273, 'TP000273', 'UCDF2606ICT(SE)'),
(274, 'TP000274', 'UCDF2606ICT(SE)'),
(275, 'TP000275', 'UCDF2606ICT(SE)'),
(276, 'TP000276', 'UCDF2606ICT(SE)'),
(277, 'TP000277', 'UCDF2606ICT(SE)'),
(278, 'TP000278', 'UCDF2606ICT(SE)'),
(279, 'TP000279', 'UCDF2606ICT(SE)'),
(280, 'TP000280', 'UCDF2606ICT(SE)'),
(281, 'TP000281', 'UCDF2606ICT(SE)'),
(282, 'TP000282', 'UCDF2606ICT(SE)'),
(283, 'TP000283', 'UCDF2606ICT(SE)'),
(284, 'TP000284', 'UCDF2606ICT(SE)'),
(285, 'TP000285', 'UCDF2606ICT(SE)'),
(286, 'TP000286', 'UCDF2606ICT(SE)'),
(287, 'TP000287', 'UCDF2606ICT(SE)'),
(288, 'TP000288', 'UCDF2606ICT(SE)'),
(289, 'TP000289', 'UCDF2606ICT(SE)'),
(290, 'TP000290', 'UCDF2606ICT(SE)'),
(291, 'TP000291', 'UCDF2606ICT(SE)'),
(292, 'TP000292', 'UCDF2606ICT(SE)'),
(293, 'TP000293', 'UCDF2606ICT(SE)'),
(294, 'TP000294', 'UCDF2606ICT(SE)'),
(295, 'TP000295', 'UCDF2606ICT(SE)'),
(296, 'TP000296', 'UCDF2606ICT(SE)'),
(297, 'TP000297', 'UCDF2606ICT(SE)'),
(298, 'TP000298', 'UCDF2606ICT(SE)'),
(299, 'TP000299', 'UCDF2606ICT(SE)'),
(300, 'TP000300', 'UCDF2606ICT(SE)'),
(301, 'TP000301', 'UCDF2606ICT(SE)'),
(302, 'TP000302', 'UCDF2606ICT(SE)'),
(303, 'TP000303', 'UCDF2606ICT(SE)'),
(304, 'TP000304', 'UCDF2606ICT(SE)'),
(305, 'TP000305', 'UCDF2606ICT(SE)'),
(306, 'TP000306', 'UCDF2606ICT(SE)'),
(307, 'TP000307', 'UCDF2606ICT(SE)'),
(308, 'TP000308', 'UCDF2606ICT(SE)'),
(309, 'TP000309', 'UCDF2606ICT(SE)'),
(310, 'TP000310', 'UCDF2606ICT(SE)'),
(311, 'TP000311', 'UCDF2606ICT(SE)'),
(312, 'TP000312', 'UCDF2606ICT(SE)'),
(313, 'TP000313', 'UCDF2606ICT(SE)'),
(314, 'TP000314', 'UCDF2606ICT(SE)'),
(315, 'TP000315', 'UCDF2606ICT(SE)'),
(316, 'TP000316', 'UCDF2606ICT(SE)'),
(317, 'TP000317', 'UCDF2606ICT(SE)'),
(318, 'TP000318', 'UCDF2606ICT(SE)'),
(319, 'TP000319', 'UCDF2606ICT(SE)'),
(320, 'TP000320', 'UCDF2606ICT(SE)'),
(321, 'TP000321', 'UCDF2606ICT(SE)'),
(322, 'TP000322', 'UCDF2606ICT(SE)'),
(323, 'TP000323', 'UCDF2606ICT(SE)'),
(324, 'TP000324', 'UCDF2606ICT(SE)'),
(325, 'TP000325', 'UCDF2606ICT(SE)'),
(326, 'TP000326', 'UCDF2606ICT(SE)'),
(327, 'TP000327', 'UCDF2606ICT(SE)'),
(328, 'TP000328', 'UCDF2606ICT(SE)'),
(329, 'TP000329', 'UCDF2606ICT(SE)'),
(330, 'TP000330', 'UCDF2606ICT(SE)'),
(331, 'TP000331', 'UCDF2606ICT(SE)'),
(332, 'TP000332', 'UCDF2606ICT(SE)'),
(333, 'TP000333', 'UCDF2606ICT(SE)'),
(334, 'TP000334', 'UCDF2606ICT(SE)'),
(335, 'TP000335', 'UCDF2606ICT(SE)'),
(336, 'TP000336', 'UCDF2606ICT(SE)'),
(337, 'TP000337', 'UCDF2606ICT(SE)'),
(338, 'TP000338', 'UCDF2606ICT(SE)'),
(339, 'TP000339', 'UCDF2606ICT(SE)'),
(340, 'TP000340', 'UCDF2606ICT(SE)'),
(341, 'TP000341', 'UCDF2606ICT(SE)'),
(342, 'TP000342', 'UCDF2606ICT(SE)'),
(343, 'TP000343', 'UCDF2606ICT(SE)'),
(344, 'TP000344', 'UCDF2606ICT(SE)'),
(345, 'TP000345', 'UCDF2606ICT(SE)'),
(346, 'TP000346', 'UCDF2606ICT(SE)'),
(347, 'TP000347', 'UCDF2606ICT(SE)'),
(348, 'TP000348', 'UCDF2606ICT(SE)'),
(349, 'TP000349', 'UCDF2606ICT(SE)'),
(350, 'TP000350', 'UCDF2606ICT(SE)'),
(351, 'TP000351', 'UCDF2606ICT(SE)'),
(352, 'TP000352', 'UCDF2606ICT(SE)'),
(353, 'TP000353', 'UCDF2606ICT(SE)'),
(354, 'TP000354', 'UCDF2606ICT(SE)'),
(355, 'TP000355', 'UCDF2606ICT(SE)'),
(356, 'TP000356', 'UCDF2606ICT(SE)'),
(357, 'TP000357', 'UCDF2606ICT(SE)'),
(358, 'TP000358', 'UCDF2606ICT(SE)'),
(359, 'TP000359', 'UCDF2606ICT(SE)'),
(360, 'TP000360', 'UCDF2606ICT(SE)'),
(361, 'TP000361', 'UCDF2606ICT(SE)'),
(362, 'TP000362', 'UCDF2606ICT(SE)'),
(363, 'TP000363', 'UCDF2606ICT(SE)'),
(364, 'TP000364', 'UCDF2606ICT(SE)'),
(365, 'TP000365', 'UCDF2606ICT(SE)'),
(366, 'TP000366', 'UCDF2606ICT(SE)'),
(367, 'TP000367', 'UCDF2606ICT(SE)'),
(368, 'TP000368', 'UCDF2606ICT(SE)'),
(369, 'TP000369', 'UCDF2606ICT(SE)'),
(370, 'TP000370', 'UCDF2606ICT(SE)'),
(371, 'TP000371', 'UCDF2606ICT(SE)'),
(372, 'TP000372', 'UCDF2606ICT(SE)'),
(373, 'TP000373', 'UCDF2606ICT(SE)'),
(374, 'TP000374', 'UCDF2606ICT(SE)'),
(375, 'TP000375', 'UCDF2606ICT(SE)'),
(376, 'TP000376', 'UCDF2606ICT(SE)'),
(377, 'TP000377', 'UCDF2606ICT(SE)'),
(378, 'TP000378', 'UCDF2606ICT(SE)'),
(379, 'TP000379', 'UCDF2606ICT(SE)'),
(380, 'TP000380', 'UCDF2606ICT(SE)'),
(381, 'TP000381', 'UCDF2606ICT(SE)'),
(382, 'TP000382', 'UCDF2606ICT(SE)'),
(383, 'TP000383', 'UCDF2606ICT(SE)'),
(384, 'TP000384', 'UCDF2606ICT(SE)'),
(385, 'TP000385', 'UCDF2606ICT(SE)'),
(386, 'TP000386', 'UCDF2606ICT(SE)'),
(387, 'TP000387', 'UCDF2606ICT(SE)'),
(388, 'TP000388', 'UCDF2606ICT(SE)'),
(389, 'TP000389', 'UCDF2606ICT(DI)'),
(390, 'TP000390', 'UCDF2606ICT(DI)'),
(391, 'TP000391', 'UCDF2606ICT(DI)'),
(392, 'TP000392', 'UCDF2606ICT(DI)'),
(393, 'TP000393', 'UCDF2606ICT(DI)'),
(394, 'TP000394', 'UCDF2606ICT(DI)'),
(395, 'TP000395', 'UCDF2606ICT(DI)'),
(396, 'TP000396', 'UCDF2606ICT(DI)'),
(397, 'TP000397', 'UCDF2606ICT(DI)'),
(398, 'TP000398', 'UCDF2606ICT(DI)'),
(399, 'TP000399', 'UCDF2606ICT(DI)'),
(400, 'TP000400', 'UCDF2606ICT(DI)'),
(401, 'TP000401', 'UCDF2606ICT(DI)'),
(402, 'TP000402', 'UCDF2606ICT(DI)'),
(403, 'TP000403', 'UCDF2606ICT(DI)'),
(404, 'TP000404', 'UCDF2606ICT(DI)'),
(405, 'TP000405', 'UCDF2606ICT(DI)'),
(406, 'TP000406', 'UCDF2606ICT(DI)'),
(407, 'TP000407', 'UCDF2606ICT(DI)'),
(408, 'TP000408', 'UCDF2606ICT(DI)'),
(409, 'TP000409', 'UCDF2606ICT(DI)'),
(410, 'TP000410', 'UCDF2606ICT(DI)'),
(411, 'TP000411', 'UCDF2606ICT(DI)'),
(412, 'TP000412', 'UCDF2606ICT(DI)'),
(413, 'TP000413', 'UCDF2606ICT(DI)'),
(414, 'TP000414', 'UCDF2606ICT(DI)'),
(415, 'TP000415', 'UCDF2606ICT(DI)'),
(416, 'TP000416', 'UCDF2606ICT(DI)'),
(417, 'TP000417', 'UCDF2606ICT(DI)'),
(418, 'TP000418', 'UCDF2606ICT(DI)'),
(419, 'TP000419', 'UCDF2606ICT(DI)'),
(420, 'TP000420', 'UCDF2606ICT(DI)'),
(421, 'TP000421', 'UCDF2606ICT(DI)'),
(422, 'TP000422', 'UCDF2606ICT(DI)'),
(423, 'TP000423', 'UCDF2606ICT(DI)'),
(424, 'TP000424', 'UCDF2606ICT(DI)'),
(425, 'TP000425', 'UCDF2606ICT(DI)'),
(426, 'TP000426', 'UCDF2606ICT(DI)'),
(427, 'TP000427', 'UCDF2606ICT(DI)'),
(428, 'TP000428', 'UCDF2606ICT(DI)'),
(429, 'TP000429', 'UCDF2606ICT(DI)'),
(430, 'TP000430', 'UCDF2606ICT(DI)'),
(431, 'TP000431', 'UCDF2606ICT(DI)'),
(432, 'TP000432', 'UCDF2606ICT(DI)'),
(433, 'TP000433', 'UCDF2606ICT(DI)'),
(434, 'TP000434', 'UCDF2606ICT(DI)'),
(435, 'TP000435', 'UCDF2606ICT(DI)'),
(436, 'TP000436', 'UCDF2606ICT(DI)'),
(437, 'TP000437', 'UCDF2606ICT(DI)'),
(438, 'TP000438', 'UCDF2606ICT(DI)'),
(439, 'TP000439', 'UCDF2606ICT(DI)'),
(440, 'TP000440', 'UCDF2606ICT(DI)'),
(441, 'TP000441', 'UCDF2606ICT(DI)'),
(442, 'TP000442', 'UCDF2606ICT(DI)'),
(443, 'TP000443', 'UCDF2606ICT(DI)'),
(444, 'TP000444', 'UCDF2606ICT(DI)'),
(445, 'TP000445', 'UCDF2606ICT(DI)'),
(446, 'TP000446', 'UCDF2606ICT(DI)'),
(447, 'TP000447', 'UCDF2606ICT(DI)'),
(448, 'TP000448', 'UCDF2606ICT(DI)'),
(449, 'TP000449', 'UCDF2606ICT(DI)'),
(450, 'TP000450', 'UCDF2606ICT(DI)'),
(451, 'TP000451', 'UCDF2606ICT(DI)'),
(452, 'TP000452', 'UCDF2606ICT(DI)'),
(453, 'TP000453', 'UCDF2606ICT(DI)'),
(454, 'TP000454', 'UCDF2606ICT(DI)'),
(455, 'TP000455', 'UCDF2606ICT(DI)'),
(456, 'TP000456', 'UCDF2606ICT(DI)'),
(457, 'TP000457', 'UCDF2606ICT(DI)'),
(458, 'TP000458', 'UCDF2606ICT(DI)'),
(459, 'TP000459', 'UCDF2606ICT(DI)'),
(460, 'TP000460', 'UCDF2606ICT(DI)'),
(461, 'TP000461', 'UCDF2606ICT(DI)'),
(462, 'TP000462', 'UCDF2606ICT(DI)'),
(463, 'TP000463', 'UCDF2606ICT(DI)'),
(464, 'TP000464', 'UCDF2606ICT(DI)'),
(465, 'TP000465', 'UCDF2606ICT(DI)'),
(466, 'TP000466', 'UCDF2606ICT(DI)'),
(467, 'TP000467', 'UCDF2606ICT(DI)'),
(468, 'TP000468', 'UCDF2606ICT(DI)'),
(469, 'TP000469', 'UCDF2606ICT(DI)'),
(470, 'TP000470', 'UCDF2606ICT(DI)'),
(471, 'TP000471', 'UCDF2606ICT(DI)'),
(472, 'TP000472', 'UCDF2606ICT(DI)'),
(473, 'TP000473', 'UCDF2606ICT(DI)'),
(474, 'TP000474', 'UCDF2606ICT(DI)'),
(475, 'TP000475', 'UCDF2606ICT(DI)'),
(476, 'TP000476', 'UCDF2606ICT(DI)'),
(477, 'TP000477', 'UCDF2606ICT(DI)'),
(478, 'TP000478', 'UCDF2606ICT(DI)'),
(479, 'TP000479', 'UCDF2606ICT(DI)'),
(480, 'TP000480', 'UCDF2606ICT(DI)'),
(481, 'TP000481', 'UCDF2606ICT(DI)'),
(482, 'TP000482', 'UCDF2606ICT(DI)'),
(483, 'TP000483', 'UCDF2606ICT(DI)'),
(484, 'TP000484', 'UCDF2606ICT(DI)'),
(485, 'TP000485', 'UCDF2606ICT(DI)'),
(486, 'TP000486', 'UCDF2606ICT(DI)'),
(487, 'TP000487', 'UCDF2606ICT(DI)'),
(488, 'TP000488', 'UCDF2606ICT(DI)'),
(489, 'TP000489', 'UCDF2606ICT(DI)'),
(490, 'TP000490', 'UCDF2606ICT(DI)'),
(491, 'TP000491', 'UCDF2606ICT(DI)'),
(492, 'TP000492', 'UCDF2606ICT(DI)'),
(493, 'TP000493', 'UCDF2606ICT(DI)'),
(494, 'TP000494', 'UCDF2606ICT(DI)'),
(495, 'TP000495', 'UCDF2606ICT(DI)'),
(496, 'TP000496', 'UCDF2606ICT(DI)'),
(497, 'TP000497', 'UCDF2606ICT(DI)'),
(498, 'TP000498', 'UCDF2606ICT(DI)'),
(499, 'TP000499', 'UCDF2606ICT(DI)'),
(500, 'TP000500', 'UCDF2606ICT(DI)'),
(501, 'TP000501', 'UCDF2606ICT(DI)'),
(502, 'TP000502', 'UCDF2606ICT(DI)'),
(503, 'TP000503', 'UCDF2606ICT(DI)'),
(504, 'TP000504', 'UCDF2606ICT(DI)'),
(505, 'TP000505', 'UCDF2606ICT(DI)'),
(506, 'TP000506', 'UCDF2606ICT(DI)'),
(507, 'TP000507', 'UCDF2606ICT(DI)'),
(508, 'TP000508', 'UCDF2606ICT(DI)'),
(509, 'TP000509', 'UCDF2606ICT(DI)'),
(510, 'TP000510', 'UCDF2606ICT(DI)'),
(511, 'TP000511', 'UCDF2606ICT(DI)'),
(512, 'TP000512', 'UCDF2606ICT(DI)'),
(513, 'TP000513', 'UCDF2606ICT(DI)'),
(514, 'TP000514', 'UCDF2606ICT(DI)'),
(515, 'TP000515', 'UCDF2606ICT(DI)'),
(516, 'TP000516', 'UCDF2606ICT(DI)'),
(517, 'TP000517', 'UCDF2606ICT(DI)'),
(518, 'TP000518', 'UCDF2606ICT(DI)'),
(519, 'TP000519', 'UCDF2606ICT(DI)'),
(520, 'TP000520', 'UCDF2606ICT(DI)'),
(521, 'TP000521', 'UCDF2606ICT(DI)'),
(522, 'TP000522', 'UCDF2606ICT(DI)'),
(523, 'TP000523', 'UCDF2606ICT(DI)'),
(524, 'TP000524', 'UCDF2606ICT(DI)'),
(525, 'TP000525', 'UCDF2606ICT(DI)'),
(526, 'TP000526', 'UCDF2606ICT(ITR)'),
(527, 'TP000527', 'UCDF2606ICT(ITR)'),
(528, 'TP000528', 'UCDF2606ICT(ITR)'),
(529, 'TP000529', 'UCDF2606ICT(ITR)'),
(530, 'TP000530', 'UCDF2606ICT(ITR)'),
(531, 'TP000531', 'UCDF2606ICT(ITR)'),
(532, 'TP000532', 'UCDF2606ICT(ITR)'),
(533, 'TP000533', 'UCDF2606ICT(ITR)'),
(534, 'TP000534', 'UCDF2606ICT(ITR)'),
(535, 'TP000535', 'UCDF2606ICT(ITR)'),
(536, 'TP000536', 'UCDF2606ICT(ITR)'),
(537, 'TP000537', 'UCDF2606ICT(ITR)'),
(538, 'TP000538', 'UCDF2606ICT(ITR)'),
(539, 'TP000539', 'UCDF2606ICT(ITR)'),
(540, 'TP000540', 'UCDF2606ICT(ITR)'),
(541, 'TP000541', 'UCDF2606ICT(ITR)'),
(542, 'TP000542', 'UCDF2606ICT(ITR)'),
(543, 'TP000543', 'UCDF2606ICT(ITR)'),
(544, 'TP000544', 'UCDF2606ICT(ITR)'),
(545, 'TP000545', 'UCDF2606ICT(ITR)'),
(546, 'TP000546', 'UCDF2606ICT(ITR)'),
(547, 'TP000547', 'UCDF2606ICT(ITR)'),
(548, 'TP000548', 'UCDF2606ICT(ITR)'),
(549, 'TP000549', 'UCDF2606ICT(ITR)'),
(550, 'TP000550', 'UCDF2606ICT(ITR)'),
(551, 'TP000551', 'UCDF2606ICT(ITR)'),
(552, 'TP000552', 'UCDF2606ICT(ITR)'),
(553, 'TP000553', 'UCDF2606ICT(ITR)'),
(554, 'TP000554', 'UCDF2606ICT(ITR)'),
(555, 'TP000555', 'UCDF2606ICT(ITR)'),
(556, 'TP000556', 'UCDF2606ICT(ITR)'),
(557, 'TP000557', 'UCDF2606ICT(ITR)'),
(558, 'TP000558', 'UCDF2606ICT(ITR)'),
(559, 'TP000559', 'UCDF2606ICT(ITR)'),
(560, 'TP000560', 'UCDF2606ICT(ITR)'),
(561, 'TP000561', 'UCDF2606ICT(ITR)'),
(562, 'TP000562', 'UCDF2606ICT(ITR)'),
(563, 'TP000563', 'UCDF2606ICT(ITR)'),
(564, 'TP000564', 'UCDF2606ICT(ITR)'),
(565, 'TP000565', 'UCDF2606ICT(ITR)'),
(566, 'TP000566', 'UCDF2606ICT(ITR)'),
(567, 'TP000567', 'UCDF2606ICT(ITR)'),
(568, 'TP000568', 'UCDF2606ICT(ITR)'),
(569, 'TP000569', 'UCDF2606ICT(ITR)'),
(570, 'TP000570', 'UCDF2606ICT(ITR)'),
(571, 'TP000571', 'UCDF2606ICT(ITR)'),
(572, 'TP000572', 'UCDF2606ICT(ITR)'),
(573, 'TP000573', 'UCDF2606ICT(ITR)'),
(574, 'TP000574', 'UCDF2606ICT(ITR)'),
(575, 'TP000575', 'UCDF2606ICT(ITR)'),
(576, 'TP000576', 'UCDF2606ICT(ITR)'),
(577, 'TP000577', 'UCDF2606ICT(ITR)'),
(578, 'TP000578', 'UCDF2606ICT(ITR)'),
(579, 'TP000579', 'UCDF2606ICT(ITR)'),
(580, 'TP000580', 'UCDF2606ICT(ITR)'),
(581, 'TP000581', 'UCDF2606ICT(ITR)'),
(582, 'TP000582', 'UCDF2606ICT(ITR)'),
(583, 'TP000583', 'UCDF2606ICT(ITR)'),
(584, 'TP000584', 'UCDF2606ICT(ITR)'),
(585, 'TP000585', 'UCDF2606ICT(ITR)'),
(586, 'TP000586', 'UCDF2606ICT(ITR)'),
(587, 'TP000587', 'UCDF2606ICT(ITR)'),
(588, 'TP000588', 'UCDF2606ICT(ITR)'),
(589, 'TP000589', 'UCDF2606ICT(ITR)'),
(590, 'TP000590', 'UCDF2606ICT(ITR)'),
(591, 'TP000591', 'UCDF2606ICT(ITR)'),
(592, 'TP000592', 'UCDF2606ICT(ITR)'),
(593, 'TP000593', 'UCDF2606ICT(ITR)'),
(594, 'TP000594', 'UCDF2606ICT(ITR)'),
(595, 'TP000595', 'UCDF2606ICT(ITR)'),
(596, 'TP000596', 'UCDF2606ICT(ITR)'),
(597, 'TP000597', 'UCDF2606ICT(ITR)'),
(598, 'TP000598', 'UCDF2606ICT(ITR)'),
(599, 'TP000599', 'UCDF2606ICT(ITR)'),
(600, 'TP000600', 'UCDF2606ICT(ITR)'),
(601, 'TP000601', 'UCDF2606ICT(ITR)'),
(602, 'TP000602', 'UCDF2606ICT(ITR)'),
(603, 'TP000603', 'UCDF2606ICT(ITR)'),
(604, 'TP000604', 'UCDF2606ICT(ITR)'),
(605, 'TP000605', 'UCDF2606ICT(ITR)'),
(606, 'TP000606', 'UCDF2606ICT(ITR)'),
(607, 'TP000607', 'UCDF2606ICT(ITR)'),
(608, 'TP000608', 'UCDF2606ICT(ITR)'),
(609, 'TP000609', 'UCDF2606ICT(ITR)'),
(610, 'TP000610', 'UCDF2606ICT(ITR)'),
(611, 'TP000611', 'UCDF2606ICT(ITR)'),
(612, 'TP000612', 'UCDF2606ICT(ITR)'),
(613, 'TP000613', 'UCDF2606ICT(ITR)'),
(614, 'TP000614', 'UCDF2606ICT(ITR)'),
(615, 'TP000615', 'UCDF2606ICT(ITR)'),
(616, 'TP000616', 'UCDF2606ICT(ITR)'),
(617, 'TP000617', 'UCDF2606ICT(ITR)'),
(618, 'TP000618', 'UCDF2606ICT(ITR)'),
(619, 'TP000619', 'UCDF2606ICT(ITR)'),
(620, 'TP000620', 'UCDF2606ICT(ITR)'),
(621, 'TP000621', 'UCDF2606ICT(ITR)'),
(622, 'TP000622', 'UCDF2606ICT(ITR)'),
(623, 'TP000623', 'UCDF2606ICT(ITR)'),
(624, 'TP000624', 'UCDF2606ICT(ITR)'),
(625, 'TP000625', 'UCDF2606ICT(ITR)'),
(626, 'TP000626', 'UCDF2606ICT(ITR)'),
(627, 'TP000627', 'UCDF2606ICT(ITR)'),
(628, 'TP000628', 'UCDF2606ICT(ITR)'),
(629, 'TP000629', 'UCDF2606ICT(ITR)'),
(630, 'TP000630', 'UCDF2606ICT(ITR)'),
(631, 'TP000631', 'UCDF2606ICT(ITR)'),
(632, 'TP000632', 'UCDF2606ICT(ITR)'),
(633, 'TP000633', 'UCDF2606ICT(ITR)'),
(634, 'TP000634', 'UCDF2606ICT(ITR)'),
(635, 'TP000635', 'UCDF2606ICT(ITR)'),
(636, 'TP000636', 'UCDF2606ICT(ITR)'),
(637, 'TP000637', 'UCDF2606ICT(ITR)'),
(638, 'TP000638', 'UCDF2606ICT(ITR)'),
(639, 'TP000639', 'UCDF2606ICT(ITR)'),
(640, 'TP000640', 'UCDF2606ICT(ITR)'),
(641, 'TP000641', 'UCDF2606ICT(ITR)'),
(642, 'TP000642', 'UCDF2606ICT(ITR)'),
(643, 'TP000643', 'UCDF2606ICT(ITR)'),
(644, 'TP000644', 'UCDF2606ICT(ITR)'),
(645, 'TP000645', 'UCDF2606ICT(ITR)'),
(646, 'TP000646', 'UCDF2606ICT(ITR)'),
(647, 'TP000647', 'UCDF2606ICT(ITR)'),
(648, 'TP000648', 'UCDF2606ICT(ITR)'),
(649, 'TP000649', 'UCDF2606ICT(ITR)'),
(650, 'TP000650', 'UCDF2606ICT(ITR)'),
(651, 'TP000651', 'UCDF2606ICT(ITR)'),
(652, 'TP000652', 'UCDF2606ICT(ITR)'),
(653, 'TP000653', 'UCDF2606ICT(ITR)'),
(654, 'TP000654', 'UCDF2606ICT(ITR)'),
(655, 'TP000655', 'UCDF2606ICT(ITR)'),
(656, 'TP000656', 'UCDF2606ICT(ITR)'),
(657, 'TP000657', 'UCDF2606ICT(ITR)'),
(658, 'TP000658', 'UCDF2606ICT(ITR)'),
(659, 'TP000659', 'UCDF2606ICT(ITR)'),
(660, 'TP000660', 'UCDF2606ICT(ITR)'),
(661, 'TP000661', 'UCDF2606ICT(ITR)'),
(662, 'TP000662', 'UCDF2606ICT(ITR)'),
(663, 'TP000663', 'UCDF2606ICT(ITR)'),
(664, 'TP000664', 'UCDF2606ICT(ITR)'),
(665, 'TP000665', 'UCDF2606ICT(ITR)'),
(666, 'TP000666', 'UCDF2606ICT(ITR)'),
(667, 'TP000667', 'UCDF2606ICT(ITR)'),
(668, 'TP000668', 'UCDF2606ICT(ITR)'),
(669, 'TP000669', 'UCDF2606ICT(ITR)'),
(670, 'TP000670', 'UCDF2606ICT(ITR)'),
(671, 'TP000671', 'UCDF2606ICT(ITR)'),
(672, 'TP000672', 'UCDF2606ICT(ITR)'),
(673, 'TP000673', 'UCDF2606ICT(ITR)'),
(674, 'TP000674', 'UCDF2606ICT(ITR)'),
(675, 'TP000675', 'UCDF2606ICT(ITR)'),
(676, 'TP000676', 'UCDF2606ICT(ITR)'),
(677, 'TP000677', 'UCDF2606ICT(ITR)'),
(678, 'TP000678', 'UCDF2606ICT(ITR)'),
(679, 'TP000679', 'UCDF2606ICT(ITR)'),
(680, 'TP000680', 'UCDF2606ICT(ITR)'),
(681, 'TP000681', 'UCDF2606ICT(ITR)'),
(682, 'TP000682', 'UCDF2606ICT(ITR)'),
(683, 'TP000683', 'UCDF2606ICT(ITR)'),
(684, 'TP000684', 'UCDF2606ICT(ITR)'),
(685, 'TP000685', 'UCDF2606ICT(ITR)'),
(686, 'TP000686', 'UCDF2606ICT(ITR)'),
(687, 'TP000687', 'UCDF2606ICT(ITR)'),
(688, 'TP000688', 'UCDF2606ICT(ITR)'),
(689, 'TP000689', 'UCDF2606ICT(ITR)'),
(690, 'TP000690', 'UCDF2606BIT'),
(691, 'TP000691', 'UCDF2606BIT'),
(692, 'TP000692', 'UCDF2606BIT'),
(693, 'TP000693', 'UCDF2606BIT'),
(694, 'TP000694', 'UCDF2606BIT'),
(695, 'TP000695', 'UCDF2606BIT'),
(696, 'TP000696', 'UCDF2606BIT'),
(697, 'TP000697', 'UCDF2606BIT'),
(698, 'TP000698', 'UCDF2606BIT'),
(699, 'TP000699', 'UCDF2606BIT'),
(700, 'TP000700', 'UCDF2606BIT'),
(701, 'TP000701', 'UCDF2606BIT'),
(702, 'TP000702', 'UCDF2606BIT'),
(703, 'TP000703', 'UCDF2606BIT'),
(704, 'TP000704', 'UCDF2606BIT'),
(705, 'TP000705', 'UCDF2606BIT'),
(706, 'TP000706', 'UCDF2606BIT'),
(707, 'TP000707', 'UCDF2606BIT'),
(708, 'TP000708', 'UCDF2606BIT'),
(709, 'TP000709', 'UCDF2606BIT'),
(710, 'TP000710', 'UCDF2606BIT'),
(711, 'TP000711', 'UCDF2606BIT'),
(712, 'TP000712', 'UCDF2606BIT'),
(713, 'TP000713', 'UCDF2606BIT'),
(714, 'TP000714', 'UCDF2606BIT'),
(715, 'TP000715', 'UCDF2606BIT'),
(716, 'TP000716', 'UCDF2606BIT'),
(717, 'TP000717', 'UCDF2606BIT'),
(718, 'TP000718', 'UCDF2606BIT'),
(719, 'TP000719', 'UCDF2606BIT'),
(720, 'TP000720', 'UCDF2606BIT'),
(721, 'TP000721', 'UCDF2606BIT'),
(722, 'TP000722', 'UCDF2606BIT'),
(723, 'TP000723', 'UCDF2606BIT'),
(724, 'TP000724', 'UCDF2606BIT'),
(725, 'TP000725', 'UCDF2606BIT'),
(726, 'TP000726', 'UCDF2606BIT'),
(727, 'TP000727', 'UCDF2606BIT'),
(728, 'TP000728', 'UCDF2606BIT'),
(729, 'TP000729', 'UCDF2606BIT'),
(730, 'TP000730', 'UCDF2606BIT'),
(731, 'TP000731', 'UCDF2606BIT'),
(732, 'TP000732', 'UCDF2606BIT'),
(733, 'TP000733', 'UCDF2606BIT'),
(734, 'TP000734', 'UCDF2606BIT'),
(735, 'TP000735', 'UCDF2606BIT'),
(736, 'TP000736', 'UCDF2606BIT'),
(737, 'TP000737', 'UCDF2606BIT'),
(738, 'TP000738', 'UCDF2606BIT'),
(739, 'TP000739', 'UCDF2606BIT'),
(740, 'TP000740', 'UCDF2606BIT'),
(741, 'TP000741', 'UCDF2606BIT'),
(742, 'TP000742', 'UCDF2606BIT'),
(743, 'TP000743', 'UCDF2606BIT'),
(744, 'TP000744', 'UCDF2606BIT'),
(745, 'TP000745', 'UCDF2606BIT'),
(746, 'TP000746', 'UCDF2606BIT'),
(747, 'TP000747', 'UCDF2606BIT'),
(748, 'TP000748', 'UCDF2606BIT'),
(749, 'TP000749', 'UCDF2606BIT'),
(750, 'TP000750', 'UCDF2606BIT'),
(751, 'TP000751', 'UCDF2606BIT'),
(752, 'TP000752', 'UCDF2606BIT'),
(753, 'TP000753', 'UCDF2606BIT'),
(754, 'TP000754', 'UCDF2606BIT'),
(755, 'TP000755', 'UCDF2606BIT'),
(756, 'TP000756', 'UCDF2606BIT'),
(757, 'TP000757', 'UCDF2606BIT'),
(758, 'TP000758', 'UCDF2606BIT'),
(759, 'TP000759', 'UCDF2606BIT'),
(760, 'TP000760', 'UCDF2606BIT'),
(761, 'TP000761', 'UCDF2606BIT'),
(762, 'TP000762', 'UCDF2606BIT'),
(763, 'TP000763', 'UCDF2606BIT'),
(764, 'TP000764', 'UCDF2606BIT'),
(765, 'TP000765', 'UCDF2606BIT'),
(766, 'TP000766', 'UCDF2606BIT'),
(767, 'TP000767', 'UCDF2606BIT'),
(768, 'TP000768', 'UCDF2606BIT'),
(769, 'TP000769', 'UCDF2606BIT'),
(770, 'TP000770', 'UCDF2606BIT'),
(771, 'TP000771', 'UCDF2606BIT'),
(772, 'TP000772', 'UCDF2606BIT'),
(773, 'TP000773', 'UCDF2606BIT'),
(774, 'TP000774', 'UCDF2606BIT'),
(775, 'TP000775', 'UCDF2606BIT'),
(776, 'TP000776', 'UCDF2606BIT'),
(777, 'TP000777', 'UCDF2606BIT'),
(778, 'TP000778', 'UCDF2606BIT'),
(779, 'TP000779', 'UCDF2606BIT'),
(780, 'TP000780', 'UCDF2606BIT'),
(781, 'TP000781', 'UCDF2606BIT'),
(782, 'TP000782', 'UCDF2606BIT'),
(783, 'TP000783', 'UCDF2606BIT'),
(784, 'TP000784', 'UCDF2606BIT'),
(785, 'TP000785', 'UCDF2606BIT'),
(786, 'TP000786', 'UCDF2606BIT'),
(787, 'TP000787', 'UCDF2606BIT'),
(788, 'TP000788', 'UCDF2606BIT'),
(789, 'TP000789', 'UCDF2606BIT'),
(790, 'TP000790', 'UCDF2606BIT'),
(791, 'TP000791', 'UCDF2606BIT'),
(792, 'TP000792', 'UCDF2606BIT'),
(793, 'TP000793', 'UCDF2606BIT'),
(794, 'TP000794', 'UCDF2606BIT'),
(795, 'TP000795', 'UCDF2606BIT'),
(796, 'TP000796', 'UCDF2606BIT'),
(797, 'TP000797', 'UCDF2606BIT'),
(798, 'TP000798', 'UCDF2606BIT'),
(799, 'TP000799', 'UCDF2606BIT'),
(800, 'TP000800', 'UCDF2606BIT'),
(801, 'TP000801', 'UCDF2606BIT'),
(802, 'TP000802', 'UCDF2606BIT'),
(803, 'TP000803', 'UCDF2606BIT'),
(804, 'TP000804', 'UCDF2606BIT'),
(805, 'TP000805', 'UCDF2606BIT'),
(806, 'TP000806', 'UCDF2606BIT'),
(807, 'TP000807', 'UCDF2606BIT'),
(808, 'TP000808', 'UCDF2606BIT'),
(809, 'TP000809', 'UCDF2606BIT'),
(810, 'TP000810', 'UCDF2606BIT'),
(811, 'TP000811', 'UCDF2606BIT'),
(812, 'TP000812', 'UCDF2606BIT'),
(813, 'TP000813', 'UCDF2606BIT'),
(814, 'TP000814', 'UCDF2606BIT'),
(815, 'TP000815', 'UCDF2606BIT'),
(816, 'TP000816', 'UCDF2606BIT'),
(817, 'TP000817', 'UCDF2606BIT'),
(818, 'TP000818', 'UCDF2606BA'),
(819, 'TP000819', 'UCDF2606BA'),
(820, 'TP000820', 'UCDF2606BA'),
(821, 'TP000821', 'UCDF2606BA'),
(822, 'TP000822', 'UCDF2606BA'),
(823, 'TP000823', 'UCDF2606BA'),
(824, 'TP000824', 'UCDF2606BA'),
(825, 'TP000825', 'UCDF2606BA'),
(826, 'TP000826', 'UCDF2606BA'),
(827, 'TP000827', 'UCDF2606BA'),
(828, 'TP000828', 'UCDF2606BA'),
(829, 'TP000829', 'UCDF2606BA'),
(830, 'TP000830', 'UCDF2606BA'),
(831, 'TP000831', 'UCDF2606BA'),
(832, 'TP000832', 'UCDF2606BA'),
(833, 'TP000833', 'UCDF2606BA'),
(834, 'TP000834', 'UCDF2606BA'),
(835, 'TP000835', 'UCDF2606BA'),
(836, 'TP000836', 'UCDF2606BA'),
(837, 'TP000837', 'UCDF2606BA'),
(838, 'TP000838', 'UCDF2606BA'),
(839, 'TP000839', 'UCDF2606BA'),
(840, 'TP000840', 'UCDF2606BA'),
(841, 'TP000841', 'UCDF2606BA'),
(842, 'TP000842', 'UCDF2606BA'),
(843, 'TP000843', 'UCDF2606BA'),
(844, 'TP000844', 'UCDF2606BA'),
(845, 'TP000845', 'UCDF2606BA'),
(846, 'TP000846', 'UCDF2606BA'),
(847, 'TP000847', 'UCDF2606BA'),
(848, 'TP000848', 'UCDF2606BA'),
(849, 'TP000849', 'UCDF2606BA'),
(850, 'TP000850', 'UCDF2606BA'),
(851, 'TP000851', 'UCDF2606BA'),
(852, 'TP000852', 'UCDF2606BA'),
(853, 'TP000853', 'UCDF2606BA'),
(854, 'TP000854', 'UCDF2606BA'),
(855, 'TP000855', 'UCDF2606BA'),
(856, 'TP000856', 'UCDF2606BA'),
(857, 'TP000857', 'UCDF2606BA'),
(858, 'TP000858', 'UCDF2606BA'),
(859, 'TP000859', 'UCDF2606BA'),
(860, 'TP000860', 'UCDF2606BA'),
(861, 'TP000861', 'UCDF2606BA'),
(862, 'TP000862', 'UCDF2606BA'),
(863, 'TP000863', 'UCDF2606BA'),
(864, 'TP000864', 'UCDF2606BA'),
(865, 'TP000865', 'UCDF2606BA'),
(866, 'TP000866', 'UCDF2606BA'),
(867, 'TP000867', 'UCDF2606BA'),
(868, 'TP000868', 'UCDF2606BA'),
(869, 'TP000869', 'UCDF2606BA'),
(870, 'TP000870', 'UCDF2606BA'),
(871, 'TP000871', 'UCDF2606BA'),
(872, 'TP000872', 'UCDF2606BA'),
(873, 'TP000873', 'UCDF2606BA'),
(874, 'TP000874', 'UCDF2606BA'),
(875, 'TP000875', 'UCDF2606BA'),
(876, 'TP000876', 'UCDF2606BA'),
(877, 'TP000877', 'UCDF2606BA'),
(878, 'TP000878', 'UCDF2606BA'),
(879, 'TP000879', 'UCDF2606BA'),
(880, 'TP000880', 'UCDF2606BA'),
(881, 'TP000881', 'UCDF2606BA'),
(882, 'TP000882', 'UCDF2606BA'),
(883, 'TP000883', 'UCDF2606BA'),
(884, 'TP000884', 'UCDF2606BA'),
(885, 'TP000885', 'UCDF2606BA'),
(886, 'TP000886', 'UCDF2606BA'),
(887, 'TP000887', 'UCDF2606BA'),
(888, 'TP000888', 'UCDF2606BA'),
(889, 'TP000889', 'UCDF2606BA'),
(890, 'TP000890', 'UCDF2606BA'),
(891, 'TP000891', 'UCDF2606BA'),
(892, 'TP000892', 'UCDF2606BA'),
(893, 'TP000893', 'UCDF2606BA'),
(894, 'TP000894', 'UCDF2606BA'),
(895, 'TP000895', 'UCDF2606BA'),
(896, 'TP000896', 'UCDF2606BA'),
(897, 'TP000897', 'UCDF2606BA'),
(898, 'TP000898', 'UCDF2606BA'),
(899, 'TP000899', 'UCDF2606BA'),
(900, 'TP000900', 'UCDF2606BA'),
(901, 'TP000901', 'UCDF2606BA'),
(902, 'TP000902', 'UCDF2606BA'),
(903, 'TP000903', 'UCDF2606BA'),
(904, 'TP000904', 'UCDF2606BA'),
(905, 'TP000905', 'UCDF2606BA'),
(906, 'TP000906', 'UCDF2606BA'),
(907, 'TP000907', 'UCDF2606BA'),
(908, 'TP000908', 'UCDF2606BA'),
(909, 'TP000909', 'UCDF2606BA'),
(910, 'TP000910', 'UCDF2606BA'),
(911, 'TP000911', 'UCDF2606BA'),
(912, 'TP000912', 'UCDF2606BA'),
(913, 'TP000913', 'UCDF2606BA'),
(914, 'TP000914', 'UCDF2606BA'),
(915, 'TP000915', 'UCDF2606BA'),
(916, 'TP000916', 'UCDF2606BA'),
(917, 'TP000917', 'UCDF2606BA'),
(918, 'TP000918', 'UCDF2606BA'),
(919, 'TP000919', 'UCDF2606BA'),
(920, 'TP000920', 'UCDF2606BA'),
(921, 'TP000921', 'UCDF2606BA'),
(922, 'TP000922', 'UCDF2606BA'),
(923, 'TP000923', 'UCDF2606BA'),
(924, 'TP000924', 'UCDF2606BA');

-- --------------------------------------------------------

--
-- Table structure for table `user`
--

DROP TABLE IF EXISTS `user`;
CREATE TABLE IF NOT EXISTS `user` (
  `user_id` int NOT NULL AUTO_INCREMENT,
  `name` varchar(255) CHARACTER SET utf8mb4 COLLATE utf8mb4_unicode_ci NOT NULL,
  `password` varchar(255) CHARACTER SET utf8mb4 COLLATE utf8mb4_unicode_ci NOT NULL,
  `email` varchar(50) CHARACTER SET utf8mb4 COLLATE utf8mb4_unicode_ci NOT NULL,
  `phone` varchar(15) CHARACTER SET utf8mb4 COLLATE utf8mb4_unicode_ci NOT NULL,
  `picture` varchar(50) CHARACTER SET utf8mb4 COLLATE utf8mb4_unicode_ci DEFAULT NULL,
  `role` varchar(20) CHARACTER SET utf8mb4 COLLATE utf8mb4_unicode_ci NOT NULL,
  PRIMARY KEY (`user_id`)
) ENGINE=InnoDB AUTO_INCREMENT=1047 DEFAULT CHARSET=utf8mb4 COLLATE=utf8mb4_unicode_ci;

--
-- Dumping data for table `user`
--

INSERT INTO `user` (`user_id`, `name`, `password`, `email`, `phone`, `picture`, `role`) VALUES
(1, 'User Admin', '$2y$10$8uN9/8QvoXrTXD8Q2QeAeODyrEr8GSJFQMRqioZi6qtPq7ayWByGm', 'admin@example.com', '+123456789', NULL, 'User Admin'),
(2, 'Course Admin', '$2y$10$jrp4jUEmucYqfJrXGUOrr.Qu0Zd6CP2j/s56vd9e6Vozyhh2gUk3y', 'academic@example.com', '+234567891', NULL, 'Course Admin'),
(3, 'Schedule Admin', '$2y$10$oMWHGlPK9yVXzWBrWhkWRewMxTlxlNYK8/81LgTt07DAS2TtAhPt2', 'schedule@example.com', '+345678912', NULL, 'Schedule Admin'),
(4, 'Alice Tan', '$2y$10$Gbv5ok1UiAQbfcGCKhFyUOVzXeIUcwyvz1qTV2o9zJoD2Ex0z9zsi', 'TP000001@mail.apu.edu.my', '+6012-345789', 'Al-1778539143.png', 'Student'),
(5, 'Brian Lee', '$2y$10$lphrCAvn7aKOjUMB.H2TxOVBzanGqogUT6UXU.tTuqqaJA12.oILi', 'TP000002@mail.apu.edu.my', '+6013-9876543', 'Br-1778539196.png', 'Student'),
(6, 'Chloe Wong', '$2y$10$DvlgsxvUNP7sXObVB.T7j.th1GYpKr1PxKMsOc9X6uMNcxcS6/td2', 'TP000003@mail.apu.edu.my', '+6014-2233445', 'Ch-1778539239.png', 'Student'),
(7, 'Daniel Lim', '$2y$10$4O6RtaB2EeRvx0InvdYfBODFFOFb64PFd1g827MW5GMAn/VfXvztG', 'TP000004@mail.apu.edu.my', '+6015-5566778', 'Da-1778539396.png', 'Student'),
(8, 'Emily Ng', '$2y$10$faIDigVHDUBU6WmxouligO/bs1MltSL/0HISYO9kNtVTQhsTAF2FO', 'TP000005@mail.apu.edu.my', '+6016-1122334', 'Em-1778539435.png', 'Student'),
(9, 'Farah Ahmad', '$2y$10$G95kxAWFN4tPzlMYSJxsGeN0lZr8YZLT/.yua0EhtbslGvlFua0sy', 'TP000006@mail.apu.edu.my', '+6017-4455667', 'Fa-1778543283.png', 'Student'),
(10, 'Grabriel Chan', '$2y$10$rg5TRrBjvlsPrdB77aIY2.C7HIO2asSh5ufz6X/PwcZwKurhCZrXe', 'TP000007@mail.apu.edu.my', '+6018-7788990', 'Gr-1778543323.png', 'Student'),
(11, 'Hannah Goh', '$2y$10$XH9e0q0Da6BhtPDL8.G3C.Tpxh51av.AjvRyC5ROG4.qUvgwZTg5.', 'TP000008@mail.apu.edu.my', '+6019-3344556', 'Ha-1778543362.png', 'Student'),
(12, 'Ivan Tan', '$2y$10$9ARFFifaLPH4H5JFg3YmlOh.LNBe/bxxvk4//u0wLcV2HeUJp0LVC', 'TP000009@mail.apu.edu.my', '+6011-6677889', 'Iv-1778543399.png', 'Student'),
(13, 'Jasmine Lau', '$2y$10$TJ3e0lFkB8W13NEEaSrckOm8dPfW2M2mkYevy6JgcYCpMaZXJ6ijq', 'TP000010@mail.apu.edu.my', '+6010-9988776', 'Ja-1778543440.png', 'Student'),
(14, 'Monica Tan', '$2y$10$xySCjO3kxMGJPoIvJF4kReCEJsbIBR2l/zs/sMh898Ft9ZSkXjsbC', 'TP000011@mail.apu.edu.my', '+6012-5599623', 'Mo-1778728471.png', 'Student'),
(15, 'Monica Choo', '$2y$10$Xf0FC3Y8MS./ufbbIyJjjuM8bxkY6MCflKpQmXAZICzMk6CwNij66', 'TP000012@mail.apu.edu.my', '+6012-5599623', 'Mo-1778728471.png', 'Student'),
(16, 'Monica Chan', '$2y$10$t/e3wk/JKW0CEwa1/T7woOlD/ioGTAKQ41x0dBShNkMeV.w31Hupq', 'TP000013@mail.apu.edu.my', '+6012-5599623', 'Mo-1778728471.png', 'Student'),
(17, 'Monica Wong', '$2y$10$hpoiCKMsjaEAjOKQ9JWp4uBTvWoFQwhU78yp/8VgPD1sPgwmTGWrG', 'TP000014@mail.apu.edu.my', '+6012-5599623', 'Mo-1778728471.png', 'Student'),
(18, 'Monica Smith', '$2y$10$BAoUPj0NN1TgtINfc1VvpOXK.gFuKVbiUseBwp8y6oLkXdu7/N7uW', 'TP000015@mail.apu.edu.my', '+6012-5599623', 'Mo-1778728471.png', 'Student'),
(19, 'Monica Lim', '$2y$10$7NFk8YosZo6WuvF8qed7UO/2HbXSRNv1dIifaf0kIrFSjLsVALYjW', 'TP000016@mail.apu.edu.my', '+6012-5599623', 'Mo-1778728471.png', 'Student'),
(20, 'Monica Khoo', '$2y$10$6TupfD/e8MrT0Dz8X34znuUIzCSHPsrxowzh0H54TkLoyUTC/44Y6', 'TP000017@mail.apu.edu.my', '+6012-5599623', 'Mo-1778728472.png', 'Student'),
(21, 'Monica Chee', '$2y$10$m23ok8onSswierQwCi/VOuNfIWlSgwbIPiKvxaIR0wVKPQFX1eCle', 'TP000018@mail.apu.edu.my', '+6012-5599623', 'Mo-1778728472.png', 'Student'),
(22, 'Monica Ong', '$2y$10$YM1ZzrbUOJKKfK6XQsLxl.BajoAH0PDvVX40tQwBl6KcPuy4Rabla', 'TP000019@mail.apu.edu.my', '+6012-5599623', 'Mo-1778728472.png', 'Student'),
(23, 'Monica Choong', '$2y$10$i4y7FHSRM9MNWUgOuUnduux5hTUiZ5hgtrcPka4jGbctdIkEk00RG', 'TP000020@mail.apu.edu.my', '+6012-5599623', 'Mo-1778728472.png', 'Student'),
(24, 'Monica Liu', '$2y$10$z4gMgyxf.8xI5mJhqrc0Ueui/WGHW0kHNP7YJkhJD7u1ZqZXvN21i', 'TP000021@mail.apu.edu.my', '+6012-5599623', 'Mo-1778728472.png', 'Student'),
(25, 'Monica Chen', '$2y$10$aFqAKKRoaFE/8T/cIM5cmuF9KYKnfMEnxFaZRr9Uf1W9BTs.NR15i', 'TP000022@mail.apu.edu.my', '+6012-5599623', 'Mo-1778728472.png', 'Student'),
(26, 'Monica Yang', '$2y$10$97skqtjDovlts1YGb0Lpce9rvUaFvxz5JANFFZuUsU5zm5Ve2TJNq', 'TP000023@mail.apu.edu.my', '+6012-5599623', 'Mo-1778728472.png', 'Student'),
(27, 'Monica Huang', '$2y$10$VTtOnc3xabkRa2uqiYb56ubZw7hkGlHsgWC.Fw4Gd7CchP9IKM1/a', 'TP000024@mail.apu.edu.my', '+6012-5599623', 'Mo-1778728472.png', 'Student'),
(28, 'Monica Zhao', '$2y$10$PkYNCY1UetSPJk.2zWc1l.17IED9CYXgLimPo.SqPwOvL.n0HwpNa', 'TP000025@mail.apu.edu.my', '+6012-5599623', 'Mo-1778728472.png', 'Student'),
(29, 'Monica Miller', '$2y$10$EzO6b9V5pyUu.Wq/IGTpG.54W9NKlAZPLKO8or.aSnidWKDdHeg4K', 'TP000026@mail.apu.edu.my', '+6012-5599623', 'Mo-1778728472.png', 'Student'),
(30, 'Monica Wu', '$2y$10$Gg3B15kjh75w90zqKhOnR.wr04SPv0Ag2vPmdoqkPwgvwdQ3MD.j.', 'TP000027@mail.apu.edu.my', '+6012-5599623', 'Mo-1778728472.png', 'Student'),
(31, 'Monica Zhou', '$2y$10$2M9NdIpxg1uzxYKj7NQK.u9837HrtPgtEkdp1lBABVl7ovimjOOUS', 'TP000028@mail.apu.edu.my', '+6012-5599623', 'Mo-1778728472.png', 'Student'),
(32, 'Monica Lau', '$2y$10$0u1MOKu.856PiAMbBNnJZedXk1.laxUAPd1.iA8stB5xCi8Vw3C5K', 'TP000029@mail.apu.edu.my', '+6012-5599623', 'Mo-1778728473.png', 'Student'),
(33, 'Monica Carter', '$2y$10$93vg2n1/s.EryZ1cIBvag.HtPhxVtM3As8hlsJT/E0bQHWy.sa/ru', 'TP000030@mail.apu.edu.my', '+6012-5599623', 'Mo-1778728473.png', 'Student'),
(34, 'Lucy Tan', '$2y$10$PRjYoSHuzu1NlbNBMyY4Teb0QkwY3TJwQihfcnobr0Fte0iqYABEK', 'TP000031@mail.apu.edu.my', '+6012-5599623', 'Lu-1778728473.png', 'Student'),
(35, 'Lucy Choo', '$2y$10$eRbmhJFjdR2bcjOh/81OZ.cKtlhunfPYZy7HYsO4sL4tN6gMWsvlS', 'TP000032@mail.apu.edu.my', '+6012-5599623', 'Lu-1778728473.png', 'Student'),
(36, 'Lucy Chan', '$2y$10$0HqBCUMom0kYmbQ7N2mHseq/qc8P2sCucnRatMm4AFhYhFP12s.H2', 'TP000033@mail.apu.edu.my', '+6012-5599623', 'Lu-1778728473.png', 'Student'),
(37, 'Lucy Wong', '$2y$10$LHhdTK6k0ovVt25D2Q3H4uyCTmNBfIfr0a3tUakPIze6fAGOKVD.C', 'TP000034@mail.apu.edu.my', '+6012-5599623', 'Lu-1778728473.png', 'Student'),
(38, 'Lucy Smith', '$2y$10$c13n14QRwFZz47QjgnkLd.lF.uqJP0e.JuipqXlSZTbEYL0otfGM6', 'TP000035@mail.apu.edu.my', '+6012-5599623', 'Lu-1778728473.png', 'Student'),
(39, 'Lucy Lim', '$2y$10$942FS7.ADtrr34AvmM.AouCotAkF9gYkVZmOBK2iaVdz7dBorKq..', 'TP000036@mail.apu.edu.my', '+6012-5599623', 'Lu-1778728473.png', 'Student'),
(40, 'Lucy Khoo', '$2y$10$XIne3fzf40IF0bXPSvtfg.RZ8nqPxF9obpN62Lz.hOXtJKxI9ZqdS', 'TP000037@mail.apu.edu.my', '+6012-5599623', 'Lu-1778728473.png', 'Student'),
(41, 'Lucy Chee', '$2y$10$zsHkHd5unWXiO2HuX3Pmpuhs48cYndVBiOnBp3COWYPR9SJm9ic4y', 'TP000038@mail.apu.edu.my', '+6012-5599623', 'Lu-1778728473.png', 'Student'),
(42, 'Lucy Ong', '$2y$10$SkbbWBEAw2rW/mv0V7nMJe55eZo4D9pO8O5iX5YWVF.M8Di8bGdo6', 'TP000039@mail.apu.edu.my', '+6012-5599623', 'Lu-1778728473.png', 'Student'),
(43, 'Lucy Choong', '$2y$10$kZ7eR7GVnv/vwa.0L0pVIem4gsdY8fgXGZSgOJmMg6LWVhSr29ee.', 'TP000040@mail.apu.edu.my', '+6012-5599623', 'Lu-1778728473.png', 'Student'),
(44, 'Lucy Liu', '$2y$10$x0TnHgxevoaizu8cLLYS6.TbyET5W6OKUUE8V4zu4xQjCXycv66au', 'TP000041@mail.apu.edu.my', '+6012-5599623', 'Lu-1778728474.png', 'Student'),
(45, 'Lucy Chen', '$2y$10$u1wPmxMWJ0PZBClw/9/4Fuz6pQSLtd7lNv5rJhgJ/hOOvKu3StjUS', 'TP000042@mail.apu.edu.my', '+6012-5599623', 'Lu-1778728474.png', 'Student'),
(46, 'Lucy Yang', '$2y$10$Mx9N4yTiNvIOgqVrE24TXOROz1LedZF8C8JTVYeqEGcDdxunhUMze', 'TP000043@mail.apu.edu.my', '+6012-5599623', 'Lu-1778728474.png', 'Student'),
(47, 'Lucy Huang', '$2y$10$nds/w297cJ6Q.x59pun9BeUuPJEniw7r9wawOopvayYkhA8gMzWaG', 'TP000044@mail.apu.edu.my', '+6012-5599623', 'Lu-1778728474.png', 'Student'),
(48, 'Lucy Zhao', '$2y$10$wNMgjdV1Jnkf9PEYnLX/oOchKgKeN4n2g12pAJ3SIodoNC1ONbqqq', 'TP000045@mail.apu.edu.my', '+6012-5599623', 'Lu-1778728474.png', 'Student'),
(49, 'Lucy Miller', '$2y$10$WVq6pE2ZDxFuiCBZsHK8Fe5a5I63gQDKiw/5nG9tzI4WGuLecku56', 'TP000046@mail.apu.edu.my', '+6012-5599623', 'Lu-1778728474.png', 'Student'),
(50, 'Lucy Wu', '$2y$10$fHNE9Y/v9hAZOmjHLA3dT.AqA3v46lMxz2kpYEcCcMSeLVkP7gdVG', 'TP000047@mail.apu.edu.my', '+6012-5599623', 'Lu-1778728474.png', 'Student'),
(51, 'Lucy Zhou', '$2y$10$VtNsYRKSHgaCM98QYC.HpuD5k/GStYtQB.q.5NzMvF6GkQ70JRqkG', 'TP000048@mail.apu.edu.my', '+6012-5599623', 'Lu-1778728474.png', 'Student'),
(52, 'Lucy Lau', '$2y$10$3uvzZIRpO/8owRHnGAPWC.PCphu.wwsOuPMJJYy0Nede9oNfghoNC', 'TP000049@mail.apu.edu.my', '+6012-5599623', 'Lu-1778728474.png', 'Student'),
(53, 'Lucy Carter', '$2y$10$.c5k8xigAji.gdPdj0vKOuXP4jC3wOLF1Icop76oWB37hlIfJel4m', 'TP000050@mail.apu.edu.my', '+6012-5599623', 'Lu-1778728474.png', 'Student'),
(54, 'Wendy Tan', '$2y$10$1lsiNpDhsLB9WTq32uaSiek/2.jLF5i.Xv7HHq6eE2IXIuqdVu1uG', 'TP000051@mail.apu.edu.my', '+6012-5599623', 'We-1778728474.png', 'Student'),
(55, 'Wendy Choo', '$2y$10$GO2adLWzorlp84.lK0QkAOsvZCxF25YZ4z/sgh84RuvNqqVJRkBgm', 'TP000052@mail.apu.edu.my', '+6012-5599623', 'We-1778728474.png', 'Student'),
(56, 'Wendy Chan', '$2y$10$9/TLShkv7y0D.e7FrIcJ6.x9d/pfkN3hVqEe4E0HN/TolIskk94XS', 'TP000053@mail.apu.edu.my', '+6012-5599623', 'We-1778728475.png', 'Student'),
(57, 'Wendy Wong', '$2y$10$zrBgwd7hNfWeMY/VTB9k1eLHWCzYyyuHyYottVOAuB/IzwJEDst8i', 'TP000054@mail.apu.edu.my', '+6012-5599623', 'We-1778728475.png', 'Student'),
(58, 'Wendy Smith', '$2y$10$YAa4PpTu40xy4X0Ipl12xeRV958Y7p5yXI0z/VjY4N0pSkkqBeowi', 'TP000055@mail.apu.edu.my', '+6012-5599623', 'We-1778728475.png', 'Student'),
(59, 'Wendy Lim', '$2y$10$83uxjPQehZZl3oaQIuWI1eM99zayJfqzUJSURIhc/9tpF20yRGZUq', 'TP000056@mail.apu.edu.my', '+6012-5599623', 'We-1778728475.png', 'Student'),
(60, 'Wendy Khoo', '$2y$10$ESnXXh9HtSJW8nJM7CY3J.AtOZp7X7fem4jaW5ToZp0xANfPa3Ota', 'TP000057@mail.apu.edu.my', '+6012-5599623', 'We-1778728475.png', 'Student'),
(61, 'Wendy Chee', '$2y$10$LZGgVUuyoLEn1z2PUCRzTuOQ5c9rXiUNd7msSmV3i4/ysnhc6n8GS', 'TP000058@mail.apu.edu.my', '+6012-5599623', 'We-1778728475.png', 'Student'),
(62, 'Wendy Ong', '$2y$10$XfGXvn/ubCPejjOsQv1KiuD1TVPLjB3cG//gDJ1oX8OmnRcWlih66', 'TP000059@mail.apu.edu.my', '+6012-5599623', 'We-1778728475.png', 'Student'),
(63, 'Wendy Choong', '$2y$10$YczlBtZ.6qk25BtVYvpApeQ.H2bafeWzFCqEkiL2MkSJxqJ17NGQ.', 'TP000060@mail.apu.edu.my', '+6012-5599623', 'We-1778728475.png', 'Student'),
(64, 'Wendy Liu', '$2y$10$qkYqz0pysHbYj2knUs/oPOUkPMuVP0N57Z6WblqMFX3yCWqil5J2u', 'TP000061@mail.apu.edu.my', '+6012-5599623', 'We-1778728475.png', 'Student'),
(65, 'Wendy Chen', '$2y$10$RaRqQ4zTUe3z6mW8IVB7fOHQAADfEq4nskllCD4toV3P8Z6Mpqdfi', 'TP000062@mail.apu.edu.my', '+6012-5599623', 'We-1778728475.png', 'Student'),
(66, 'Wendy Yang', '$2y$10$GIJV4rvwOmmnBJH9th.ahe0v5mYO3DGjG0tvLwbqoozZd5zwD8x6K', 'TP000063@mail.apu.edu.my', '+6012-5599623', 'We-1778728475.png', 'Student'),
(67, 'Wendy Huang', '$2y$10$minApgXiEvTO1pbTcHjEwOd.yKGJuT7kqXgQTNMsNygT7CoRGQcm6', 'TP000064@mail.apu.edu.my', '+6012-5599623', 'We-1778728475.png', 'Student'),
(68, 'Wendy Zhao', '$2y$10$aIm5wX29QxZrTJgKNj9QYuglL0.hn3M9JFtrqRIJEqFVFx5C7qPj2', 'TP000065@mail.apu.edu.my', '+6012-5599623', 'We-1778728475.png', 'Student'),
(69, 'Wendy Miller', '$2y$10$iz9BYf.QeurDBZAUQXHF3OOLHYAV0u2pGC16Ipw4aponHA353Epk6', 'TP000066@mail.apu.edu.my', '+6012-5599623', 'We-1778728476.png', 'Student'),
(70, 'Wendy Wu', '$2y$10$OH3H7PpY9jyWKuox1voTdOPj/20pFXdPpFtTbI8T/mWZ3Vku9dzOS', 'TP000067@mail.apu.edu.my', '+6012-5599623', 'We-1778728476.png', 'Student'),
(71, 'Wendy Zhou', '$2y$10$87F9wdxh96frgD7J9FlQIutT7WWKx1qx9UXMXBQa/0jGWRRL38oGa', 'TP000068@mail.apu.edu.my', '+6012-5599623', 'We-1778728476.png', 'Student'),
(72, 'Wendy Lau', '$2y$10$bSwp9BSec1t/E7.ZgcttDOMZKMVLMTYjsSbsU33c1EW3W5U8Z5gmS', 'TP000069@mail.apu.edu.my', '+6012-5599623', 'We-1778728476.png', 'Student'),
(73, 'Wendy Carter', '$2y$10$h1vd18OTjNJ88xwx8zsNQOYmizNpeSK.2XTB7LMb6SJ14P20DZPH2', 'TP000070@mail.apu.edu.my', '+6012-5599623', 'We-1778728476.png', 'Student'),
(74, 'Anna Tan', '$2y$10$2Sqe59BbV7h8unTpm9HSSOSfxf319xlzAXJVF59NybJCOabzOIQYC', 'TP000071@mail.apu.edu.my', '+6012-5599623', 'An-1778728476.png', 'Student'),
(75, 'Anna Choo', '$2y$10$tr48Ocnm2/bwRMs0Itkc0uAoHI4PCt6YvJKKmhHogvqaXDcVksNGi', 'TP000072@mail.apu.edu.my', '+6012-5599623', 'An-1778728476.png', 'Student'),
(76, 'Anna Chan', '$2y$10$Kxko0LNgeJv6lElS1iMMM.W9OqoiXkIW32F/AzVeis9Y2jHKhZG6m', 'TP000073@mail.apu.edu.my', '+6012-5599623', 'An-1778728476.png', 'Student'),
(77, 'Anna Wong', '$2y$10$rzioBFu9j24aDb9eDBeWu.qicy3ISAip4YiouDxQ8VCyjF2Ed.Ula', 'TP000074@mail.apu.edu.my', '+6012-5599623', 'An-1778728476.png', 'Student'),
(78, 'Anna Smith', '$2y$10$ma6vHgYwKzaGUOxr46b.qe755bJrumDX0UYK7p4hMQVyVVg9YVm2a', 'TP000075@mail.apu.edu.my', '+6012-5599623', 'An-1778728476.png', 'Student'),
(79, 'Anna Lim', '$2y$10$8c./P3MgKpQnjmfE7JF3h.uuq/CiOMb6FFal1n9wIv67bfiESCFem', 'TP000076@mail.apu.edu.my', '+6012-5599623', 'An-1778728476.png', 'Student'),
(80, 'Anna Khoo', '$2y$10$Q8FLM1wgVvOq99j0z2xZ7.koq6iKRZ1mqp7XYpR1Md1r9klU7px5.', 'TP000077@mail.apu.edu.my', '+6012-5599623', 'An-1778728476.png', 'Student'),
(81, 'Anna Chee', '$2y$10$QVqqieYRAo4V7AAFVXwg0uyaMJCqBcRW.kBE8QKmfsxmXPEIW3gT2', 'TP000078@mail.apu.edu.my', '+6012-5599623', 'An-1778728477.png', 'Student'),
(82, 'Anna Ong', '$2y$10$DhoPhGutgQybtKb8FJbCCeF8WCIix5Nwl/fEnV67SF1vlidOFe5B.', 'TP000079@mail.apu.edu.my', '+6012-5599623', 'An-1778728477.png', 'Student'),
(83, 'Anna Choong', '$2y$10$vL9XxGRAlm7pDWm0B6DzyuknGuprb3I2KCES2GAuwyeq8NtgZ61TS', 'TP000080@mail.apu.edu.my', '+6012-5599623', 'An-1778728477.png', 'Student'),
(84, 'Anna Liu', '$2y$10$sEmAnLhrGCIkOAZESXfThufV4PWg70/zxZhq8K.sGS69UPP.vEhcS', 'TP000081@mail.apu.edu.my', '+6012-5599623', 'An-1778728477.png', 'Student'),
(85, 'Anna Chen', '$2y$10$SAMghJ.7obO3GAPmBNMh5.q9AqmbsvHgLNJK4gUIZHIwBvIDr8zUO', 'TP000082@mail.apu.edu.my', '+6012-5599623', 'An-1778728477.png', 'Student'),
(86, 'Anna Yang', '$2y$10$abUO68eRjNcgW5I.6x2xD.4xLGSjkN4CWHmgkwM4oJzKdhCRng9u.', 'TP000083@mail.apu.edu.my', '+6012-5599623', 'An-1778728477.png', 'Student'),
(87, 'Anna Huang', '$2y$10$NSBuW2v2CDblzrMlLvgYWeueyRLD78LQa7PCEjpex6TASzHYI0CV6', 'TP000084@mail.apu.edu.my', '+6012-5599623', 'An-1778728477.png', 'Student'),
(88, 'Anna Zhao', '$2y$10$1Crl49m0xtFrsPQQhUi60OOJ5vTj6pmUJTNeGQO9OK9R5kxBINux2', 'TP000085@mail.apu.edu.my', '+6012-5599623', 'An-1778728477.png', 'Student'),
(89, 'Anna Miller', '$2y$10$vFijWfYhl1XgRZvF1L0NKOsL76qmI5jul53X3VfqPn9uhgCvr7mxS', 'TP000086@mail.apu.edu.my', '+6012-5599623', 'An-1778728477.png', 'Student'),
(90, 'Anna Wu', '$2y$10$31bsfINKq6uu6Y4.9VfQy.KEu2LNzjnV0QzYBX4F5jNQNjObWEAmq', 'TP000087@mail.apu.edu.my', '+6012-5599623', 'An-1778728477.png', 'Student'),
(91, 'Anna Zhou', '$2y$10$UjDNnq/jyz16ZHfW67UoC.yJGHK6KT3N91wEE49olf07GQd8VABde', 'TP000088@mail.apu.edu.my', '+6012-5599623', 'An-1778728477.png', 'Student'),
(92, 'Anna Lau', '$2y$10$mQzRwaKhuaxrh.n49WI/DeS.naeizNUWKYENLZUO1OhCG0sHiTkHu', 'TP000089@mail.apu.edu.my', '+6012-5599623', 'An-1778728477.png', 'Student'),
(93, 'Anna Carter', '$2y$10$VmrvzD4KarTTLYy0kLFIWOL.WW93gJTJmwVMFTKdAE//13JfmjPFK', 'TP000090@mail.apu.edu.my', '+6012-5599623', 'An-1778728478.png', 'Student'),
(94, 'Dina Tan', '$2y$10$Q3zkiOxuy3ixi77fMljzseIW8ZbKUyvGRyMrWVSYAAA9HJXhditvm', 'TP000091@mail.apu.edu.my', '+6012-5599623', 'Di-1778728478.png', 'Student'),
(95, 'Dina Choo', '$2y$10$sDK7NVSWnAZfyn7aMIiYeenrQNyZyGRXcRKYAN4jY8nTVuqF/KXZO', 'TP000092@mail.apu.edu.my', '+6012-5599623', 'Di-1778728478.png', 'Student'),
(96, 'Dina Chan', '$2y$10$7UCunI2l9pokMKqIfx.OZuSJZwjvJViHpnejhfAoIZ2nAK4FF.nT.', 'TP000093@mail.apu.edu.my', '+6012-5599623', 'Di-1778728478.png', 'Student'),
(97, 'Dina Wong', '$2y$10$UGtZhIvREyer7cRSj2ImSOmHgijMLO.QTzNKDksCMiRPq/eysvwqC', 'TP000094@mail.apu.edu.my', '+6012-5599623', 'Di-1778728478.png', 'Student'),
(98, 'Dina Smith', '$2y$10$62HaWkJ4j444W2WmUi1wBelEX7yyxJMsqvK4qiIHgncDl3tPWMqF.', 'TP000095@mail.apu.edu.my', '+6012-5599623', 'Di-1778728478.png', 'Student'),
(99, 'Dina Lim', '$2y$10$jWT0DT2SwxwzLUHj7mPluu5T7ZZzpm43EjrwTeN1IELlSOw.HpXWe', 'TP000096@mail.apu.edu.my', '+6012-5599623', 'Di-1778728478.png', 'Student'),
(100, 'Dina Khoo', '$2y$10$Y3TlMkFMnQa/pUdOI3u0kOLlztLzAjZYDpRT.XIxxSpzlvZKIRGFe', 'TP000097@mail.apu.edu.my', '+6012-5599623', 'Di-1778728478.png', 'Student'),
(101, 'Dina Chee', '$2y$10$AxsOjKv9BlgR14AtP5tF/.BOd9grAxHmD.RHhXUETQpWiLFPXQ/uG', 'TP000098@mail.apu.edu.my', '+6012-5599623', 'Di-1778728478.png', 'Student'),
(102, 'Dina Ong', '$2y$10$v5QYiK89ixG..Y.tE8BA5OU2/LMolzbWy2nL.f49BwSCS6n9CK/4C', 'TP000099@mail.apu.edu.my', '+6012-5599623', 'Di-1778728478.png', 'Student'),
(103, 'Dina Choong', '$2y$10$fFc3WHfaKcwmzAeZtwYdOumTO60qz0dljS2yFBA/43P02GzYMe.TW', 'TP000100@mail.apu.edu.my', '+6012-5599623', 'Di-1778728478.png', 'Student'),
(104, 'Dina Liu', '$2y$10$v8rBmf3eZ4YoSNF6LzxQd.uc0GpT0CNWmcVZOo1PMRCR5EvkyLNmm', 'TP000101@mail.apu.edu.my', '+6012-5599623', 'Di-1778728478.png', 'Student'),
(105, 'Dina Chen', '$2y$10$jpv7IIHEsVj5glmMDxhPge2i2zo5R3e1LtXyG.YoGghdJU4l6Ch5.', 'TP000102@mail.apu.edu.my', '+6012-5599623', 'Di-1778728479.png', 'Student'),
(106, 'Dina Yang', '$2y$10$5ePorkMZcGsaBZuP9ssm/ekw3k7SR9.VDXAltDjz0GapNf4eHNnkC', 'TP000103@mail.apu.edu.my', '+6012-5599623', 'Di-1778728479.png', 'Student'),
(107, 'Dina Huang', '$2y$10$hqgnJSFttAi.gHT.eUskQ.6uFlTq7sAZCYydto0tBHVX8WFSSufnu', 'TP000104@mail.apu.edu.my', '+6012-5599623', 'Di-1778728479.png', 'Student'),
(108, 'Dina Zhao', '$2y$10$m5J2q.uOP0OFCbEy0xCeWuAG4uTU6MpV2zGfh/pHPRUL/UqqnAKie', 'TP000105@mail.apu.edu.my', '+6012-5599623', 'Di-1778728479.png', 'Student'),
(109, 'Dina Miller', '$2y$10$J1iobaQ.oLbXI7biItjZeOHctipj7soiEhrR7D6Bo4gsv9s6.Ismq', 'TP000106@mail.apu.edu.my', '+6012-5599623', 'Di-1778728479.png', 'Student'),
(110, 'Dina Wu', '$2y$10$OSyW3hVsXUFgmPv4lQqdkuxVsPBoDtGvz92icTRml2OzldAHE1rai', 'TP000107@mail.apu.edu.my', '+6012-5599623', 'Di-1778728479.png', 'Student'),
(111, 'Dina Zhou', '$2y$10$KEHAJ9s.rv29c12j1J.smuEj5FAHeMfuZXVAFcwK2M2.3GiKLBbwe', 'TP000108@mail.apu.edu.my', '+6012-5599623', 'Di-1778728479.png', 'Student'),
(112, 'Dina Lau', '$2y$10$4IZNxKU5D7DMYr9QeT6AKO3svRBZbRWpPlCNwPaJvz/rT/Un59kKi', 'TP000109@mail.apu.edu.my', '+6012-5599623', 'Di-1778728479.png', 'Student'),
(113, 'Dina Carter', '$2y$10$Jm04yh3wfAGFuFKuZp2Hi.TnxHijwl/2u5Wi8jEXvXlORfHwqqXRG', 'TP000110@mail.apu.edu.my', '+6012-5599623', 'Di-1778728479.png', 'Student'),
(114, 'Rita Tan', '$2y$10$PzBC80rWb/yRV4CsHwVUM.8e5yXwws3WD564Qqem8wmvFRfSRdpiu', 'TP000111@mail.apu.edu.my', '+6012-5599623', 'Ri-1778728479.png', 'Student'),
(115, 'Rita Choo', '$2y$10$HxCy5QSy710zedQyKIPo9.fXIc5mZMgOQC49SXh03S.JWjmVPdCki', 'TP000112@mail.apu.edu.my', '+6012-5599623', 'Ri-1778728479.png', 'Student'),
(116, 'Rita Chan', '$2y$10$65KNxIgou/joEejYIl0qLezASwu2rmqzu7kN4I6pGQjaEr6N9WAnu', 'TP000113@mail.apu.edu.my', '+6012-5599623', 'Ri-1778728479.png', 'Student'),
(117, 'Rita Wong', '$2y$10$66U5d.d81uaYGdANydoEduDQRQufXB/qxxb4r1wSbJ4HE/k7gkarC', 'TP000114@mail.apu.edu.my', '+6012-5599623', 'Ri-1778728479.png', 'Student'),
(118, 'Rita Smith', '$2y$10$I5Lnj9uHazlE6EM2UJ.q0eB95U69sCvcVbMTybBMtOTdvBDZ80npi', 'TP000115@mail.apu.edu.my', '+6012-5599623', 'Ri-1778728480.png', 'Student'),
(119, 'Rita Lim', '$2y$10$xSVAFVhsJJ3cOVwkdWmZoeWiEvGj7RsBZzk7ZcWfHIwzL0zQu1mAa', 'TP000116@mail.apu.edu.my', '+6012-5599623', 'Ri-1778728480.png', 'Student'),
(120, 'Rita Khoo', '$2y$10$iSBNKRYQrczLcvNHZYzksOWNb5yCnjssDejP24dhTbIc53/fr2eui', 'TP000117@mail.apu.edu.my', '+6012-5599623', 'Ri-1778728480.png', 'Student'),
(121, 'Rita Chee', '$2y$10$nlq.L4DsY1hXoLABzs9uJesTw64PQvaPsYT8kzdNkbNEBbDP3qN/a', 'TP000118@mail.apu.edu.my', '+6012-5599623', 'Ri-1778728480.png', 'Student'),
(122, 'Rita Ong', '$2y$10$0y/kA1xCfAFWwM9kYWIFKOD4asRHcvDAv/hQoF45e4HyiF.6uxH/W', 'TP000119@mail.apu.edu.my', '+6012-5599623', 'Ri-1778728480.png', 'Student'),
(123, 'Rita Choong', '$2y$10$a6XQbc2GKBs49Fobyaqw1.E7r0KSU33NEkMa7mQW93IamvGhfByKa', 'TP000120@mail.apu.edu.my', '+6012-5599623', 'Ri-1778728480.png', 'Student'),
(124, 'Rita Liu', '$2y$10$V3YnB1RpuQwJwF8sfAmEbeGTEWthUdHv2VII9Ta8Rjc1RkpIXte7O', 'TP000121@mail.apu.edu.my', '+6012-5599623', 'Ri-1778728480.png', 'Student'),
(125, 'Rita Chen', '$2y$10$LLXv3h4U8bDpIgjezFOw6uXpkm5wIdBhiGKNbrS/BE9jS0TlumI5C', 'TP000122@mail.apu.edu.my', '+6012-5599623', 'Ri-1778728480.png', 'Student'),
(126, 'Rita Yang', '$2y$10$4tStBPS2ZiiBZ7MEfStWY.UUuFnGZIKkE214.YmF0fR3z5Vj/BEbS', 'TP000123@mail.apu.edu.my', '+6012-5599623', 'Ri-1778728480.png', 'Student'),
(127, 'Rita Huang', '$2y$10$6UChgCroJqLW7o.rYZUxqeMBhIRZrFc/AFsPhdV8CRAGIMduJ7sCy', 'TP000124@mail.apu.edu.my', '+6012-5599623', 'Ri-1778728480.png', 'Student'),
(128, 'Rita Zhao', '$2y$10$2rvSqJILOGnGQiDSBzfxQuzaBBTu4Y0IlCxWSUN2jwwVwsDTybl3S', 'TP000125@mail.apu.edu.my', '+6012-5599623', 'Ri-1778728480.png', 'Student'),
(129, 'Rita Miller', '$2y$10$Um1OX2.kmSKPWz5qrl.1D.xWUezJrGZ7BXmzv265FDSux4/q4i09m', 'TP000126@mail.apu.edu.my', '+6012-5599623', 'Ri-1778728481.png', 'Student'),
(130, 'Rita Wu', '$2y$10$z71V0pOjTqHaQHTFRCsF8u7odCI9TWIUxIg/4wM.wdbUPmoCCXgoi', 'TP000127@mail.apu.edu.my', '+6012-5599623', 'Ri-1778728481.png', 'Student'),
(131, 'Rita Zhou', '$2y$10$aOtwRHgHoXIjKKed7fKpiObwRdbuOh8Ul7i7DhHE6Csa4as4mGKSO', 'TP000128@mail.apu.edu.my', '+6012-5599623', 'Ri-1778728481.png', 'Student'),
(132, 'Rita Lau', '$2y$10$PssWOz/0i6YUiVKJhole4uj1cnoyus6nLjwMQJScRNJv/UOPndWtC', 'TP000129@mail.apu.edu.my', '+6012-5599623', 'Ri-1778728481.png', 'Student'),
(133, 'Rita Carter', '$2y$10$9y7UTHQrGo8O2D1aRcFyvOoSxaUwi/QVjtlPO2hRDrrMQjKajYPou', 'TP000130@mail.apu.edu.my', '+6012-5599623', 'Ri-1778728481.png', 'Student'),
(134, 'Lily Tan', '$2y$10$ATMtIXp.jBZ8noziKYTpru2bUurv7UMzjOeiarZmuvGPPAInLmcIS', 'TP000131@mail.apu.edu.my', '+6012-5599623', 'Li-1778728481.png', 'Student'),
(135, 'Lily Choo', '$2y$10$yvSpD9VvKTRZCJuWDM/kaOCzZy4OWg4I/8vdW8rldoEej0BfpB9fi', 'TP000132@mail.apu.edu.my', '+6012-5599623', 'Li-1778728481.png', 'Student'),
(136, 'Lily Chan', '$2y$10$GLaCsb1j41SfFdLI/JCyHuho/GKDBwYlB3pbrQzfatIixNxp/s.d.', 'TP000133@mail.apu.edu.my', '+6012-5599623', 'Li-1778728481.png', 'Student'),
(137, 'Lily Wong', '$2y$10$yeSU.03hQMcHX8f468HcK.Nxfn2MzU6xcHU9qDRY4eNrr49yKoIDC', 'TP000134@mail.apu.edu.my', '+6012-5599623', 'Li-1778728481.png', 'Student'),
(138, 'Lily Smith', '$2y$10$xpK.IU7lJ.UNBd5UV2lkVewzgSc05ckSJRVTVdAf7.1lvmgJDDCWq', 'TP000135@mail.apu.edu.my', '+6012-5599623', 'Li-1778728481.png', 'Student'),
(139, 'Lily Lim', '$2y$10$2yL73JAKUU6sFjbI5XGi7epQfLztMRjufzWRPo1NjxjoFlgTO7ime', 'TP000136@mail.apu.edu.my', '+6012-5599623', 'Li-1778728481.png', 'Student'),
(140, 'Lily Khoo', '$2y$10$IOC7u9vMBYXST35TJyqMlO3dsEVJtIFxkSPfE37yIr1YfZyOmM81W', 'TP000137@mail.apu.edu.my', '+6012-5599623', 'Li-1778728481.png', 'Student'),
(141, 'Lily Chee', '$2y$10$KDtTgTYTzAG2vN9DS7alHueKjqpD82dBn4F2wCsZnXSxTtPL9F9m2', 'TP000138@mail.apu.edu.my', '+6012-5599623', 'Li-1778728482.png', 'Student'),
(142, 'Lily Ong', '$2y$10$LwkqVPwAUWwAt.X.3kWUB.jRTx.fwhjaHKuEjqCQFk21.d5O7.PMm', 'TP000139@mail.apu.edu.my', '+6012-5599623', 'Li-1778728482.png', 'Student'),
(143, 'Lily Choong', '$2y$10$4GG60OsyKy8EogmuR51mw.8qBbpNZ.tRNxxGYfxcVAU59U6MurCNG', 'TP000140@mail.apu.edu.my', '+6012-5599623', 'Li-1778728482.png', 'Student'),
(144, 'Lily Liu', '$2y$10$SLjnxHWtGV9JNKw0X7y/seMt0VM/T/h09giK.8HS1twYrdFWqN53u', 'TP000141@mail.apu.edu.my', '+6012-5599623', 'Li-1778728482.png', 'Student'),
(145, 'Lily Chen', '$2y$10$HlYFTt9.cJnRgqWDKxQF0edP/wT1VEIQ0odn2A8Ec2ZKJGJSVV.p6', 'TP000142@mail.apu.edu.my', '+6012-5599623', 'Li-1778728482.png', 'Student'),
(146, 'Lily Yang', '$2y$10$a1FBp09D4bi2TVi5.Nq.YOlZgnn3J4Z7uzi24Ps0kVEs7wnYozzvG', 'TP000143@mail.apu.edu.my', '+6012-5599623', 'Li-1778728482.png', 'Student'),
(147, 'Lily Huang', '$2y$10$CIuvF35yw2H1O5SUjRNJTuON65v3RwTeGEWbE6q8wtTx4MJqRWDlK', 'TP000144@mail.apu.edu.my', '+6012-5599623', 'Li-1778728482.png', 'Student'),
(148, 'Lily Zhao', '$2y$10$MWzWgxgfCpLj84/xeK7sCOxpoo7/1uK0r58RBGpGkeoZUr51KoUXu', 'TP000145@mail.apu.edu.my', '+6012-5599623', 'Li-1778728482.png', 'Student'),
(149, 'Lily Miller', '$2y$10$LGbkdIsWXJl4T0qDu9tdZOBigrXsKVZhb1jQbbAW2dFjCLaRMSZZO', 'TP000146@mail.apu.edu.my', '+6012-5599623', 'Li-1778728482.png', 'Student'),
(150, 'Lily Wu', '$2y$10$duwuzomDcgDzJrpel5UtuewGc24VQU5Jr0QGSR1fdHgFHKV3aVeBu', 'TP000147@mail.apu.edu.my', '+6012-5599623', 'Li-1778728482.png', 'Student'),
(151, 'Lily Zhou', '$2y$10$ywaMEDghc.Uvb.07eOcbz.A/HYvDepsnyVZgTsTBoq8tkKvYN1qwG', 'TP000148@mail.apu.edu.my', '+6012-5599623', 'Li-1778728482.png', 'Student'),
(152, 'Lily Lau', '$2y$10$K2Iokro8qqbChBrP0kCQc.qQaXYnknkiv1H3i.2/1WESpb7EuhIXq', 'TP000149@mail.apu.edu.my', '+6012-5599623', 'Li-1778728482.png', 'Student'),
(153, 'Lily Carter', '$2y$10$fELpXJUV5mTsuZesYVlrjeBnmLkqop0SIAZNa6rN65UkQyPyyPePi', 'TP000150@mail.apu.edu.my', '+6012-5599623', 'Li-1778728483.png', 'Student'),
(154, 'Melia Tan', '$2y$10$6J7nEXL81w4bkq9HaYtLXOaKnHpCeouOTu0VqGB6YX7eThqveXXD.', 'TP000151@mail.apu.edu.my', '+6012-5599623', 'Me-1778728483.png', 'Student'),
(155, 'Melia Choo', '$2y$10$t4rYsz1QgfClBdqZEgTO4O9bfnDceQJxRmMgON7Hne1bnZmquIirK', 'TP000152@mail.apu.edu.my', '+6012-5599623', 'Me-1778728483.png', 'Student'),
(156, 'Melia Chan', '$2y$10$Y81jwQ0B3cVKcAlinE3vUOF7vSSnnJkbaAQ.b3kPHOee2Ym1Zvxc.', 'TP000153@mail.apu.edu.my', '+6012-5599623', 'Me-1778728483.png', 'Student'),
(157, 'Melia Wong', '$2y$10$jVqQqqVR05GiDLHcDQQhDe5pggCBlOaQ0rUO4AVu2j5fvHbRrlp/q', 'TP000154@mail.apu.edu.my', '+6012-5599623', 'Me-1778728483.png', 'Student'),
(158, 'Melia Smith', '$2y$10$gF/pWslFjWqQZM4XZiF9CeCbNHvXOgs/D7H.IPtTOsBgfZ0b3wA/W', 'TP000155@mail.apu.edu.my', '+6012-5599623', 'Me-1778728483.png', 'Student'),
(159, 'Melia Lim', '$2y$10$W7wBA2buW2VoyZgK9v0eU.cFPo4AsNaq.Xq9ZSmNuXsbiBwCxkhz2', 'TP000156@mail.apu.edu.my', '+6012-5599623', 'Me-1778728483.png', 'Student'),
(160, 'Melia Khoo', '$2y$10$0eaEGbFjCBEtn/qfGgcGVuLJ8LaQ3oivDncfaqp.baZBxTmU5ZRra', 'TP000157@mail.apu.edu.my', '+6012-5599623', 'Me-1778728483.png', 'Student'),
(161, 'Melia Chee', '$2y$10$GucjLWYDzJDntsEQdzX3EORP6UjeWoNdoxUCqG0O6TiT/GVmFhXNW', 'TP000158@mail.apu.edu.my', '+6012-5599623', 'Me-1778728483.png', 'Student'),
(162, 'Melia Ong', '$2y$10$Ka9JBAxsRJhXL6rR.gTqO.9DoMdn5UVIHXHm/amvS8U30YUtCWgdO', 'TP000159@mail.apu.edu.my', '+6012-5599623', 'Me-1778728483.png', 'Student'),
(163, 'Melia Choong', '$2y$10$VYb.sZo6V5WzynIXVHu.yOQbZ/WB8HRtcXvqG.3qkQjk5bZAmB/jG', 'TP000160@mail.apu.edu.my', '+6012-5599623', 'Me-1778728483.png', 'Student'),
(164, 'Melia Liu', '$2y$10$EqoCYQrd0SdcpAgRd8yhdOqSd1bjV0b8OtUdlAflUNiz9qMiVN08y', 'TP000161@mail.apu.edu.my', '+6012-5599623', 'Me-1778728483.png', 'Student'),
(165, 'Melia Chen', '$2y$10$XjGULHWjQ9jzwg5.a4NID.S6V4n4tQVg1EAVeaRQBASOSOTWwwSdm', 'TP000162@mail.apu.edu.my', '+6012-5599623', 'Me-1778728484.png', 'Student'),
(166, 'Melia Yang', '$2y$10$kajuWxosvR0qwhqWhaarW.10f7H466pL0WIzb5zPYfPPf7Dm.14JS', 'TP000163@mail.apu.edu.my', '+6012-5599623', 'Me-1778728484.png', 'Student'),
(167, 'Melia Huang', '$2y$10$SONO7v.U.ccDkW275HYjX.SYgA05hIZzVPX/3vIJZfnktpC3SU/fO', 'TP000164@mail.apu.edu.my', '+6012-5599623', 'Me-1778728484.png', 'Student'),
(168, 'Melia Zhao', '$2y$10$Bo6rNHOk4iRxfNbfajzmfORfyEuBGPbxfZarc5MXvE78kVSfw18V.', 'TP000165@mail.apu.edu.my', '+6012-5599623', 'Me-1778728484.png', 'Student'),
(169, 'Melia Miller', '$2y$10$FXXN3oTcNG2RrJ95aG9mNegDBxgNDhGmyj/S3CbCH0PY3fz5I.wHG', 'TP000166@mail.apu.edu.my', '+6012-5599623', 'Me-1778728484.png', 'Student'),
(170, 'Melia Wu', '$2y$10$1nokBxbresstdj0ByD6iGeboTGmNilgC59P76L9/2EzJB3y2FF9mS', 'TP000167@mail.apu.edu.my', '+6012-5599623', 'Me-1778728484.png', 'Student'),
(171, 'Melia Zhou', '$2y$10$X58tfwWMC8jUWIaimdbifuZEJm5n6xAx3LVXVBr3JIAy2IuhI8Cs6', 'TP000168@mail.apu.edu.my', '+6012-5599623', 'Me-1778728484.png', 'Student'),
(172, 'Melia Lau', '$2y$10$FjL/ww1l0PYw5YD4dsmPWOvbNxFGt5WscUHpqshfuvmR6vYfj5L5.', 'TP000169@mail.apu.edu.my', '+6012-5599623', 'Me-1778728484.png', 'Student'),
(173, 'Melia Carter', '$2y$10$LGaR6rsBuBpazuDWGLUW1.sJi5rrVkvMcLLz9xhQ99cRBl66cYmq6', 'TP000170@mail.apu.edu.my', '+6012-5599623', 'Me-1778728484.png', 'Student'),
(174, 'Susan Tan', '$2y$10$.Q69/FoBqB5EylsTnigLX.6hSKw7pFOUn93GxWnWXg0N1JJ/unbgi', 'TP000171@mail.apu.edu.my', '+6012-5599623', 'Su-1778728484.png', 'Student'),
(175, 'Susan Choo', '$2y$10$aEW/OmQ70p77PNk.RuS0eO8it1E9QUaMko3MemcnH84m16ZPajAn2', 'TP000172@mail.apu.edu.my', '+6012-5599623', 'Su-1778728484.png', 'Student'),
(176, 'Susan Chan', '$2y$10$L.zhTj4QAbmdo/wUre.Gyu5/UXvKRqEs2JL6U7GRV1OXbhKdb8L9u', 'TP000173@mail.apu.edu.my', '+6012-5599623', 'Su-1778728484.png', 'Student'),
(177, 'Susan Wong', '$2y$10$kOEZLbbBCYsk/2GQFLlWy.minnvolTVlkMsfZ5JeYAKtaGRnKPvCu', 'TP000174@mail.apu.edu.my', '+6012-5599623', 'Su-1778728485.png', 'Student'),
(178, 'Susan Smith', '$2y$10$Pf32L7ixeb6FJPmHvYTf2.1.g/dwASLoBws8sNqSpqhZs69UuGXWG', 'TP000175@mail.apu.edu.my', '+6012-5599623', 'Su-1778728485.png', 'Student'),
(179, 'Susan Lim', '$2y$10$KImgqHszQ4ojAYGK3qBpDuY4c/ZdANG4pZakd.b3rY2QIYEJhM6ji', 'TP000176@mail.apu.edu.my', '+6012-5599623', 'Su-1778728485.png', 'Student'),
(180, 'Susan Khoo', '$2y$10$V/UiI6ZZ/MK9uAdy/4QfX.dWZWOZqThCSr4SDFGuh3A0uV7jLNjqy', 'TP000177@mail.apu.edu.my', '+6012-5599623', 'Su-1778728485.png', 'Student'),
(181, 'Susan Chee', '$2y$10$brJO9XT7FuRVHupTxfRDwOGaO5ftqeXaOJT3IZCgUMc34SFeDs0ve', 'TP000178@mail.apu.edu.my', '+6012-5599623', 'Su-1778728485.png', 'Student'),
(182, 'Susan Ong', '$2y$10$8Orv8QdwzWSLUj2jD0x1menxWSLId76sXDoMuWHsKvHJLrn2y4Czm', 'TP000179@mail.apu.edu.my', '+6012-5599623', 'Su-1778728485.png', 'Student'),
(183, 'Susan Choong', '$2y$10$zZXBbU6XZA831hb5HUqgPu5TJcFmhIyJf498VQpBEaWvEGyMEWjxi', 'TP000180@mail.apu.edu.my', '+6012-5599623', 'Su-1778728485.png', 'Student'),
(184, 'Susan Liu', '$2y$10$plxY0nufJ3xiH9C4wPRfJ.gFdvDZaR5BT3mwUV6pIwghT9.dfQaLq', 'TP000181@mail.apu.edu.my', '+6012-5599623', 'Su-1778728485.png', 'Student'),
(185, 'Susan Chen', '$2y$10$t4GuCMxIrAadfqXN.w3ppuHgPfP01hwRk7Lb0EAzCpo9p9YK/N1rK', 'TP000182@mail.apu.edu.my', '+6012-5599623', 'Su-1778728485.png', 'Student'),
(186, 'Susan Yang', '$2y$10$kTBP1WdHiMeRMu8TvLFpWOt9gNxMgSS4BBRz3agqQoFotCBnoYYyK', 'TP000183@mail.apu.edu.my', '+6012-5599623', 'Su-1778728485.png', 'Student'),
(187, 'Susan Huang', '$2y$10$Xod9whaTIg2LGQ6WN/0nPuwD.aUfcHc57DIgHT9iqzGdgdIUSRhEC', 'TP000184@mail.apu.edu.my', '+6012-5599623', 'Su-1778728485.png', 'Student'),
(188, 'Susan Zhao', '$2y$10$n0fZ7YM//SQsenqYCETvc.E3pIk8edjOcIiF190Ocw7/dx.gtDo7.', 'TP000185@mail.apu.edu.my', '+6012-5599623', 'Su-1778728485.png', 'Student'),
(189, 'Susan Miller', '$2y$10$B6m55qjjUS9zEKwAY6pfOeZXgQ11lNeLGJGOD7OeA4/92KU1kdCLG', 'TP000186@mail.apu.edu.my', '+6012-5599623', 'Su-1778728486.png', 'Student'),
(190, 'Susan Wu', '$2y$10$0bh9JP7zUgruN3NW/PI2duPf0Fj2HKjdRX6IoaZR13n7GVjVNFIZu', 'TP000187@mail.apu.edu.my', '+6012-5599623', 'Su-1778728486.png', 'Student'),
(191, 'Susan Zhou', '$2y$10$l0D7/N30BNG5Y5Y2M1UNue4DTzgUTAEPgojffP2YBMfVzylJ6iQYO', 'TP000188@mail.apu.edu.my', '+6012-5599623', 'Su-1778728486.png', 'Student'),
(192, 'Susan Lau', '$2y$10$G3UlKZApeXvJx54GKJiOTu8DRjHbgpHL1hmaMI0rs6f5L2cn6ge6m', 'TP000189@mail.apu.edu.my', '+6012-5599623', 'Su-1778728486.png', 'Student'),
(193, 'Susan Carter', '$2y$10$ay7FU1tbltv4Bf8TqPeR.OFZtTbaLIU4KQpqWEfCWv8RoacRLtnqm', 'TP000190@mail.apu.edu.my', '+6012-5599623', 'Su-1778728486.png', 'Student'),
(194, 'Nicole Tan', '$2y$10$PeK/57RCGUekeDdZgj14uuN9bsOXh1Fpdg9IwYxMRU8hd3LE/Px9a', 'TP000191@mail.apu.edu.my', '+6012-5599623', 'Ni-1778728486.png', 'Student'),
(195, 'Nicole Choo', '$2y$10$mGeE4npddApITUGDow8QIeFBrOIHhMFnJyskgYwz0qeJTf3wKJZFe', 'TP000192@mail.apu.edu.my', '+6012-5599623', 'Ni-1778728486.png', 'Student'),
(196, 'Nicole Chan', '$2y$10$EFTggf7u/VxOKh2LTRB2Ce/FDPWiGmmujT86TjFC2MBuJ4BJrSLCe', 'TP000193@mail.apu.edu.my', '+6012-5599623', 'Ni-1778728486.png', 'Student'),
(197, 'Nicole Wong', '$2y$10$Neoi.Ait0Vl637jfgM2LvuY0xaORHa9hGIiBiZVuPhbQyfAEA6NIe', 'TP000194@mail.apu.edu.my', '+6012-5599623', 'Ni-1778728486.png', 'Student'),
(198, 'Nicole Smith', '$2y$10$lXkipJ6oIHeke.aLBLTNAOH3Z/Vq.nwjDKJV5GTxfP.XrKJqO4K9W', 'TP000195@mail.apu.edu.my', '+6012-5599623', 'Ni-1778728486.png', 'Student'),
(199, 'Nicole Lim', '$2y$10$MwdWV/YDtXKeiZgVeZXvgeio4nhUTn04v3F92FoGZu6I9.mBvca7a', 'TP000196@mail.apu.edu.my', '+6012-5599623', 'Ni-1778728486.png', 'Student'),
(200, 'Nicole Khoo', '$2y$10$wv0SPv1.drjCDq/mWAxf3.qqGamc56lJCGZ1IUGozpZrC7lZxd2si', 'TP000197@mail.apu.edu.my', '+6012-5599623', 'Ni-1778728486.png', 'Student'),
(201, 'Nicole Chee', '$2y$10$lXckjf5oQYtOijeypE.6fufK3ypymNRbQyC38Ox1HdVFTGDzWsyXy', 'TP000198@mail.apu.edu.my', '+6012-5599623', 'Ni-1778728487.png', 'Student'),
(202, 'Nicole Ong', '$2y$10$ixBsmBGxHkV/q9xrLoSEoe6MQ3UukR.Ms75ol79.ziwOB.RDBxekW', 'TP000199@mail.apu.edu.my', '+6012-5599623', 'Ni-1778728487.png', 'Student'),
(203, 'Nicole Choong', '$2y$10$0Y9SO53p5GurUYanw4wZcua9Ivqk50/yIn/cMjkeLKPvAvoHpG8WO', 'TP000200@mail.apu.edu.my', '+6012-5599623', 'Ni-1778728487.png', 'Student'),
(204, 'Nicole Liu', '$2y$10$kDLMB57YNEKJ0dCVgELepOWTyAMPqNhkPi8YKpy1rY0Das87jsUkK', 'TP000201@mail.apu.edu.my', '+6012-5599623', 'Ni-1778728487.png', 'Student'),
(205, 'Nicole Chen', '$2y$10$eaMrcdkLI0DxcbvbkxmYP.0JNEeSWcKj4Biiy2LEpUPEHz3KndWKu', 'TP000202@mail.apu.edu.my', '+6012-5599623', 'Ni-1778728487.png', 'Student'),
(206, 'Nicole Yang', '$2y$10$M2Gbg7.Xcngm.J8lPoY01O/tD5eW.g.STPjUyodtUf.e9Cs.gXOgS', 'TP000203@mail.apu.edu.my', '+6012-5599623', 'Ni-1778728487.png', 'Student'),
(207, 'Nicole Huang', '$2y$10$OkWfdSLyVxFSObHR6TsgxenGzmrrE7l3SLo0Pd3nc4WcW7zLkm91S', 'TP000204@mail.apu.edu.my', '+6012-5599623', 'Ni-1778728487.png', 'Student'),
(208, 'Nicole Zhao', '$2y$10$row2MfLlvm5OaaG3CkhKBuRuP4EmZcJlqn9CiOrOhauSKHM3OehJC', 'TP000205@mail.apu.edu.my', '+6012-5599623', 'Ni-1778728487.png', 'Student'),
(209, 'Nicole Miller', '$2y$10$DnNG5DokI5mTT/kdTHOBoOTUByi5OShSF.QCkNSfXrkgxzfYtVRzy', 'TP000206@mail.apu.edu.my', '+6012-5599623', 'Ni-1778728487.png', 'Student'),
(210, 'Nicole Wu', '$2y$10$d1BJ2gLSGFWOCihNk1AZF.jgVqlgWPyt4L19raC9z./wvofuhQpqS', 'TP000207@mail.apu.edu.my', '+6012-5599623', 'Ni-1778728487.png', 'Student'),
(211, 'Nicole Zhou', '$2y$10$WJmQ92hIaKr9WaA8gofF5O5lNNHPi3/S4fU41i2yCPwillDovyo72', 'TP000208@mail.apu.edu.my', '+6012-5599623', 'Ni-1778728487.png', 'Student'),
(212, 'Nicole Lau', '$2y$10$IQIQj2CSl3lqYZAuS7HKZ.D4o1CwuHwSYwRzlp0.7zYhNgTFCRFVS', 'TP000209@mail.apu.edu.my', '+6012-5599623', 'Ni-1778728487.png', 'Student'),
(213, 'Nicole Carter', '$2y$10$yocjhkbhCxHG1su2oZL1c.OCU3nv/QRhL42plmrPaT6dFspYlwWzq', 'TP000210@mail.apu.edu.my', '+6012-5599623', 'Ni-1778728488.png', 'Student'),
(214, 'Emma Tan', '$2y$10$M57XqQLzt5LOTEImQaMCie5KCITHd2dZP2pvls9AL3iEGTrzLYeCy', 'TP000211@mail.apu.edu.my', '+6012-5599623', 'Em-1778728488.png', 'Student'),
(215, 'Emma Choo', '$2y$10$TQFfL1m7v.VGBy0PT60KR.grosr2CG4DKVTiGy3D.7XHfYILBZJ5S', 'TP000212@mail.apu.edu.my', '+6012-5599623', 'Em-1778728488.png', 'Student'),
(216, 'Emma Chan', '$2y$10$bEcQjKNwbQnSE0NwI7bV.unyAmMNlEpk/SH.c/C1uVeMmOGLFKxfi', 'TP000213@mail.apu.edu.my', '+6012-5599623', 'Em-1778728488.png', 'Student'),
(217, 'Emma Wong', '$2y$10$swQZFK6o5wwWNuIRigm5D.CuEl5nZn58QYye1MgStTz.9fZLaQv4.', 'TP000214@mail.apu.edu.my', '+6012-5599623', 'Em-1778728488.png', 'Student'),
(218, 'Emma Smith', '$2y$10$ssUNFRtRcESiBj2oAfF3AOymR9yAf05N4oW.o4rHnOxuQPIZcMK6S', 'TP000215@mail.apu.edu.my', '+6012-5599623', 'Em-1778728488.png', 'Student'),
(219, 'Emma Lim', '$2y$10$UemceBRlQ1x88tQ7AtJlkehH/v3kPBPyOSeRmS5JaBJbdh2mqQEki', 'TP000216@mail.apu.edu.my', '+6012-5599623', 'Em-1778728488.png', 'Student'),
(220, 'Emma Khoo', '$2y$10$LgNRwB3cPlXzMN7jCli6IecCvbipEQMCukBDE.YmSe60QH/1i1cJa', 'TP000217@mail.apu.edu.my', '+6012-5599623', 'Em-1778728488.png', 'Student'),
(221, 'Emma Chee', '$2y$10$yfE.35QXzZ9oPVzwxXvKNO/ndQnawuKfKy8TIZvFBFamw8VTEijnG', 'TP000218@mail.apu.edu.my', '+6012-5599623', 'Em-1778728488.png', 'Student'),
(222, 'Emma Ong', '$2y$10$1aZ4yd2f/RYVOd2Y47mM5O.z.Cm4l3gxMeGeFnkxlwLhjqnzQJhmm', 'TP000219@mail.apu.edu.my', '+6012-5599623', 'Em-1778728488.png', 'Student'),
(223, 'Emma Choong', '$2y$10$3XRy4lekFNCDvRF5jxTtR.n8oc78g1pw8xZxH41AoVspnSjwomliO', 'TP000220@mail.apu.edu.my', '+6012-5599623', 'Em-1778728488.png', 'Student'),
(224, 'Emma Liu', '$2y$10$QY5k6eJNavzGVbQO6cENxuSwesuNRTWGb79HljSiJB6hQV47vWtx2', 'TP000221@mail.apu.edu.my', '+6012-5599623', 'Em-1778728488.png', 'Student'),
(225, 'Emma Chen', '$2y$10$FkhwVvLd/eydF384LIjr9eKAnBhJqo8uynFt69Z7iDBtn9WkC4dc6', 'TP000222@mail.apu.edu.my', '+6012-5599623', 'Em-1778728489.png', 'Student'),
(226, 'Emma Yang', '$2y$10$xNQhbwqQwJYZ6mfPtfg6U.MQEorx/9yGIP5ql9TjHoGu5XGiE4elu', 'TP000223@mail.apu.edu.my', '+6012-5599623', 'Em-1778728489.png', 'Student'),
(227, 'Emma Huang', '$2y$10$WkaSpYNkXlqKdIKiJdRoY.03sUoj7CHi7aYAFxBsOOXYfVVtUCDCe', 'TP000224@mail.apu.edu.my', '+6012-5599623', 'Em-1778728489.png', 'Student'),
(228, 'Emma Zhao', '$2y$10$z8dSSGqNjRY4KI2YbkYL7ud99.V4VQz.fhUtkxsfh0bWA7Sb.qRh2', 'TP000225@mail.apu.edu.my', '+6012-5599623', 'Em-1778728489.png', 'Student'),
(229, 'Emma Miller', '$2y$10$iQksS3pvj7DAMLFQARa9FOw/BxLT8PRZXX3jOg2KmGfD9Suhm2eGu', 'TP000226@mail.apu.edu.my', '+6012-5599623', 'Em-1778728489.png', 'Student'),
(230, 'Emma Wu', '$2y$10$C7LBtY8HygcIg.R/TUYp1eU/ZZH6eYy6KQulno9j9wuG4BPtsVnXm', 'TP000227@mail.apu.edu.my', '+6012-5599623', 'Em-1778728489.png', 'Student'),
(231, 'Emma Zhou', '$2y$10$Fn/BLxa9w9On.49EeL5uo.q2I./VBSILyS7YL6Agx3m8YRNb96yRm', 'TP000228@mail.apu.edu.my', '+6012-5599623', 'Em-1778728489.png', 'Student'),
(232, 'Emma Lau', '$2y$10$fZCYVZV6U1yngldGzeEdTuHXXbdID4Bm/eYvPoNPZn6pt2fc2BlQG', 'TP000229@mail.apu.edu.my', '+6012-5599623', 'Em-1778728489.png', 'Student'),
(233, 'Emma Carter', '$2y$10$wLEzmdhkA5PwvAjBYcFc7.lcCP/EkbuRDph43//ysHB.ZcUtxzVXK', 'TP000230@mail.apu.edu.my', '+6012-5599623', 'Em-1778728489.png', 'Student'),
(234, 'Doreen Tan', '$2y$10$3JjF0gOMo10bkGbwBMgsge6k0ZaS0K9GNw6yEeYxZD.R6PI/qmRpu', 'TP000231@mail.apu.edu.my', '+6012-5599623', 'Do-1778728489.png', 'Student'),
(235, 'Doreen Choo', '$2y$10$I8OLAvHPECJUjUCJhSfBperIfmMKCYZFfuwWEzvUuV2o4iBCsECvW', 'TP000232@mail.apu.edu.my', '+6012-5599623', 'Do-1778728489.png', 'Student'),
(236, 'Doreen Chan', '$2y$10$RK9rsMidQjnws/cO5rd4ueI5u0Au.3tNDFGhlK.38Q3phgxSeazje', 'TP000233@mail.apu.edu.my', '+6012-5599623', 'Do-1778728490.png', 'Student'),
(237, 'Doreen Wong', '$2y$10$VeyXd39/R1emqAzRt.maV.nFkGI7RhxS52KN.38NIkSLAyxas.hvq', 'TP000234@mail.apu.edu.my', '+6012-5599623', 'Do-1778728490.png', 'Student'),
(238, 'Doreen Smith', '$2y$10$DS8.5qX4xXmIlXJej.dms.FHkj98Ep8Dsn7KtcX.xSyCVhKY9SD3.', 'TP000235@mail.apu.edu.my', '+6012-5599623', 'Do-1778728490.png', 'Student'),
(239, 'Doreen Lim', '$2y$10$mrovWNBhpLai7gAS1TiFs.cjNhE1X4du7./W3YQLopaVBxJxv3rHC', 'TP000236@mail.apu.edu.my', '+6012-5599623', 'Do-1778728490.png', 'Student'),
(240, 'Doreen Khoo', '$2y$10$SCbECESoQhjYLD.mWxwcneavC0WRZ1n8jNGi4oxfySrpYk.y3K1dC', 'TP000237@mail.apu.edu.my', '+6012-5599623', 'Do-1778728490.png', 'Student'),
(241, 'Doreen Chee', '$2y$10$PRYJvHdGeVIHR5PMgoFuOOHCGKvlIZISoCD6eIFUH3ytD7qhUsfxq', 'TP000238@mail.apu.edu.my', '+6012-5599623', 'Do-1778728490.png', 'Student'),
(242, 'Doreen Ong', '$2y$10$acxvHuA1lZxGdL7j6A19C.VA1Icrito6D/IOLo4/r1fpZolIb2ouu', 'TP000239@mail.apu.edu.my', '+6012-5599623', 'Do-1778728490.png', 'Student'),
(243, 'Doreen Choong', '$2y$10$R97GyBxG9XpzvybWUflViuMwqCxcnXTM5PRMVXDlTgkkh2YWl9j9S', 'TP000240@mail.apu.edu.my', '+6012-5599623', 'Do-1778728490.png', 'Student'),
(244, 'Doreen Liu', '$2y$10$e1zmiBhhUH13MMkNJZ.KDOJtR92tWALfu6KITFp6t1taTRMmrUESG', 'TP000241@mail.apu.edu.my', '+6012-5599623', 'Do-1778728490.png', 'Student'),
(245, 'Doreen Chen', '$2y$10$ghjFZSZS/0Sdw/XIU1KP6eDmfusNKE.bsZgbhF9r5Oh3GyXaGID/W', 'TP000242@mail.apu.edu.my', '+6012-5599623', 'Do-1778728490.png', 'Student'),
(246, 'Doreen Yang', '$2y$10$V42yzicyZ5AzmYF2m49cX.slUH2KHkeSWMawHQUcJbGu7lQdjXZea', 'TP000243@mail.apu.edu.my', '+6012-5599623', 'Do-1778728490.png', 'Student'),
(247, 'Doreen Huang', '$2y$10$banHHWG4tm3Gm5DAbxLRyudFJshcHw0oALcpdtqSOSafn7z4LNOvG', 'TP000244@mail.apu.edu.my', '+6012-5599623', 'Do-1778728490.png', 'Student'),
(248, 'Doreen Zhao', '$2y$10$MZJgufVttXAGPlvo8fXcXOJDHzTHLy7LLOBif4p3tyLEy2coMvSJC', 'TP000245@mail.apu.edu.my', '+6012-5599623', 'Do-1778728491.png', 'Student'),
(249, 'Doreen Miller', '$2y$10$oKU71ad2fSn4BPcPoYiNt.85WEdEqiLQ3VGn9YMpgC6iraPPZIeAO', 'TP000246@mail.apu.edu.my', '+6012-5599623', 'Do-1778728491.png', 'Student'),
(250, 'Doreen Wu', '$2y$10$MgYc3xFQkztdj/LZ3F3n6OnDcfuupT5mJ0Bti7L9qnmRUAFYOLcuS', 'TP000247@mail.apu.edu.my', '+6012-5599623', 'Do-1778728491.png', 'Student'),
(251, 'Doreen Zhou', '$2y$10$KKirjsVhSH8J9OPX7mv7t.r.74sXg/sqZKxckY11kdWdxMq6xmTLq', 'TP000248@mail.apu.edu.my', '+6012-5599623', 'Do-1778728491.png', 'Student'),
(252, 'Doreen Lau', '$2y$10$9oMNguh37LsJAncTFmJJvOXlEHCt8G5KUk4N8jYAXqqDZxZAO.T5G', 'TP000249@mail.apu.edu.my', '+6012-5599623', 'Do-1778728491.png', 'Student'),
(253, 'Doreen Carter', '$2y$10$A.01gNus0H0zmAYLmsIc9u9BxQGN6/9bLZ5Gj3ZYN16OoB6EvJL1y', 'TP000250@mail.apu.edu.my', '+6012-5599623', 'Do-1778728491.png', 'Student'),
(254, 'Nova Tan', '$2y$10$.kMz0yaE/J5WHp1jXqRZleO4trC.wHN87cG2AgfcnWFJGT7h.9Lsq', 'TP000251@mail.apu.edu.my', '+6012-5599623', 'No-1778728491.png', 'Student'),
(255, 'Nova Choo', '$2y$10$e0ASyOg3nXniMKP0GkzYOOieiXkFoQnuix66SKKBCv/oYzjQW6f9u', 'TP000252@mail.apu.edu.my', '+6012-5599623', 'No-1778728491.png', 'Student'),
(256, 'Nova Chan', '$2y$10$Lo.hFydI3ieYvgh4cylyceJQqgnAgEQ3glEZXLklg3xnFyOD/6ccS', 'TP000253@mail.apu.edu.my', '+6012-5599623', 'No-1778728491.png', 'Student'),
(257, 'Nova Wong', '$2y$10$WGf96k6Sn1OH5WbrE693FOdmYFaWzWS7EPT3sP5dwSb.xWHqcZn.W', 'TP000254@mail.apu.edu.my', '+6012-5599623', 'No-1778728491.png', 'Student'),
(258, 'Nova Smith', '$2y$10$hcfmrv4/.3r9oo9vOJvgOOM7xV8oAwxCXhl7pZdTAa57PzHHX8QQq', 'TP000255@mail.apu.edu.my', '+6012-5599623', 'No-1778728491.png', 'Student'),
(259, 'Nova Lim', '$2y$10$TxC8zUcAJGQ5UDsMzrF0OO9w.kQkWIWXHs.3W3R14LQX8HoQKiOLK', 'TP000256@mail.apu.edu.my', '+6012-5599623', 'No-1778728491.png', 'Student'),
(260, 'Nova Khoo', '$2y$10$YRbrkGt2I7CzvZQGxpn3fO/k0hCd7J1YAJgLFtyOP6V2bQjiU9rBO', 'TP000257@mail.apu.edu.my', '+6012-5599623', 'No-1778728492.png', 'Student'),
(261, 'Nova Chee', '$2y$10$kqmhTDheFUC4MJPgP00rqelnx.GJba7ckg7OMwWOcYqpeii3mkU0S', 'TP000258@mail.apu.edu.my', '+6012-5599623', 'No-1778728492.png', 'Student'),
(262, 'Nova Ong', '$2y$10$cpkso0OkIoI3CvgR6HNJZuN9VoGINzravkz9nZQg2rdUrGRYkUO/6', 'TP000259@mail.apu.edu.my', '+6012-5599623', 'No-1778728492.png', 'Student'),
(263, 'Nova Choong', '$2y$10$G880lTp1vWDPPrKYk6gOuu.lOkOBrbSi/6cRKOOporO1AxO5DgUQu', 'TP000260@mail.apu.edu.my', '+6012-5599623', 'No-1778728492.png', 'Student'),
(264, 'Nova Liu', '$2y$10$fT90nNwkv4PtCEptG93lqeBXgV99bmvPIN5qIjGNKP5bUy/Gdwmw6', 'TP000261@mail.apu.edu.my', '+6012-5599623', 'No-1778728492.png', 'Student'),
(265, 'Nova Chen', '$2y$10$NU8OAfUbarBSs6MU3X7Z6e5XGGZkZh7ur9UT/4U3WHhp0QF51I1iS', 'TP000262@mail.apu.edu.my', '+6012-5599623', 'No-1778728492.png', 'Student'),
(266, 'Nova Yang', '$2y$10$4Nfsg40Kpvm/KaWNbjOfWeQexFXgfIPPWgwjVcyKVTaItCc84m3vK', 'TP000263@mail.apu.edu.my', '+6012-5599623', 'No-1778728492.png', 'Student'),
(267, 'Nova Huang', '$2y$10$itsfsubQ3epK5A7m77ocP.KI13WrZq/UWyR3rEx/uORJTk8XLjegK', 'TP000264@mail.apu.edu.my', '+6012-5599623', 'No-1778728492.png', 'Student'),
(268, 'Nova Zhao', '$2y$10$NHEhH8n1dB0a/tDDlwP8UOPRdzllr1ATSKsUk6cah.SNocXKfohCm', 'TP000265@mail.apu.edu.my', '+6012-5599623', 'No-1778728492.png', 'Student'),
(269, 'Nova Miller', '$2y$10$C2JvVRhJy9g3/yG68omKlOl/3tPNKG6gMHj4SxiNoiQi2qwEs6pFy', 'TP000266@mail.apu.edu.my', '+6012-5599623', 'No-1778728492.png', 'Student'),
(270, 'Nova Wu', '$2y$10$c48VlWLTfnzWAn9vYoKKyOmWdxqkTq.uuY70UNqm2cey.CmPoYEIy', 'TP000267@mail.apu.edu.my', '+6012-5599623', 'No-1778728492.png', 'Student'),
(271, 'Nova Zhou', '$2y$10$TZtmeM/Pdd4cgmBSkSuZReWc8L2UWqlx87aMQahSlc7yTynGVnIqu', 'TP000268@mail.apu.edu.my', '+6012-5599623', 'No-1778728492.png', 'Student'),
(272, 'Nova Lau', '$2y$10$Z43qjC5BaLEPbrXDkKu8eei0fIxDpP5WCRXc587gZHv6VFED79pnG', 'TP000269@mail.apu.edu.my', '+6012-5599623', 'No-1778728493.png', 'Student'),
(273, 'Nova Carter', '$2y$10$6AfBSP1nzOPf8N4fcDkZH.0kwC9lzANuQKAjsUhh2qgUamkZ8hOQu', 'TP000270@mail.apu.edu.my', '+6012-5599623', 'No-1778728493.png', 'Student'),
(274, 'Julia Tan', '$2y$10$N6F73w6CLFoz1/0QML2uOe72ICGuzzKTrwMlqJd4vv4nui9ZkcKUu', 'TP000271@mail.apu.edu.my', '+6012-5599623', 'Ju-1778728493.png', 'Student'),
(275, 'Julia Choo', '$2y$10$f7jiBWf/L8WAPLlmtcl5WeYqKN5FWV8Ud7C8WyX1Oco3a6HIQOmiu', 'TP000272@mail.apu.edu.my', '+6012-5599623', 'Ju-1778728493.png', 'Student'),
(276, 'Julia Chan', '$2y$10$nvuGr4SpjoQYaEXxzAXlh.13T97M8Wj5DAQZTztT98hk.QejwbWpy', 'TP000273@mail.apu.edu.my', '+6012-5599623', 'Ju-1778728493.png', 'Student'),
(277, 'Julia Wong', '$2y$10$gxZsNAxQ4scCUBXI/HGZQu7gRkxs9WX1OsXK3cRSuTU4S9.OnW/y6', 'TP000274@mail.apu.edu.my', '+6012-5599623', 'Ju-1778728493.png', 'Student'),
(278, 'Julia Smith', '$2y$10$T4Zi24XSZj9pxP0j1mkPfOolcF2/rsElxRqdXZxreZpJqAXVfO9V6', 'TP000275@mail.apu.edu.my', '+6012-5599623', 'Ju-1778728493.png', 'Student'),
(279, 'Julia Lim', '$2y$10$ehRkz4/4hSlu0BmymKgJzuazdzQeNSM1ZlN9Dl3KTm7cHme0mQIJW', 'TP000276@mail.apu.edu.my', '+6012-5599623', 'Ju-1778728493.png', 'Student'),
(280, 'Julia Khoo', '$2y$10$LmfMZQCtcEa.6GAIdZBQM.akmMjj8aIVI8qib8pwRklvOmtD6sKHy', 'TP000277@mail.apu.edu.my', '+6012-5599623', 'Ju-1778728493.png', 'Student'),
(281, 'Julia Chee', '$2y$10$Z.oRmw.2SFWprQ5F4Mt.NOfyQW4xGoG16/X2eMjo707qJgi4wcL5C', 'TP000278@mail.apu.edu.my', '+6012-5599623', 'Ju-1778728493.png', 'Student'),
(282, 'Julia Ong', '$2y$10$JLUDIev0JWRNqbcphdBOgeEt7uo48MUgI75s7yUDYQ8cs5rTq/vaS', 'TP000279@mail.apu.edu.my', '+6012-5599623', 'Ju-1778728493.png', 'Student'),
(283, 'Julia Choong', '$2y$10$gEeAARCtJMxmFSw.TNsfDecuuBBvTpiwoMmJQo5X6Fg3tiGsw3qw.', 'TP000280@mail.apu.edu.my', '+6012-5599623', 'Ju-1778728493.png', 'Student'),
(284, 'Julia Liu', '$2y$10$ugT8VjFuyKFW1KxsXluree/qPGwcWkRg6Hegg98lXl.xv.VxcE9gi', 'TP000281@mail.apu.edu.my', '+6012-5599623', 'Ju-1778728494.png', 'Student'),
(285, 'Julia Chen', '$2y$10$aJdlQGh0AFEcPJn58p4eruce1qSdu2BwImrME9Q4UdXipQfFFHUo2', 'TP000282@mail.apu.edu.my', '+6012-5599623', 'Ju-1778728494.png', 'Student'),
(286, 'Julia Yang', '$2y$10$VL0vlh67d61fis0K7APo3OQZ..4VHF3n/U6XpW0E47CAi7S8Sw95y', 'TP000283@mail.apu.edu.my', '+6012-5599623', 'Ju-1778728494.png', 'Student'),
(287, 'Julia Huang', '$2y$10$z4DTlmPmTBikMm3Vb7Ow4uZ1lr9EwndOhBMzLoqe/VkHSdEmH3PvC', 'TP000284@mail.apu.edu.my', '+6012-5599623', 'Ju-1778728494.png', 'Student'),
(288, 'Julia Zhao', '$2y$10$bFJfWy3Z.6w3BpJ3q.IVUuicBZzRtXIm6P390p2YblLzBb.NRLWdC', 'TP000285@mail.apu.edu.my', '+6012-5599623', 'Ju-1778728494.png', 'Student'),
(289, 'Julia Miller', '$2y$10$UWX0WgftumsUFS5T62cSg.dPxGaK4wS0RJvIjdz6UDMyo4iwjp7Yu', 'TP000286@mail.apu.edu.my', '+6012-5599623', 'Ju-1778728494.png', 'Student'),
(290, 'Julia Wu', '$2y$10$ZSD5MBpZsOmFPP85vx6HpO6x3m9rxCsSLmZjAoZ4MII0tUpDz3kEC', 'TP000287@mail.apu.edu.my', '+6012-5599623', 'Ju-1778728494.png', 'Student'),
(291, 'Julia Zhou', '$2y$10$WjY0q49LnDXXmMX/sHdYXuLDLHuW96.uEy/Gm2oC5kpkH.M5Nlg3K', 'TP000288@mail.apu.edu.my', '+6012-5599623', 'Ju-1778728494.png', 'Student'),
(292, 'Julia Lau', '$2y$10$Xj5rtAH8VGA8eLvTQOUWduso1JR29qHjUh2WwGTsC/3wGU22tXW.2', 'TP000289@mail.apu.edu.my', '+6012-5599623', 'Ju-1778728494.png', 'Student'),
(293, 'Julia Carter', '$2y$10$X/rqhwlf1J889u9WJE5IuewkPyHLJuFuugxyWnvZYUheE3KtJ.6UK', 'TP000290@mail.apu.edu.my', '+6012-5599623', 'Ju-1778728494.png', 'Student'),
(294, 'Britney Tan', '$2y$10$LpLgpCNKYxVljKVU/5qeR.SJnWkW5qSJsPzvTX5RJmel6bGwvYSxW', 'TP000291@mail.apu.edu.my', '+6012-5599623', 'Br-1778728494.png', 'Student'),
(295, 'Britney Choo', '$2y$10$lwkVFjEtn1p8gAbzMV8gDexR5ZdrHZIird0iYP4TGAJt8XUJUcSHC', 'TP000292@mail.apu.edu.my', '+6012-5599623', 'Br-1778728494.png', 'Student'),
(296, 'Britney Chan', '$2y$10$G.letwiFIgNF1VRhM35PT.P4MWa/bc1v7ypzpN6B/r8kKX4GKasMG', 'TP000293@mail.apu.edu.my', '+6012-5599623', 'Br-1778728495.png', 'Student'),
(297, 'Britney Wong', '$2y$10$hq9Qs/8YSOCphM0DzwDpMesM04D.uLWYDrWJ1ryy8g8fBd1W7qGD2', 'TP000294@mail.apu.edu.my', '+6012-5599623', 'Br-1778728495.png', 'Student'),
(298, 'Britney Smith', '$2y$10$mzJie57TacUQayPoCi00..glnnXrvaKdQ.Q4QvAHq.wGvp3rtX2F2', 'TP000295@mail.apu.edu.my', '+6012-5599623', 'Br-1778728495.png', 'Student'),
(299, 'Britney Lim', '$2y$10$6ZX39lU7nG.X8nU0oVtzZuZCBlxDL/nLzpBzi5ntdwUpMz8T.fZLK', 'TP000296@mail.apu.edu.my', '+6012-5599623', 'Br-1778728495.png', 'Student'),
(300, 'Britney Khoo', '$2y$10$JkgJY13S3iCapFT/N0A1nOxSQVoEVVYUf0hObUt57Xb/QTAUPZCz6', 'TP000297@mail.apu.edu.my', '+6012-5599623', 'Br-1778728495.png', 'Student'),
(301, 'Britney Chee', '$2y$10$G8lQ6dLK7W8j9WxyIZUVyeX7iPTGG92s6AZdUnwPUvkK51e6RwTyi', 'TP000298@mail.apu.edu.my', '+6012-5599623', 'Br-1778728495.png', 'Student'),
(302, 'Britney Ong', '$2y$10$vuPSQnEYsg2bHTSxRasqu.iN9TVp2cuYDm2ypxazGDTAV/j3nkWqW', 'TP000299@mail.apu.edu.my', '+6012-5599623', 'Br-1778728495.png', 'Student'),
(303, 'Britney Choong', '$2y$10$x2AvizSfEd/cr3on66PvL.NmUesjH82wSNXnDyXlswf61qmtFE0Uu', 'TP000300@mail.apu.edu.my', '+6012-5599623', 'Br-1778728495.png', 'Student'),
(304, 'Britney Liu', '$2y$10$6GbXjLaQ/j/rm5gX50JUHueMYnA/nUwZJJB/rr8CyH1n2tOEOhYZK', 'TP000301@mail.apu.edu.my', '+6012-5599623', 'Br-1778728495.png', 'Student'),
(305, 'Britney Chen', '$2y$10$uf2AUOOaVhAlCfZfoLX/huEd8FOIdMKlGGh523y27ZrTRfTpGZCzC', 'TP000302@mail.apu.edu.my', '+6012-5599623', 'Br-1778728495.png', 'Student'),
(306, 'Britney Yang', '$2y$10$ZjKpAcez3BKLqIm8nx7I4OkBq.jwrtM8gs4lnscfmmZaj9lR70oXW', 'TP000303@mail.apu.edu.my', '+6012-5599623', 'Br-1778728495.png', 'Student'),
(307, 'Britney Huang', '$2y$10$sezgzhGrLpo.5X6Ds.9B7edGcdQgOE8boeXBTuOeuT3J4428S1ywy', 'TP000304@mail.apu.edu.my', '+6012-5599623', 'Br-1778728496.png', 'Student'),
(308, 'Britney Zhao', '$2y$10$AWM1BpgPZ868yhyIL0bidOHLc2UCH3Ddm3wC4RK8YFPZPY9che.vC', 'TP000305@mail.apu.edu.my', '+6012-5599623', 'Br-1778728496.png', 'Student'),
(309, 'Britney Miller', '$2y$10$80Qe9yuHx9pSruiq77.txeHEipNcd36zeDSwt97Hg/xja9LvqXU76', 'TP000306@mail.apu.edu.my', '+6012-5599623', 'Br-1778728496.png', 'Student'),
(310, 'Britney Wu', '$2y$10$4u9xSkIm3NMjtY5fKGS9f.ATDKEpnFiOBWbo9Djmb9PV0aar767.q', 'TP000307@mail.apu.edu.my', '+6012-5599623', 'Br-1778728496.png', 'Student'),
(311, 'Britney Zhou', '$2y$10$7QOQVw1Z3GaMU4H0Zbh9JeU0HRquwPY6DLn3L87Xd1IXX6d7eW6HK', 'TP000308@mail.apu.edu.my', '+6012-5599623', 'Br-1778728496.png', 'Student'),
(312, 'Britney Lau', '$2y$10$b6meDj9gP531tfnXwQIXWe.CGPxtAk4uzmmjxO1OzJouAOcrw3rI2', 'TP000309@mail.apu.edu.my', '+6012-5599623', 'Br-1778728496.png', 'Student'),
(313, 'Britney Carter', '$2y$10$hgJ5YKKyi5xYkBKeuXogBeLyddtYG6y6VmuYZKjI31PIET637FRK.', 'TP000310@mail.apu.edu.my', '+6012-5599623', 'Br-1778728496.png', 'Student');
INSERT INTO `user` (`user_id`, `name`, `password`, `email`, `phone`, `picture`, `role`) VALUES
(314, 'Aida Tan', '$2y$10$outfPPRxET0hC/8xMVJKdeye4K3xEITtinVDrwyMocEZxShfG8vjm', 'TP000311@mail.apu.edu.my', '+6012-5599623', 'Ai-1778728496.png', 'Student'),
(315, 'Aida Choo', '$2y$10$P5utgSTEm7B.Ze7Mj66NDO/4aYwGQW302vu6DXVan0L5IL9tSfNd2', 'TP000312@mail.apu.edu.my', '+6012-5599623', 'Ai-1778728496.png', 'Student'),
(316, 'Aida Chan', '$2y$10$u201VUY49BaEwoI0MHAmwuSJdIQXIJmkpVvg9xU8Nfe2kzlO2AXIy', 'TP000313@mail.apu.edu.my', '+6012-5599623', 'Ai-1778728496.png', 'Student'),
(317, 'Aida Wong', '$2y$10$do8tYxYDr3nsbMufJJBH9O4Dv/gL5lprtSHGnZkvqK6mIe4.pAycK', 'TP000314@mail.apu.edu.my', '+6012-5599623', 'Ai-1778728496.png', 'Student'),
(318, 'Aida Smith', '$2y$10$czMf128RVE3xIxoma2mT3OxiCLf9U/6UTfHcTRGFdaUcgIcJLrCMW', 'TP000315@mail.apu.edu.my', '+6012-5599623', 'Ai-1778728496.png', 'Student'),
(319, 'Aida Lim', '$2y$10$LWJOZLluwbVSN4AEC8v48OtTVfuexlWOmp.sD7gWmMzn9bB9B14GC', 'TP000316@mail.apu.edu.my', '+6012-5599623', 'Ai-1778728497.png', 'Student'),
(320, 'Aida Khoo', '$2y$10$wR39eExqDxtvXBmN.ZSVzeRHmwGqz9CGH5r7Jn6x8JvDgzegqh7z6', 'TP000317@mail.apu.edu.my', '+6012-5599623', 'Ai-1778728497.png', 'Student'),
(321, 'Aida Chee', '$2y$10$HjVfYyWkN4AHBmyEj1SMnev0KOURBxiSYJdT1XC04LGU8vLFxeQEG', 'TP000318@mail.apu.edu.my', '+6012-5599623', 'Ai-1778728497.png', 'Student'),
(322, 'Aida Ong', '$2y$10$BrDUl4dn33gLJffmqMxFnuTjlRzJSmFwfUGn.Ni1u8AWPMO0WE38y', 'TP000319@mail.apu.edu.my', '+6012-5599623', 'Ai-1778728497.png', 'Student'),
(323, 'Aida Choong', '$2y$10$4b.BJ0PvugpOuovKZjAHNOyBuPNEu.SF6YMm8OzJVhTv1QYC1s00m', 'TP000320@mail.apu.edu.my', '+6012-5599623', 'Ai-1778728497.png', 'Student'),
(324, 'Aida Liu', '$2y$10$wUvCgGJ3FcDEr/GnDQLYyuwSVXUSOmWhglK9tJ7cv2WWAsRIjhP5i', 'TP000321@mail.apu.edu.my', '+6012-5599623', 'Ai-1778728497.png', 'Student'),
(325, 'Aida Chen', '$2y$10$s1uTtibTqVKR74BTaVWqCeDUlUN6YWabDJMzCCbgVVy2G4r8ZuqqS', 'TP000322@mail.apu.edu.my', '+6012-5599623', 'Ai-1778728497.png', 'Student'),
(326, 'Aida Yang', '$2y$10$D5w/Se12hmbRX5ADWWx99uPRYqjzSie9YM2sSpvkAgPVsTeYG7wqC', 'TP000323@mail.apu.edu.my', '+6012-5599623', 'Ai-1778728497.png', 'Student'),
(327, 'Aida Huang', '$2y$10$vPrFL6e1wrkQFAvt03wGQum2urivWym/GXprI4JYF8uDTtfOlxbFW', 'TP000324@mail.apu.edu.my', '+6012-5599623', 'Ai-1778728497.png', 'Student'),
(328, 'Aida Zhao', '$2y$10$8jV8BGLpaIEydYjGjidREevDwv1bc7BXKILFmpSX0sRfBmQM23g9a', 'TP000325@mail.apu.edu.my', '+6012-5599623', 'Ai-1778728497.png', 'Student'),
(329, 'Aida Miller', '$2y$10$QJX0i4qxjAKhDjACX.CTLO3JxJXPbpvNdA/L0oh25oh9Mo8hjbuB.', 'TP000326@mail.apu.edu.my', '+6012-5599623', 'Ai-1778728497.png', 'Student'),
(330, 'Aida Wu', '$2y$10$uX4e6VGO/zSnGGV0GgR94uLcezetu95YcG86y1IhJAAss9POY7Wjm', 'TP000327@mail.apu.edu.my', '+6012-5599623', 'Ai-1778728497.png', 'Student'),
(331, 'Aida Zhou', '$2y$10$cGZEc1oPWl7bYSjFA2fvt.wKBasDf9I6QK.LhGl18pvHhxc31KO1a', 'TP000328@mail.apu.edu.my', '+6012-5599623', 'Ai-1778728498.png', 'Student'),
(332, 'Aida Lau', '$2y$10$p9H1/A64tTlGpUGx3b.ZSuwmjZ0riFUMJkEw88pan356SxVGznyfq', 'TP000329@mail.apu.edu.my', '+6012-5599623', 'Ai-1778728498.png', 'Student'),
(333, 'Aida Carter', '$2y$10$IYupIOcEPmZqix/m0L47w.wGKuJ8b5.6Lc/4iK0oZ6AdzPFsZaHqO', 'TP000330@mail.apu.edu.my', '+6012-5599623', 'Ai-1778728498.png', 'Student'),
(334, 'Carol Tan', '$2y$10$duaHr0FrjlyR7nxk8HGlMO/NfzD02XIdihHRHikuzCeY1AqfYYb/a', 'TP000331@mail.apu.edu.my', '+6012-5599623', 'Ca-1778728498.png', 'Student'),
(335, 'Carol Choo', '$2y$10$poOl70IqgocF.J7n3Ye5l.cCU6RBgd4JLn5bM3Sxd7wHzc7EGkBUO', 'TP000332@mail.apu.edu.my', '+6012-5599623', 'Ca-1778728498.png', 'Student'),
(336, 'Carol Chan', '$2y$10$R58XCzpCueRJjoqLUsn0VO8DEaVIk4DtcsokcU6IB9G1T8JPQjyGq', 'TP000333@mail.apu.edu.my', '+6012-5599623', 'Ca-1778728498.png', 'Student'),
(337, 'Carol Wong', '$2y$10$o8m3.tUcus5ZGZ6t0HJ4uOV8TQl4F2X0ypcpG67DKHuPfp.zcMmFy', 'TP000334@mail.apu.edu.my', '+6012-5599623', 'Ca-1778728498.png', 'Student'),
(338, 'Carol Smith', '$2y$10$r1Pv10AH.RR8kRkaGokbJeiTATEIGg5THuBJAeB0TH4.U/amzo4GG', 'TP000335@mail.apu.edu.my', '+6012-5599623', 'Ca-1778728498.png', 'Student'),
(339, 'Carol Lim', '$2y$10$x9uPE8fVt9Ctr7SglNiW5u2vL4klzNGXNxrV9JMIL8YvgO.PYpy7i', 'TP000336@mail.apu.edu.my', '+6012-5599623', 'Ca-1778728498.png', 'Student'),
(340, 'Carol Khoo', '$2y$10$ODC0/WF5/oCCC12W/YGGkuuwvZQa8PprHQOkSWwq2exEawinaNs.a', 'TP000337@mail.apu.edu.my', '+6012-5599623', 'Ca-1778728498.png', 'Student'),
(341, 'Carol Chee', '$2y$10$neyXEnsU9UY1p4UwkYpDPOJ9nCTt8BJYXQCmJB7uzVtN/mYMl1GJK', 'TP000338@mail.apu.edu.my', '+6012-5599623', 'Ca-1778728498.png', 'Student'),
(342, 'Carol Ong', '$2y$10$kLkLyOYsXWifAI4QnHkp6OWUcdCof0tTj.AsTotnqT.Gdj2BMevHy', 'TP000339@mail.apu.edu.my', '+6012-5599623', 'Ca-1778728498.png', 'Student'),
(343, 'Carol Choong', '$2y$10$pAtj71aQPB8gwjXqrgp9eOq6pKDQrxl1/awLHtai1UL4BMQVPYwcC', 'TP000340@mail.apu.edu.my', '+6012-5599623', 'Ca-1778728499.png', 'Student'),
(344, 'Carol Liu', '$2y$10$4XotmbV6XEJyKXk82k0T1.YqMNtRVDl.za7Ul0nfhyRB7syiKM70S', 'TP000341@mail.apu.edu.my', '+6012-5599623', 'Ca-1778728499.png', 'Student'),
(345, 'Carol Chen', '$2y$10$v3xwFcwdm3kjATxaYPO2puw/.UWSWgA3GtMT5XHpUIdDWS402g90q', 'TP000342@mail.apu.edu.my', '+6012-5599623', 'Ca-1778728499.png', 'Student'),
(346, 'Carol Yang', '$2y$10$1rXIoP52lc.KLZYbvfacZutWdyxJYrHa/fpzzP9qgWaPIwqhAQd/6', 'TP000343@mail.apu.edu.my', '+6012-5599623', 'Ca-1778728499.png', 'Student'),
(347, 'Carol Huang', '$2y$10$.otX3OC9V1wnJxEIR3Es..0FelYvgJj2X.X5vPvBBfys1hU.Q5lZe', 'TP000344@mail.apu.edu.my', '+6012-5599623', 'Ca-1778728499.png', 'Student'),
(348, 'Carol Zhao', '$2y$10$S/NevfQDkUEK.Fl4anF8b.n0LwqweGCTm/HjU72MqVJY03zIWofwK', 'TP000345@mail.apu.edu.my', '+6012-5599623', 'Ca-1778728499.png', 'Student'),
(349, 'Carol Miller', '$2y$10$YjnGlxc1/OMVZhWZ//YMIemDZoA/JzKhUnfv/l24Hxv7AhJdzD5c.', 'TP000346@mail.apu.edu.my', '+6012-5599623', 'Ca-1778728499.png', 'Student'),
(350, 'Carol Wu', '$2y$10$FviqoB125xR1aEMSC3ZspeMJvHASbI/TnUB.m7pJpoEMqBxp2VSPm', 'TP000347@mail.apu.edu.my', '+6012-5599623', 'Ca-1778728499.png', 'Student'),
(351, 'Carol Zhou', '$2y$10$yjCaxy8OE.pR0GU6SatHNOUBVh3nogygNswKj2KcIcRX/WxTOEUUK', 'TP000348@mail.apu.edu.my', '+6012-5599623', 'Ca-1778728499.png', 'Student'),
(352, 'Carol Lau', '$2y$10$lDbNOGHGP3oAv6iWFTjfLunIa83lzlV9OBQAN5EabLfEzRn47.3hG', 'TP000349@mail.apu.edu.my', '+6012-5599623', 'Ca-1778728499.png', 'Student'),
(353, 'Carol Carter', '$2y$10$FX1gKhOLiqkJwW2dGapoIOHku02dCPfcca/GE0Q8F0LyeLzCQSu6S', 'TP000350@mail.apu.edu.my', '+6012-5599623', 'Ca-1778728499.png', 'Student'),
(354, 'Liana Tan', '$2y$10$DpiSmnSeObHTGIW6QoVKM.X//K/hdpG2giNrtdF6IZbMJb2Y5vFym', 'TP000351@mail.apu.edu.my', '+6012-5599623', 'Li-1778728500.png', 'Student'),
(355, 'Liana Choo', '$2y$10$lLSTeIJyP.U6/7ksrQuwdOqclNq3ARU/pmASOUyuAccJOnkV4HsK2', 'TP000352@mail.apu.edu.my', '+6012-5599623', 'Li-1778728500.png', 'Student'),
(356, 'Liana Chan', '$2y$10$/fhtDd1TImH61FCwqL/HtudrZqJGgLkTR0mMvGB8WjF.bvidkXTd6', 'TP000353@mail.apu.edu.my', '+6012-5599623', 'Li-1778728500.png', 'Student'),
(357, 'Liana Wong', '$2y$10$N8p5zLn7kQCpjV/mZ.zXvu8lzy9rA2illAOiAFQnwjFnax8xOkOTW', 'TP000354@mail.apu.edu.my', '+6012-5599623', 'Li-1778728500.png', 'Student'),
(358, 'Liana Smith', '$2y$10$PAT4XOSx0wCWx1wYpxlUMe2BtMtL0mcxh3bkKb1KBoZG/FwSPxI7K', 'TP000355@mail.apu.edu.my', '+6012-5599623', 'Li-1778728500.png', 'Student'),
(359, 'Liana Lim', '$2y$10$USxMHlwPWResV92w8mCnZubYERUKw/AL0wvF9LlzswBWlPZrbp5F2', 'TP000356@mail.apu.edu.my', '+6012-5599623', 'Li-1778728500.png', 'Student'),
(360, 'Liana Khoo', '$2y$10$uvLjfiZ3uqphZX22ly.0bOwN78o0kqKHGqQ9uCsqMT.8mSNbMiG6a', 'TP000357@mail.apu.edu.my', '+6012-5599623', 'Li-1778728500.png', 'Student'),
(361, 'Liana Chee', '$2y$10$i9.rjINsXpi8bImKPVcZe.k/.VOU2DyXy2URf81AOPvfA/r1px0jC', 'TP000358@mail.apu.edu.my', '+6012-5599623', 'Li-1778728500.png', 'Student'),
(362, 'Liana Ong', '$2y$10$wbI69W7xwPYwCwL58GLAZ.5HFFL64HPvqZsI4J5ZJMxVSuqgTfleK', 'TP000359@mail.apu.edu.my', '+6012-5599623', 'Li-1778728500.png', 'Student'),
(363, 'Liana Choong', '$2y$10$IMMZroB6bkc2TTEpBCBlSu2NGIJp9.vjNLtkXwN4OE2Fcy6HqXXL2', 'TP000360@mail.apu.edu.my', '+6012-5599623', 'Li-1778728500.png', 'Student'),
(364, 'Liana Liu', '$2y$10$7Eb.3H43CoW2U9LS.Nb9r.2isakrP223vP5vogGQFufYL0U7n2JYC', 'TP000361@mail.apu.edu.my', '+6012-5599623', 'Li-1778728500.png', 'Student'),
(365, 'Liana Chen', '$2y$10$ZcWUbMal6GPKvl1CVm2QVOf3QoJhTSKcScC6O2hzmZvXjoP5BBN/W', 'TP000362@mail.apu.edu.my', '+6012-5599623', 'Li-1778728501.png', 'Student'),
(366, 'Liana Yang', '$2y$10$9xe0nr7vpU6dIIV8rySrx.s7nhajE4pBGiA/tUH4k/b.ybjO/7c9C', 'TP000363@mail.apu.edu.my', '+6012-5599623', 'Li-1778728501.png', 'Student'),
(367, 'Liana Huang', '$2y$10$K0zjZcw.YmXSx.0qMcHaEOldxxmDOppQgXb06YSuzFpEtUmLAFD2K', 'TP000364@mail.apu.edu.my', '+6012-5599623', 'Li-1778728501.png', 'Student'),
(368, 'Liana Zhao', '$2y$10$V8JeDsWis8V61ZaXrWYy3ODOsdixjlobz5bNdn6nSUuqIcV8ys/gq', 'TP000365@mail.apu.edu.my', '+6012-5599623', 'Li-1778728501.png', 'Student'),
(369, 'Liana Miller', '$2y$10$3wg0Z2gmTRTWvCdbLLVo2ODYBRr2QY8wBjgR.ZXPfm/6yPdtB9z9W', 'TP000366@mail.apu.edu.my', '+6012-5599623', 'Li-1778728501.png', 'Student'),
(370, 'Liana Wu', '$2y$10$aQJwFZWmvWWfUz2F47B5ReJyXJOqx0IZMDTmwcoxHbFX.b8lFtVgm', 'TP000367@mail.apu.edu.my', '+6012-5599623', 'Li-1778728501.png', 'Student'),
(371, 'Liana Zhou', '$2y$10$acevtMD2s/28m5n7hIjtx.VCgnX5rk/UfxyztrhkpbhJLL5kklL5e', 'TP000368@mail.apu.edu.my', '+6012-5599623', 'Li-1778728501.png', 'Student'),
(372, 'Liana Lau', '$2y$10$kRPuKWf1u02jBBu.YN6Kr.lKjUl8gCww0mIEhR7IHtjKeyHUMxYoe', 'TP000369@mail.apu.edu.my', '+6012-5599623', 'Li-1778728501.png', 'Student'),
(373, 'Liana Carter', '$2y$10$qoxGko1QdGw8wZOQcmoL/eneSzJ5ZNvgiQDb2L3v0wXUN6y/lwxQq', 'TP000370@mail.apu.edu.my', '+6012-5599623', 'Li-1778728501.png', 'Student'),
(374, 'Christina Tan', '$2y$10$UmXRyXQqJyoScYIJ3sfts.gvMKy1itIiqmLwXhEaZEiK/JuTZUyc2', 'TP000371@mail.apu.edu.my', '+6012-5599623', 'Ch-1778728501.png', 'Student'),
(375, 'Christina Choo', '$2y$10$mqAp9Xl8Lh0NcPsGduFjoOIymQi1Y6u4AEK6RJYBsCbRsytqsLpDm', 'TP000372@mail.apu.edu.my', '+6012-5599623', 'Ch-1778728501.png', 'Student'),
(376, 'Christina Chan', '$2y$10$EVngb55io6LPmVfTH8GZVevQnoSMKPuvnFZjiMQBab6TcDm4tWtNW', 'TP000373@mail.apu.edu.my', '+6012-5599623', 'Ch-1778728501.png', 'Student'),
(377, 'Christina Wong', '$2y$10$T3i5kXZvfVZadbRy8zAT7.Lygpacu2pEqlXt7Xb9tNQqA0xV188vK', 'TP000374@mail.apu.edu.my', '+6012-5599623', 'Ch-1778728502.png', 'Student'),
(378, 'Christina Smith', '$2y$10$Bqk.Rax.L2A/iurdSv2bae.BoYQpfZDAD76NYzmpXijE/ZVEsxUwG', 'TP000375@mail.apu.edu.my', '+6012-5599623', 'Ch-1778728502.png', 'Student'),
(379, 'Christina Lim', '$2y$10$p/xu.yroCJ.CCOeGK7mTeemxiE3ZETZDqiJk15WydBf//L0OdHZgC', 'TP000376@mail.apu.edu.my', '+6012-5599623', 'Ch-1778728502.png', 'Student'),
(380, 'Christina Khoo', '$2y$10$.FkFLJk6QxSLS7WOHl0cJOCKmihkNM9qS6ruklAPrVPH9L1jHBbvm', 'TP000377@mail.apu.edu.my', '+6012-5599623', 'Ch-1778728502.png', 'Student'),
(381, 'Christina Chee', '$2y$10$Fpbw6BxiLV4zPuS/5cWFl.RczBjgjlwMmmHryOKfYwotqpkwLSkta', 'TP000378@mail.apu.edu.my', '+6012-5599623', 'Ch-1778728502.png', 'Student'),
(382, 'Christina Ong', '$2y$10$zMXUZ.StuRJPnzFvaFvMM.BziRA0mDqMKscs6kr.s/SxvocFyj7mS', 'TP000379@mail.apu.edu.my', '+6012-5599623', 'Ch-1778728502.png', 'Student'),
(383, 'Christina Choong', '$2y$10$CvyVknQKmFc0UgDBIOr0meaveNNodn6tlXiecOovXn11BfZZG4bda', 'TP000380@mail.apu.edu.my', '+6012-5599623', 'Ch-1778728502.png', 'Student'),
(384, 'Christina Liu', '$2y$10$yjqqo3mfQQ7vHsgaLBiRXOgvNBZytoNR91FlP5QFxRDp2NFN2OTq.', 'TP000381@mail.apu.edu.my', '+6012-5599623', 'Ch-1778728502.png', 'Student'),
(385, 'Christina Chen', '$2y$10$hsaz5nR4gntRqmseINBajOOn.6SFZRmFf7eu2njXm5yGHXK09JR2C', 'TP000382@mail.apu.edu.my', '+6012-5599623', 'Ch-1778728502.png', 'Student'),
(386, 'Christina Yang', '$2y$10$F.D.5wmwxp1pvgwHdVBU.unvu3ZBs3mLgYSVpwDdD9II/9Gvivv8y', 'TP000383@mail.apu.edu.my', '+6012-5599623', 'Ch-1778728502.png', 'Student'),
(387, 'Christina Huang', '$2y$10$h2jjTlendsfhgemKlpPeJu5NPuSB194punljriiv4UZEW5sg/9y5G', 'TP000384@mail.apu.edu.my', '+6012-5599623', 'Ch-1778728502.png', 'Student'),
(388, 'Christina Zhao', '$2y$10$VNGVfRKFewGvGh7sX8BFPOF8aE4HBM6WipOgbl/8zNvpU8wPtLbJu', 'TP000385@mail.apu.edu.my', '+6012-5599623', 'Ch-1778728503.png', 'Student'),
(389, 'Christina Miller', '$2y$10$CqbM015C/mrKxYtePMS8HOSqjnO9RGLyFQk9/xRcbw0NDhZQa1qhO', 'TP000386@mail.apu.edu.my', '+6012-5599623', 'Ch-1778728503.png', 'Student'),
(390, 'Christina Wu', '$2y$10$pRytTJeV5FCi.68D9cmtkubj9vTbhmgU4HB9KnIAGzNQneiQHKyUy', 'TP000387@mail.apu.edu.my', '+6012-5599623', 'Ch-1778728503.png', 'Student'),
(391, 'Christina Zhou', '$2y$10$DcVyT7aZq7owmGnOygK0aeN7hqy9nHrlU7r2h6oeXDpjMsRFGqUmO', 'TP000388@mail.apu.edu.my', '+6012-5599623', 'Ch-1778728503.png', 'Student'),
(392, 'Christina Lau', '$2y$10$J6g3j5kz.v/QNoOaFCJFrOlzkIwBMvwR16lmLMZ84uXewoeNV4Udy', 'TP000389@mail.apu.edu.my', '+6012-5599623', 'Ch-1778728503.png', 'Student'),
(393, 'Christina Carter', '$2y$10$O3zELBR3.vzNwdSQ4EiKR.zsjxnFUOtVccqq22ByatdYZJ.pAiBeC', 'TP000390@mail.apu.edu.my', '+6012-5599623', 'Ch-1778728503.png', 'Student'),
(394, 'Fiona Tan', '$2y$10$EzCC3vqRwDOMWuLxWZvbjOsbqkHUvWTERPZDzue5guTh6IuA3tQqe', 'TP000391@mail.apu.edu.my', '+6012-5599623', 'Fi-1778728503.png', 'Student'),
(395, 'Fiona Choo', '$2y$10$Ac/Z6VsV6M25qSc88KMYuedHPAWjq0wplHR2YYAufRox6ETfzFMKm', 'TP000392@mail.apu.edu.my', '+6012-5599623', 'Fi-1778728503.png', 'Student'),
(396, 'Fiona Chan', '$2y$10$f/YE3MPg8t.MMWNpdzaRYe34N/tYXbC5lc5wGuLztz0.QOSKo3yj6', 'TP000393@mail.apu.edu.my', '+6012-5599623', 'Fi-1778728503.png', 'Student'),
(397, 'Fiona Wong', '$2y$10$aEpw01/obdt1X5Nxv9tbU.1XCxUp.CBDUjSugIgBxVUV13b9J6HjG', 'TP000394@mail.apu.edu.my', '+6012-5599623', 'Fi-1778728503.png', 'Student'),
(398, 'Fiona Smith', '$2y$10$.NGapY9EH4.NzJgrEzNnKuLLXlhmV.N/LTwq9elS/pSolgs8TUsBG', 'TP000395@mail.apu.edu.my', '+6012-5599623', 'Fi-1778728503.png', 'Student'),
(399, 'Fiona Lim', '$2y$10$Su4wfWuDZI2wJ.Mihn5Z6OU44BoYwNOIRPjjWTgs4gmPRCOBsPQf.', 'TP000396@mail.apu.edu.my', '+6012-5599623', 'Fi-1778728503.png', 'Student'),
(400, 'Fiona Khoo', '$2y$10$hO0r.ZKA3.u5bBtHB6gFhOpyBdFmRgnfo.9771MmgojlY3g.0Thhe', 'TP000397@mail.apu.edu.my', '+6012-5599623', 'Fi-1778728504.png', 'Student'),
(401, 'Fiona Chee', '$2y$10$iDzoXF7fpqUzTZRtsI8uSOwL4eMqy96uZD3Rwv3KhOe1xyUX1bdhG', 'TP000398@mail.apu.edu.my', '+6012-5599623', 'Fi-1778728504.png', 'Student'),
(402, 'Fiona Ong', '$2y$10$SY3mk1ALlQ3vJav9Tro6deYVDGzsraLF8u9j9hLdy9M.SeiJHxify', 'TP000399@mail.apu.edu.my', '+6012-5599623', 'Fi-1778728504.png', 'Student'),
(403, 'Fiona Choong', '$2y$10$OTwZocCowGQTEPKpiXSixOUoOo35UnFLdKUpFtXcUnpnTV1sKkNDC', 'TP000400@mail.apu.edu.my', '+6012-5599623', 'Fi-1778728504.png', 'Student'),
(404, 'Fiona Liu', '$2y$10$d1dbRPM3LiQc3wGgJY36euVN6af/0jojhQ/SsFaR71gw4jCBGFwxm', 'TP000401@mail.apu.edu.my', '+6012-5599623', 'Fi-1778728504.png', 'Student'),
(405, 'Fiona Chen', '$2y$10$0w0Zffdq2cCgJogkSzBe6eJDLxJVxIJ7ZEd3VpUx.v.Ysikwyc7yO', 'TP000402@mail.apu.edu.my', '+6012-5599623', 'Fi-1778728504.png', 'Student'),
(406, 'Fiona Yang', '$2y$10$vThyOjP7eMF3oqIf4H9XUO.d7N.SpDNY25qpIMly3OetyieUt0Zdu', 'TP000403@mail.apu.edu.my', '+6012-5599623', 'Fi-1778728504.png', 'Student'),
(407, 'Fiona Huang', '$2y$10$OmgLu6DsREu0A1UGWsvUgePo1lXXg12d92lfQcycO5b064J0raSPe', 'TP000404@mail.apu.edu.my', '+6012-5599623', 'Fi-1778728504.png', 'Student'),
(408, 'Fiona Zhao', '$2y$10$JPkQ4.FS/sJVpSgF/xIMEeyrQI6R8ye4H7YNJxEUeBIEcCQQ1sK7G', 'TP000405@mail.apu.edu.my', '+6012-5599623', 'Fi-1778728504.png', 'Student'),
(409, 'Fiona Miller', '$2y$10$z/765OQJr946cCXIIbt6J.G9U47eQq6eGfxQ2LX2GyluDfIADhXOG', 'TP000406@mail.apu.edu.my', '+6012-5599623', 'Fi-1778728504.png', 'Student'),
(410, 'Fiona Wu', '$2y$10$tptOw3wN/QWaJY0CdU3HSO6Iz49k.V8Q51wurnqvkgG4navwkbZz2', 'TP000407@mail.apu.edu.my', '+6012-5599623', 'Fi-1778728504.png', 'Student'),
(411, 'Fiona Zhou', '$2y$10$m4q0PkscLq6yUfdUuEdQtu.cI.9uDVw8J5qGv4gawJlKixukFWc8y', 'TP000408@mail.apu.edu.my', '+6012-5599623', 'Fi-1778728504.png', 'Student'),
(412, 'Fiona Lau', '$2y$10$Wz0WTKOrmDmEdlO1WyeA..u84qBbJx/OV2DWx6S0RbSkWTFp/ggqa', 'TP000409@mail.apu.edu.my', '+6012-5599623', 'Fi-1778728505.png', 'Student'),
(413, 'Fiona Carter', '$2y$10$JXJq0eN9exrfGNYXgjVuf.apIM2fP4mYXNUr1Qvjd7VPi0edzIYdi', 'TP000410@mail.apu.edu.my', '+6012-5599623', 'Fi-1778728505.png', 'Student'),
(414, 'Marcus Tan', '$2y$10$eFFuyLG3D3w.DvC.ejFsR.9DMv/Y4O79.MAgGo30BcgLCxxXZ9OYS', 'TP000411@mail.apu.edu.my', '+6012-5599623', 'Ma-1778728505.png', 'Student'),
(415, 'Marcus Choo', '$2y$10$pXaoc5ac/NHNqtnqp19qV.CWYtCnC4mUXRYs2yyD5FAplTrC/kKIi', 'TP000412@mail.apu.edu.my', '+6012-5599623', 'Ma-1778728505.png', 'Student'),
(416, 'Marcus Chan', '$2y$10$AXN3RNnkGn7a6Tbwv3aMHeyo4DCn5UuIqCAx1T/o1VhBftn2UZJS.', 'TP000413@mail.apu.edu.my', '+6012-5599623', 'Ma-1778728505.png', 'Student'),
(417, 'Marcus Wong', '$2y$10$tr.lIpp5cmpj0QH98BD84.knraCiakbA7iplIpJPqhmycU/iTF4Ti', 'TP000414@mail.apu.edu.my', '+6012-5599623', 'Ma-1778728505.png', 'Student'),
(418, 'Marcus Smith', '$2y$10$6MmOEw0T2Rf2m78g7OnltOp.J40MelDu5gl2VXgBv/2/9eSh7O7OO', 'TP000415@mail.apu.edu.my', '+6012-5599623', 'Ma-1778728505.png', 'Student'),
(419, 'Marcus Lim', '$2y$10$cci8cEknRfaEEXHj1Yobgu8tk/tIbxxoM33Zb5SUyE.rlrFKqs/Hq', 'TP000416@mail.apu.edu.my', '+6012-5599623', 'Ma-1778728505.png', 'Student'),
(420, 'Marcus Khoo', '$2y$10$NsiAFRy1KdeSRmOu.c/X1.8OZ7D0iq1FoG1a7bfRMCp31TjdPyB32', 'TP000417@mail.apu.edu.my', '+6012-5599623', 'Ma-1778728505.png', 'Student'),
(421, 'Marcus Chee', '$2y$10$osemrWYCvXH23hgKBPa.nuFrGrK0yqRHbL5z.qen5rtpsi0kOe/Xu', 'TP000418@mail.apu.edu.my', '+6012-5599623', 'Ma-1778728505.png', 'Student'),
(422, 'Marcus Ong', '$2y$10$YwE5uIUQGTykvHuFP2VaLuT6Ihe262DEiMdMBWEXzMiVYm.2U2HRa', 'TP000419@mail.apu.edu.my', '+6012-5599623', 'Ma-1778728505.png', 'Student'),
(423, 'Marcus Choong', '$2y$10$HqDDFGH6jl0lG1bEP.90UufgptzP.afjnC.CiMbgdwthIlBCXaG32', 'TP000420@mail.apu.edu.my', '+6012-5599623', 'Ma-1778728505.png', 'Student'),
(424, 'Marcus Liu', '$2y$10$Y2m270OFQuDusndVUOSvj.4GtQiOYLGZG0yv1rCRtBb3ksBCf8fte', 'TP000421@mail.apu.edu.my', '+6012-5599623', 'Ma-1778728506.png', 'Student'),
(425, 'Marcus Chen', '$2y$10$.QcMw806eOZet5FGqjFugOu/0cwjHb55L5gWU7wySDP4RyQ.1jTD.', 'TP000422@mail.apu.edu.my', '+6012-5599623', 'Ma-1778728506.png', 'Student'),
(426, 'Marcus Yang', '$2y$10$18wmWwYkWCIRzKVkHnYQN.Y.XOrMOVdRGzqQilAVWX98bFwjfYN8a', 'TP000423@mail.apu.edu.my', '+6012-5599623', 'Ma-1778728506.png', 'Student'),
(427, 'Marcus Huang', '$2y$10$C9qX8yLtvtgYwRAvmdezs.IsqvvArQ0d/gkOGaHjtA5ijDZrgmLRi', 'TP000424@mail.apu.edu.my', '+6012-5599623', 'Ma-1778728506.png', 'Student'),
(428, 'Marcus Zhao', '$2y$10$a3LKaJt/kha/JDIeVVnYFefHVRI0WvXxYY.nf2W8n..E7SaJEFVES', 'TP000425@mail.apu.edu.my', '+6012-5599623', 'Ma-1778728506.png', 'Student'),
(429, 'Marcus Miller', '$2y$10$.zH7dHr2euHF33jzK2T.bOm5tol49F6iU5E3DSnzzO0GPCTHkD56y', 'TP000426@mail.apu.edu.my', '+6012-5599623', 'Ma-1778728506.png', 'Student'),
(430, 'Marcus Wu', '$2y$10$qlc0bJfie6acqsq296WEMONpK3XkFsFRpMxqd7UEO9v6JdcTipVYK', 'TP000427@mail.apu.edu.my', '+6012-5599623', 'Ma-1778728506.png', 'Student'),
(431, 'Marcus Zhou', '$2y$10$m0T8GCarzYQlvcoUdcjzruCIilpxapX3GZqovcA8VjnlZ/EH5iXf6', 'TP000428@mail.apu.edu.my', '+6012-5599623', 'Ma-1778728506.png', 'Student'),
(432, 'Marcus Lau', '$2y$10$DRQFtNUc7Wvj9hhjqZhDze0v8TOByLEE4pND0LqnodabkzCq6WdG.', 'TP000429@mail.apu.edu.my', '+6012-5599623', 'Ma-1778728506.png', 'Student'),
(433, 'Marcus Carter', '$2y$10$z9yHLKrayMXjPUYBrspZDu9KKXwKouijDclmSjlZqUSdMgTn13LJC', 'TP000430@mail.apu.edu.my', '+6012-5599623', 'Ma-1778728506.png', 'Student'),
(434, 'Daniel Tan', '$2y$10$Xv91Pas.a.k7LxQ9bj72DuJto.vLFpcq/P7ZgDGbR8JiVAsXjr1NK', 'TP000431@mail.apu.edu.my', '+6012-5599623', 'Da-1778728506.png', 'Student'),
(435, 'Daniel Choo', '$2y$10$nwt28lDXCM.jcWVMwkbrNuRFupV4AYZYlIWyHaCOWzKn.xhFLRa.y', 'TP000432@mail.apu.edu.my', '+6012-5599623', 'Da-1778728506.png', 'Student'),
(436, 'Daniel Chan', '$2y$10$RE2YbmTnKhZhjgXsiFb4fe5xAEeXmELGglFtuUrgDCmkdwYVbkvq6', 'TP000433@mail.apu.edu.my', '+6012-5599623', 'Da-1778728507.png', 'Student'),
(437, 'Daniel Wong', '$2y$10$2eSC55i8SwhvcT2FkDFg1O7ofWpB/iTSGDlSL5BYO7sPSmcP3Wfwi', 'TP000434@mail.apu.edu.my', '+6012-5599623', 'Da-1778728507.png', 'Student'),
(438, 'Daniel Smith', '$2y$10$k7.1xw0umPJyyUuFHkwo9.gizDsc5sjt90lAfdXzQgsF96ozUg7s6', 'TP000435@mail.apu.edu.my', '+6012-5599623', 'Da-1778728507.png', 'Student'),
(439, 'Daniel Lim', '$2y$10$XnPlBSIProgEP4m64OdyWu0LEw/MN5oCvlwTUmtGZDEKg5DWPWbcu', 'TP000436@mail.apu.edu.my', '+6012-5599623', 'Da-1778728507.png', 'Student'),
(440, 'Daniel Khoo', '$2y$10$NIvThFuS2nxL663yaeFJU.wn6vztHUHavwu5GBLgSAEuV17TBvwrC', 'TP000437@mail.apu.edu.my', '+6012-5599623', 'Da-1778728507.png', 'Student'),
(441, 'Daniel Chee', '$2y$10$EJJvKc9KYgg3.Pl4V4MzXOY.So6F0/8yObEHQ1LbIQEPbp0XX4D2y', 'TP000438@mail.apu.edu.my', '+6012-5599623', 'Da-1778728507.png', 'Student'),
(442, 'Daniel Ong', '$2y$10$ZWVcxqyDkyFgQKxTpW3DiOSDfk6R6GTtulHKp6ADJ5rwgrLn.G/I2', 'TP000439@mail.apu.edu.my', '+6012-5599623', 'Da-1778728507.png', 'Student'),
(443, 'Daniel Choong', '$2y$10$BBlwXxMn.2/qDyXCB0ytrem5GmhmZ7fqql9ij.6dtyM4vf76/8/jG', 'TP000440@mail.apu.edu.my', '+6012-5599623', 'Da-1778728507.png', 'Student'),
(444, 'Daniel Liu', '$2y$10$DEyO1LJv1BxuBMiV3sJwyuPigzAYFt1XjRzXYkPfUEJeXmLBnP0yy', 'TP000441@mail.apu.edu.my', '+6012-5599623', 'Da-1778728507.png', 'Student'),
(445, 'Daniel Chen', '$2y$10$htPzp6edC7lVAPrvxr8ur.Q88/GWh5cb6DUXuhTdE0mfMrNjt8Iku', 'TP000442@mail.apu.edu.my', '+6012-5599623', 'Da-1778728507.png', 'Student'),
(446, 'Daniel Yang', '$2y$10$7GvnAq29At4V52MWgnP0ROk7okPlyFAN2.Wdfkc4HIlIWYEUPLGWW', 'TP000443@mail.apu.edu.my', '+6012-5599623', 'Da-1778728507.png', 'Student'),
(447, 'Daniel Huang', '$2y$10$s0AaYVnN5RKde7u.kIWQyOrnE6eOld/oX35J/XjVxdK/Pz90M9YT2', 'TP000444@mail.apu.edu.my', '+6012-5599623', 'Da-1778728507.png', 'Student'),
(448, 'Daniel Zhao', '$2y$10$lUuCT3pomxmeJGx3igCmHesh3G3YRtc/7qjCEa.8KUc1BD5GY3dFG', 'TP000445@mail.apu.edu.my', '+6012-5599623', 'Da-1778728507.png', 'Student'),
(449, 'Daniel Miller', '$2y$10$WIR3ZKrfIB94RdNBJwbzBe6dvZDPO/2wqJbeM/YIAmCcWRxUh8jce', 'TP000446@mail.apu.edu.my', '+6012-5599623', 'Da-1778728508.png', 'Student'),
(450, 'Daniel Wu', '$2y$10$Wg2NNSt5Eky41cTi9Oh6BOUwSPYnacPs2TDGgNiKyj4kY00Ort02m', 'TP000447@mail.apu.edu.my', '+6012-5599623', 'Da-1778728508.png', 'Student'),
(451, 'Daniel Zhou', '$2y$10$Hp5EKiIX1eLjPs6BhmSPhOaKzFa4q1twLbPwHQ10lf9Xe5jfqnGvG', 'TP000448@mail.apu.edu.my', '+6012-5599623', 'Da-1778728508.png', 'Student'),
(452, 'Daniel Lau', '$2y$10$YNgFg2GOz099A/geZRgJf.uIJDWdfiFD7fhEIRUu.n/RoChKpgF8O', 'TP000449@mail.apu.edu.my', '+6012-5599623', 'Da-1778728508.png', 'Student'),
(453, 'Daniel Carter', '$2y$10$05TQ/1trHz0ca0tjlHjnquuiEQBPV5ASLK3dLsRVazKkmFweKdbra', 'TP000450@mail.apu.edu.my', '+6012-5599623', 'Da-1778728508.png', 'Student'),
(454, 'Adam Tan', '$2y$10$/L7bChR3dZw03lzl.CLpBeEQQIf9mVeUAFpA0KAQDFsI8GkiCLn/S', 'TP000451@mail.apu.edu.my', '+6012-5599623', 'Ad-1778728508.png', 'Student'),
(455, 'Adam Choo', '$2y$10$wlrEsiulkw7iDjU6cL4qdeO8PZ6N0fdLg1LROZod5Q8o3iGKfHHSa', 'TP000452@mail.apu.edu.my', '+6012-5599623', 'Ad-1778728508.png', 'Student'),
(456, 'Adam Chan', '$2y$10$0bG.0tolZ1hEospq4.rmcO9I3H/PSueDker4LDDLtVbjL/PWv3m8q', 'TP000453@mail.apu.edu.my', '+6012-5599623', 'Ad-1778728508.png', 'Student'),
(457, 'Adam Wong', '$2y$10$ODQN6Kso9KslDvxV1OOqp.MsNOxreTQm92zMbVsFIW0e0ZzpDd/P6', 'TP000454@mail.apu.edu.my', '+6012-5599623', 'Ad-1778728508.png', 'Student'),
(458, 'Adam Smith', '$2y$10$x57q.UlT/s7LJB9dGY0aPONKnA2.7HVMq36Wha4syfY6gwVcYLXTi', 'TP000455@mail.apu.edu.my', '+6012-5599623', 'Ad-1778728508.png', 'Student'),
(459, 'Adam Lim', '$2y$10$79YHl/R1vOVAVkmRnLqv7eOWUYyKIiq7aR9KcK6mpS5tqvcSq/chG', 'TP000456@mail.apu.edu.my', '+6012-5599623', 'Ad-1778728508.png', 'Student'),
(460, 'Adam Khoo', '$2y$10$0gq2I8nxaVamXYwm5wRZcu/ECcHdgbIs60opKAg1uaOiwo1QyS6ry', 'TP000457@mail.apu.edu.my', '+6012-5599623', 'Ad-1778728508.png', 'Student'),
(461, 'Adam Chee', '$2y$10$AfrpW/96mYt.1vlHYc3Nb.RoTK0OMm1lvPQnw9UG7HjMz91Rr2OS6', 'TP000458@mail.apu.edu.my', '+6012-5599623', 'Ad-1778728509.png', 'Student'),
(462, 'Adam Ong', '$2y$10$V/drGieoBazxOrfp2Q9AkO5KExhZ3Y6WJUamEKa3vlEPzj79.BpVS', 'TP000459@mail.apu.edu.my', '+6012-5599623', 'Ad-1778728509.png', 'Student'),
(463, 'Adam Choong', '$2y$10$u.8az/gHh7.p5t.9/UiClekxPSn9xhYsv31c435TiGVtYBXXJnU/i', 'TP000460@mail.apu.edu.my', '+6012-5599623', 'Ad-1778728509.png', 'Student'),
(464, 'Adam Liu', '$2y$10$24BlGwSjs.8W1nJd70UEne.2QaQ/cTkYkFXDb0.KqPKlFJ0lnjdxq', 'TP000461@mail.apu.edu.my', '+6012-5599623', 'Ad-1778728509.png', 'Student'),
(465, 'Adam Chen', '$2y$10$f5vfW2eTXLoG5BELhgs69.mcck6FSoGViOyq9K09xUhHae0JAwr32', 'TP000462@mail.apu.edu.my', '+6012-5599623', 'Ad-1778728509.png', 'Student'),
(466, 'Adam Yang', '$2y$10$33T8AjVCaD9Oc3twSd8AQeqwprzWh.0i02T.KI8KHOHzH9ZOARtXi', 'TP000463@mail.apu.edu.my', '+6012-5599623', 'Ad-1778728509.png', 'Student'),
(467, 'Adam Huang', '$2y$10$WFnsy/k/9lhhE70wkrsFnuP15dbdW2nEM3lREBtbAy2kAkkgMRSe6', 'TP000464@mail.apu.edu.my', '+6012-5599623', 'Ad-1778728509.png', 'Student'),
(468, 'Adam Zhao', '$2y$10$1rDvlXlgQTIgVIcyc6m.P.AhLtHSQGlCeNWdKB41C5cZeHlih6mDi', 'TP000465@mail.apu.edu.my', '+6012-5599623', 'Ad-1778728509.png', 'Student'),
(469, 'Adam Miller', '$2y$10$yw09SfPNWeLmomXh2OyJiOe3OMoNeub4g0.ub2r8xzG3BjDVSQIAm', 'TP000466@mail.apu.edu.my', '+6012-5599623', 'Ad-1778728509.png', 'Student'),
(470, 'Adam Wu', '$2y$10$jW30FzI3EYPkR1pjibIqn.f.5c8ki7eFhQTS9LUY2rQayGk7hV5xK', 'TP000467@mail.apu.edu.my', '+6012-5599623', 'Ad-1778728509.png', 'Student'),
(471, 'Adam Zhou', '$2y$10$ggCPnZlippCmkmoD4Y21MO8R8YGu6GisVfYqV8ocju4o2D/7IGUdu', 'TP000468@mail.apu.edu.my', '+6012-5599623', 'Ad-1778728509.png', 'Student'),
(472, 'Adam Lau', '$2y$10$XdndmoBEITAdnXRWyglA2.ia9M8nsEZxzJ6kPvAv2Nitc9qo5fu3.', 'TP000469@mail.apu.edu.my', '+6012-5599623', 'Ad-1778728509.png', 'Student'),
(473, 'Adam Carter', '$2y$10$Id4sPS3ksKbZ8riQrSVkr.X7H2C0nI/tSoJkl4MxtlQmkQhAbFHlO', 'TP000470@mail.apu.edu.my', '+6012-5599623', 'Ad-1778728510.png', 'Student'),
(474, 'Bryan Tan', '$2y$10$Q4KdTQkSWICnfJ8dhmWHa.famevRT0Qm6WEvUhNecnxJOn5nHscXu', 'TP000471@mail.apu.edu.my', '+6012-5599623', 'Br-1778728510.png', 'Student'),
(475, 'Bryan Choo', '$2y$10$76jnnmWOGVQxeSDIMmmw3O7ynaLl0VHDndgavrjkvVigyL8g3osuq', 'TP000472@mail.apu.edu.my', '+6012-5599623', 'Br-1778728510.png', 'Student'),
(476, 'Bryan Chan', '$2y$10$8hT4EPxSLJDDWUS4gY1jYuZjb4Ec.bM74p1B2gr6rQar5yy6IuG36', 'TP000473@mail.apu.edu.my', '+6012-5599623', 'Br-1778728510.png', 'Student'),
(477, 'Bryan Wong', '$2y$10$rQWMP/6cW4Ir/5Z8FpIIretq6azfJulPlHj0RoUSWl6Ka5dpsaVYC', 'TP000474@mail.apu.edu.my', '+6012-5599623', 'Br-1778728510.png', 'Student'),
(478, 'Bryan Smith', '$2y$10$ryafnzfWQ9Wtuf5M1msbsOfThntJiSlT7zYActXW8klH2pyHUoHIO', 'TP000475@mail.apu.edu.my', '+6012-5599623', 'Br-1778728510.png', 'Student'),
(479, 'Bryan Lim', '$2y$10$jw.zt.VASYgUy6AAyh5LJeSc6Onh16pcfSZW5d2b7xbWC/nbsIYVG', 'TP000476@mail.apu.edu.my', '+6012-5599623', 'Br-1778728510.png', 'Student'),
(480, 'Bryan Khoo', '$2y$10$t247XHABF5B5jRTWKn9xAO07WjEKmgbCIhFJOt7ck5TEhJ1Ke0N6O', 'TP000477@mail.apu.edu.my', '+6012-5599623', 'Br-1778728510.png', 'Student'),
(481, 'Bryan Chee', '$2y$10$VmfT2Evj8Teo0wP2q/wYV.PIpCbA9lmefI8OfGo5B/yr//oqhc8dK', 'TP000478@mail.apu.edu.my', '+6012-5599623', 'Br-1778728510.png', 'Student'),
(482, 'Bryan Ong', '$2y$10$ZdjOvCjA10K5iSDZi9Ugx.HpWbaUHoDMDnrHlvKCGii3uSJffyIFy', 'TP000479@mail.apu.edu.my', '+6012-5599623', 'Br-1778728510.png', 'Student'),
(483, 'Bryan Choong', '$2y$10$qYRdQfM9w.rFUBrvO0r/o.NarV3SnRMZAXf0hGfabr6JpgeaiCuIq', 'TP000480@mail.apu.edu.my', '+6012-5599623', 'Br-1778728510.png', 'Student'),
(484, 'Bryan Liu', '$2y$10$rXR1RD4DznwYbXk7eow5QeMxqZvVpZNph65lUC.02XYuHqC6Auw9u', 'TP000481@mail.apu.edu.my', '+6012-5599623', 'Br-1778728510.png', 'Student'),
(485, 'Bryan Chen', '$2y$10$QnaJiw9scn/UWmKG/WRANueU5dOCB.dqjRQDaiWu5YT2ocDdKoROu', 'TP000482@mail.apu.edu.my', '+6012-5599623', 'Br-1778728510.png', 'Student'),
(486, 'Bryan Yang', '$2y$10$g8/7iI4B4KximuhNtm/.5uyoIGlqBWYQhelP4TzMTVVHlPzTN1xWS', 'TP000483@mail.apu.edu.my', '+6012-5599623', 'Br-1778728511.png', 'Student'),
(487, 'Bryan Huang', '$2y$10$EG8FD2SEWd84Dgjyuajpwu1Gv5vAc.mkx4SJayRlQ79J7L593NhZu', 'TP000484@mail.apu.edu.my', '+6012-5599623', 'Br-1778728511.png', 'Student'),
(488, 'Bryan Zhao', '$2y$10$rzwOuDqXoJHsOzWuLpqUr.vD4r.t/1pGbQG7.rotVBRUNV6qAg6vW', 'TP000485@mail.apu.edu.my', '+6012-5599623', 'Br-1778728511.png', 'Student'),
(489, 'Bryan Miller', '$2y$10$uwQ2UtiIfiCOb1zbtMbjT.OqX/Aipow/dctfx3HDxuo2eT1Te4JT.', 'TP000486@mail.apu.edu.my', '+6012-5599623', 'Br-1778728511.png', 'Student'),
(490, 'Bryan Wu', '$2y$10$L3BxaRrimrR2y3jryIkCrO3hR3J6LwfH99iFDg8dGOryxzkJCSxzS', 'TP000487@mail.apu.edu.my', '+6012-5599623', 'Br-1778728511.png', 'Student'),
(491, 'Bryan Zhou', '$2y$10$Yv.eZ8XMDY1/VEOONiaT3OIvmePHMarefkylE9hrxsHd1pZxoE55S', 'TP000488@mail.apu.edu.my', '+6012-5599623', 'Br-1778728511.png', 'Student'),
(492, 'Bryan Lau', '$2y$10$KoBN/Od9hbVvuIsZ6H.xk.t.71.Htgw6rXBUDoxsQh.VpKDnnut6e', 'TP000489@mail.apu.edu.my', '+6012-5599623', 'Br-1778728511.png', 'Student'),
(493, 'Bryan Carter', '$2y$10$IXQbeI5ICsShMYh/Q3HjzOGqcB84eeRC.Ftpx80n3TT45gQkLqFje', 'TP000490@mail.apu.edu.my', '+6012-5599623', 'Br-1778728511.png', 'Student'),
(494, 'Peter Tan', '$2y$10$0Q6l53jyK408U5VRDfzEwOvTcaWbtKPttUESVEfkyf2gONe/u8Tyi', 'TP000491@mail.apu.edu.my', '+6012-5599623', 'Pe-1778728511.png', 'Student'),
(495, 'Peter Choo', '$2y$10$1K8Wb8bE32K7bTa3V/PJdORSGcrg.YuWF.CEFm.BYa5wSOTMpGUHS', 'TP000492@mail.apu.edu.my', '+6012-5599623', 'Pe-1778728511.png', 'Student'),
(496, 'Peter Chan', '$2y$10$NyMLagPpC0Gkpz2fGDxeFOSF97YyQ9jBotNRhZGz8js.GSeHsDt9m', 'TP000493@mail.apu.edu.my', '+6012-5599623', 'Pe-1778728511.png', 'Student'),
(497, 'Peter Wong', '$2y$10$AFy2QZULDNSqrJsGP.iu3OBa74mn7M4/CiuXaIZfdTNYdUyb7Hpyu', 'TP000494@mail.apu.edu.my', '+6012-5599623', 'Pe-1778728512.png', 'Student'),
(498, 'Peter Smith', '$2y$10$p0Qi7kkQcEWKLIkUloJpse70WIgpmrVD6xWuFKftYaIpVVgDl8J5y', 'TP000495@mail.apu.edu.my', '+6012-5599623', 'Pe-1778728512.png', 'Student'),
(499, 'Peter Lim', '$2y$10$BirnSOIwuPVgUiam9PAQYeoIonps6xgWu6CbiI6DOJb9hk7jruqqq', 'TP000496@mail.apu.edu.my', '+6012-5599623', 'Pe-1778728512.png', 'Student'),
(500, 'Peter Khoo', '$2y$10$aB8SwonWCHsap1I2VCPXtO6pRLrzhOnMpD5zDIL1cTWCG0XGxRWpK', 'TP000497@mail.apu.edu.my', '+6012-5599623', 'Pe-1778728512.png', 'Student'),
(501, 'Peter Chee', '$2y$10$5GjrhXDRmfT6HQB5y/twcOscnPHB9prSuycnaD6McKbWFoWD3wRXu', 'TP000498@mail.apu.edu.my', '+6012-5599623', 'Pe-1778728512.png', 'Student'),
(502, 'Peter Ong', '$2y$10$SE12U1wvR.xG7PFxVkmuZO7TTQCx98MeuUHu3N0H9QcQmUsxTYT2G', 'TP000499@mail.apu.edu.my', '+6012-5599623', 'Pe-1778728512.png', 'Student'),
(503, 'Peter Choong', '$2y$10$MyWrMHMm6Gox/wUOPjcpIeypv751RsiuA4oGESvMNwp8UDkrzy8WK', 'TP000500@mail.apu.edu.my', '+6012-5599623', 'Pe-1778728512.png', 'Student'),
(504, 'Peter Liu', '$2y$10$PZI.vkCgVyDM.jIWze54qe5IcUrMotFgu7TvMlOOvEiW6epTASQkG', 'TP000501@mail.apu.edu.my', '+6012-5599623', 'Pe-1778728512.png', 'Student'),
(505, 'Peter Chen', '$2y$10$KYelPp1iyFe7MGAjRrtXFuTB6s9AmzTOe9gu48WlaeWmHsrkHlFGe', 'TP000502@mail.apu.edu.my', '+6012-5599623', 'Pe-1778728512.png', 'Student'),
(506, 'Peter Yang', '$2y$10$kMEA.jj8mpr3tzD98DFpxumTBqbccL6NgCdsE6v0w4cVqDhEvp0fC', 'TP000503@mail.apu.edu.my', '+6012-5599623', 'Pe-1778728512.png', 'Student'),
(507, 'Peter Huang', '$2y$10$XP3fgRvl.JsNjp3Mqg7rt.U8MOrSLyfASv0tfM0MiwEajIlhqFztS', 'TP000504@mail.apu.edu.my', '+6012-5599623', 'Pe-1778728512.png', 'Student'),
(508, 'Peter Zhao', '$2y$10$m9c0tXWynQqNRDeKFpQa.ebUJxrxNGAN8UxURL2blKdoA0Vr9wTtS', 'TP000505@mail.apu.edu.my', '+6012-5599623', 'Pe-1778728513.png', 'Student'),
(509, 'Peter Miller', '$2y$10$BcwgHG1iDvJR4jZnhYgNrewrJRdMnCKquP5AGO5jaS39qs.zgbqmi', 'TP000506@mail.apu.edu.my', '+6012-5599623', 'Pe-1778728513.png', 'Student'),
(510, 'Peter Wu', '$2y$10$VqM9v8WcDHttUL92vrl.Pul3DquRG9o/TCLYUfDmVWrUwArFRzvFS', 'TP000507@mail.apu.edu.my', '+6012-5599623', 'Pe-1778728513.png', 'Student'),
(511, 'Peter Zhou', '$2y$10$8G6N.pMceNNlpS2cqy4uqe1PL/z5DqV1fE6cAGChO/NMfDQglQBDG', 'TP000508@mail.apu.edu.my', '+6012-5599623', 'Pe-1778728513.png', 'Student'),
(512, 'Peter Lau', '$2y$10$ghL.ruduF.uyA3SnOTYbiOc3ehjp/vZEkX7.O51JOUm3pMeK257rq', 'TP000509@mail.apu.edu.my', '+6012-5599623', 'Pe-1778728513.png', 'Student'),
(513, 'Peter Carter', '$2y$10$TU7dkiiO.9bFA/SoqKk5u.EFhv.hi2PBZ0XJIwY1wIDOHLUWmaKnO', 'TP000510@mail.apu.edu.my', '+6012-5599623', 'Pe-1778728513.png', 'Student'),
(514, 'Dylan Tan', '$2y$10$ISqlE/ab60Ufcz5g0r3qp.e9WWvCp.pSNCB.YypEradE0I61Ws2Li', 'TP000511@mail.apu.edu.my', '+6012-5599623', 'Dy-1778728513.png', 'Student'),
(515, 'Dylan Choo', '$2y$10$uIIN64DbRM1O0VTOQdM.EuTjIOf3UufCXLVkcRHdTBLvxgwKw8wSe', 'TP000512@mail.apu.edu.my', '+6012-5599623', 'Dy-1778728513.png', 'Student'),
(516, 'Dylan Chan', '$2y$10$nDCDoID0JSbjwudLZbXzKuZ8lWeT47zWer82tJVzxBICMRi.TVy0i', 'TP000513@mail.apu.edu.my', '+6012-5599623', 'Dy-1778728513.png', 'Student'),
(517, 'Dylan Wong', '$2y$10$LL6yqJEGfZWrbn98BeIk9ud0tA14eIGbjZARKvf75Xm2JMKfX8AjK', 'TP000514@mail.apu.edu.my', '+6012-5599623', 'Dy-1778728513.png', 'Student'),
(518, 'Dylan Smith', '$2y$10$uE4aVBb09caUVJKWzz9fXeHlIl2PkcA4hAB41SiRcnry83OhT2iju', 'TP000515@mail.apu.edu.my', '+6012-5599623', 'Dy-1778728513.png', 'Student'),
(519, 'Dylan Lim', '$2y$10$rHsGU5EihnlEWZQfXHk9WOoayzsWDF6Crc/cgH9SDf781i7JRRaFm', 'TP000516@mail.apu.edu.my', '+6012-5599623', 'Dy-1778728513.png', 'Student'),
(520, 'Dylan Khoo', '$2y$10$lLNVZYXhfLhQmXM0ThHaFuWFtBYTAD3ZGTH5//S94pQpfwKlj4XmC', 'TP000517@mail.apu.edu.my', '+6012-5599623', 'Dy-1778728514.png', 'Student'),
(521, 'Dylan Chee', '$2y$10$jrrDTsYV9u1Y.5IJZi6yc.WNSL52IYQEXcGGqmPlESC29keJ9mk3q', 'TP000518@mail.apu.edu.my', '+6012-5599623', 'Dy-1778728514.png', 'Student'),
(522, 'Dylan Ong', '$2y$10$NNwR.2WNMcNS9rZpL8mMGu3i5QGYP6qy5D/lxQEiXAdLV6Z8fA7vG', 'TP000519@mail.apu.edu.my', '+6012-5599623', 'Dy-1778728514.png', 'Student'),
(523, 'Dylan Choong', '$2y$10$do1BK6O/SpHLurvTb23DPukTiPS7gOjvgaGHnR/1caO53t04Dm2R6', 'TP000520@mail.apu.edu.my', '+6012-5599623', 'Dy-1778728514.png', 'Student'),
(524, 'Dylan Liu', '$2y$10$yH3DMRSs7CZXdlYUAgSb4.o4JTMusU9yWCWDl2RU0Z8wPHmX4DGBe', 'TP000521@mail.apu.edu.my', '+6012-5599623', 'Dy-1778728514.png', 'Student'),
(525, 'Dylan Chen', '$2y$10$1pc91UEMwbkw3DRFlzba4uap8wKm13eqO4NtPIFpm5WCd8C3RGOyu', 'TP000522@mail.apu.edu.my', '+6012-5599623', 'Dy-1778728514.png', 'Student'),
(526, 'Dylan Yang', '$2y$10$oLmAS4Bw6D2x///1QjEI2uEhRhVmGHnZ3KHRaTbkYfS9Hp3zIQ5/.', 'TP000523@mail.apu.edu.my', '+6012-5599623', 'Dy-1778728514.png', 'Student'),
(527, 'Dylan Huang', '$2y$10$ziIiBWOY0BGvhYsBfAqwR.lUmYpS7YMfgRLsBFrLNzUa/4s85Scky', 'TP000524@mail.apu.edu.my', '+6012-5599623', 'Dy-1778728514.png', 'Student'),
(528, 'Dylan Zhao', '$2y$10$dA1greSeAK2n2W8qQQzY7O9PLV3YNqtfUQsSJvcTlPRWDj59.TFm2', 'TP000525@mail.apu.edu.my', '+6012-5599623', 'Dy-1778728514.png', 'Student'),
(529, 'Dylan Miller', '$2y$10$9Qzx3YJd2M9KaC24Zu7w9OxUTR4hp7559r0xofXE87zQuyMVs/0au', 'TP000526@mail.apu.edu.my', '+6012-5599623', 'Dy-1778728514.png', 'Student'),
(530, 'Dylan Wu', '$2y$10$CeQa7I3vwGQAwzeIT0NKmefuAFeworZfbS4Rq32k1ba5o0YWJHp9.', 'TP000527@mail.apu.edu.my', '+6012-5599623', 'Dy-1778728514.png', 'Student'),
(531, 'Dylan Zhou', '$2y$10$5EfZ7JYkk48DJm3YFEUr.OtP4UBp7eypC7oPfjNvXXQS/Qxy./6bm', 'TP000528@mail.apu.edu.my', '+6012-5599623', 'Dy-1778728515.png', 'Student'),
(532, 'Dylan Lau', '$2y$10$8FNyYyD7j4vuaLh4AOcJq.lnkc.vo33ZMb4oR97Tp3bfR2HP70lMW', 'TP000529@mail.apu.edu.my', '+6012-5599623', 'Dy-1778728515.png', 'Student'),
(533, 'Dylan Carter', '$2y$10$F29fs/tgpiGBZyMwMQCvbOvSXz1H0N.svnxymPlrXXvG3oayUw0ZW', 'TP000530@mail.apu.edu.my', '+6012-5599623', 'Dy-1778728515.png', 'Student'),
(534, 'Alan Tan', '$2y$10$gjj6DK0HzndnpIxk3BvHo.JpL1OSbwpZpfprV.dtACQMo4WfPceR2', 'TP000531@mail.apu.edu.my', '+6012-5599623', 'Al-1778728515.png', 'Student'),
(535, 'Alan Choo', '$2y$10$QOMmUH5uEX6liUq1S8h6nObUcqzQmLRPu263HhTjwIjWoG71i0pq2', 'TP000532@mail.apu.edu.my', '+6012-5599623', 'Al-1778728515.png', 'Student'),
(536, 'Alan Chan', '$2y$10$A7H71utNKB1vfPi/QDEp0OHRxPTKp8oobWiwaqYkXR4xS93G0lNhu', 'TP000533@mail.apu.edu.my', '+6012-5599623', 'Al-1778728515.png', 'Student'),
(537, 'Alan Wong', '$2y$10$DHuDZ9NaN57dJwiohhAkqOlIBYjxi9gr92Y.C3Pd3zJ0bfsu1x3bm', 'TP000534@mail.apu.edu.my', '+6012-5599623', 'Al-1778728515.png', 'Student'),
(538, 'Alan Smith', '$2y$10$kp/X.hT3OCKZ9S0GbNl.4.l9bXRxyWyWR2w2Zm9oFsGu5E1JJAdK.', 'TP000535@mail.apu.edu.my', '+6012-5599623', 'Al-1778728515.png', 'Student'),
(539, 'Alan Lim', '$2y$10$cNZgqxUiv0finYTzMyPfXOXcbAzBDzSRa8d9o73ZDkqmTeFDtdZBC', 'TP000536@mail.apu.edu.my', '+6012-5599623', 'Al-1778728515.png', 'Student'),
(540, 'Alan Khoo', '$2y$10$z6fJneUE7M7rmXYabw/WcuvfMwxkFbfC0ELWENHcax/iMId55cyBK', 'TP000537@mail.apu.edu.my', '+6012-5599623', 'Al-1778728515.png', 'Student'),
(541, 'Alan Chee', '$2y$10$hy/q0zk3hy5jSFptirP9vuW01V/sr1NNt6jXJiYkwI43.alXvZfTS', 'TP000538@mail.apu.edu.my', '+6012-5599623', 'Al-1778728515.png', 'Student'),
(542, 'Alan Ong', '$2y$10$txAyXVtEizD78bNcbpOc0u2YGMQoHP4g4.nJwn2PVzNv6LkFlpNbO', 'TP000539@mail.apu.edu.my', '+6012-5599623', 'Al-1778728516.png', 'Student'),
(543, 'Alan Choong', '$2y$10$peYywQ8kI0st9ux8Qglj7e2C8pKAhdlv/z9tzCRgASL.t.LkMH372', 'TP000540@mail.apu.edu.my', '+6012-5599623', 'Al-1778728516.png', 'Student'),
(544, 'Alan Liu', '$2y$10$VER6ONinlxkhcu5Oq35asetqzVjp/WMkKxoxFH7KTgREK6AamFh2i', 'TP000541@mail.apu.edu.my', '+6012-5599623', 'Al-1778728516.png', 'Student'),
(545, 'Alan Chen', '$2y$10$lBymOReqChpkYkkBXRdZYeL5IiQqKSX2FLL2FChIx7bF6cutsBJNa', 'TP000542@mail.apu.edu.my', '+6012-5599623', 'Al-1778728516.png', 'Student'),
(546, 'Alan Yang', '$2y$10$w8XsTjAmSo/gFbZMXp3dWei/qzUceJBceDgCg43iGMH4/7u6/bWzC', 'TP000543@mail.apu.edu.my', '+6012-5599623', 'Al-1778728516.png', 'Student'),
(547, 'Alan Huang', '$2y$10$D8OxaW7cFsRQiTWCXXFaZuYJGeKQadQmQVnOqfydJYrS5WCKORdgO', 'TP000544@mail.apu.edu.my', '+6012-5599623', 'Al-1778728516.png', 'Student'),
(548, 'Alan Zhao', '$2y$10$xxHloFyKzXITJxP1TD0r1.wvV/LLX9WYogXm4n4zycD/edRVlBs12', 'TP000545@mail.apu.edu.my', '+6012-5599623', 'Al-1778728516.png', 'Student'),
(549, 'Alan Miller', '$2y$10$BHzmiSdif2YuFaCalOLG8Of.26LKeU.SAvyFvQMAzG8UGQwtskxdu', 'TP000546@mail.apu.edu.my', '+6012-5599623', 'Al-1778728516.png', 'Student'),
(550, 'Alan Wu', '$2y$10$Nb7ZYANYCbm0Cy5ugWf.3ujB.U1TVS57Dc6bD/g.ize/n53DCPwb2', 'TP000547@mail.apu.edu.my', '+6012-5599623', 'Al-1778728516.png', 'Student'),
(551, 'Alan Zhou', '$2y$10$eJyDmAXq78jTgyztUXvTXuMubgn5F7d3zQm99pevwbswyJ0wtXgC2', 'TP000548@mail.apu.edu.my', '+6012-5599623', 'Al-1778728516.png', 'Student'),
(552, 'Alan Lau', '$2y$10$MOASlvIHq7nrxOBnoMwzLeygi.lMZcdxVmHNCgxaEBRHlh44xo0.a', 'TP000549@mail.apu.edu.my', '+6012-5599623', 'Al-1778728516.png', 'Student'),
(553, 'Alan Carter', '$2y$10$oV/gbiDRCezyo/g78/sF/.hAuhM/rqtVPOlYXjg1keSFyXcIsvqY6', 'TP000550@mail.apu.edu.my', '+6012-5599623', 'Al-1778728517.png', 'Student'),
(554, 'Budi Tan', '$2y$10$P8yb.p1z3U3LeYJTBg8.7.GWH2gSuejbqSoux.q.jDJeRHwJGjnr6', 'TP000551@mail.apu.edu.my', '+6012-5599623', 'Bu-1778728517.png', 'Student'),
(555, 'Budi Choo', '$2y$10$5s0UR1tHqvPXYZ8yMzUcFuhfdJToJJ3T87GEGBr14z53eyWBxOq7a', 'TP000552@mail.apu.edu.my', '+6012-5599623', 'Bu-1778728517.png', 'Student'),
(556, 'Budi Chan', '$2y$10$SNY0cY89Vu36nBrbqbY.nuHYCaRNmSKeCR61UZonmooq0t2WdcxBK', 'TP000553@mail.apu.edu.my', '+6012-5599623', 'Bu-1778728517.png', 'Student'),
(557, 'Budi Wong', '$2y$10$NB5CtDStwMPjWtQuNKIFC.30nDAKXr9sw1831.Xxd0tvZhhvAKD1O', 'TP000554@mail.apu.edu.my', '+6012-5599623', 'Bu-1778728517.png', 'Student'),
(558, 'Budi Smith', '$2y$10$pEa.FnqIBwyDeX.rfroZ2e8GpUovfXKfilzdjOHPBFQBHjCgOA9UK', 'TP000555@mail.apu.edu.my', '+6012-5599623', 'Bu-1778728517.png', 'Student'),
(559, 'Budi Lim', '$2y$10$zx2L6.Q0JZoEsN5BRVqU4.NHAxVuNcRcHq.QhKFGLJgX0uIz.3kCO', 'TP000556@mail.apu.edu.my', '+6012-5599623', 'Bu-1778728517.png', 'Student'),
(560, 'Budi Khoo', '$2y$10$8k7km9u2riukOQAq.z0DRu/B4oQf.74y/rFJpMWWpr5UQnRc3eLle', 'TP000557@mail.apu.edu.my', '+6012-5599623', 'Bu-1778728517.png', 'Student'),
(561, 'Budi Chee', '$2y$10$fspJZQZxU2Gon.9OPz1C1.Ybzg4//vGbmMcNQDjUGPK/cTfxCO6V6', 'TP000558@mail.apu.edu.my', '+6012-5599623', 'Bu-1778728517.png', 'Student'),
(562, 'Budi Ong', '$2y$10$8D.HqyFZ93D1s7g1L7eaEeK7b.f.pRzS3KL7nBc/kD9WbBZX24cZ6', 'TP000559@mail.apu.edu.my', '+6012-5599623', 'Bu-1778728517.png', 'Student'),
(563, 'Budi Choong', '$2y$10$HKdRjKgH0lhTh2QSl9s5Iu1UNzGAXUmcCUGCECx6HMzNPVTlGHW/a', 'TP000560@mail.apu.edu.my', '+6012-5599623', 'Bu-1778728517.png', 'Student'),
(564, 'Budi Liu', '$2y$10$4PPCRNdEYbaLinwSqLedh.aDuM7rlZEDC3L9P3p3W1jn4eqOXd2Tm', 'TP000561@mail.apu.edu.my', '+6012-5599623', 'Bu-1778728517.png', 'Student'),
(565, 'Budi Chen', '$2y$10$iS8xSHETO8SBXqJS1x36mec1NNMdW/QkpvwYMD8NtMGLN//yJKgNq', 'TP000562@mail.apu.edu.my', '+6012-5599623', 'Bu-1778728518.png', 'Student'),
(566, 'Budi Yang', '$2y$10$Z1.OTI5087spxj/AQrEZjuUzRW7OfnnmD/Khu2qG82bLkHByiyGPm', 'TP000563@mail.apu.edu.my', '+6012-5599623', 'Bu-1778728518.png', 'Student'),
(567, 'Budi Huang', '$2y$10$t83vOAF.yLfoYRoa/tnyP.6ZE.h9dWlGBxCK.cxU9IFYkDsIVg226', 'TP000564@mail.apu.edu.my', '+6012-5599623', 'Bu-1778728518.png', 'Student'),
(568, 'Budi Zhao', '$2y$10$lV5f9JiUIbMTLUOP8LNTS.Ld5hlhRA.iP6PnwVLzOh69D0sMus1cy', 'TP000565@mail.apu.edu.my', '+6012-5599623', 'Bu-1778728518.png', 'Student'),
(569, 'Budi Miller', '$2y$10$/npcVZwR0c4KCmqMMwJaGOTNfHqLh9PfdmbszfqK1rOqfAUSEpCTS', 'TP000566@mail.apu.edu.my', '+6012-5599623', 'Bu-1778728518.png', 'Student'),
(570, 'Budi Wu', '$2y$10$3a7Fb7ZMlSCSDFbPj8FKpuujx.jdhHjIrJ03OOpdmwA1nI.K5.zbO', 'TP000567@mail.apu.edu.my', '+6012-5599623', 'Bu-1778728518.png', 'Student'),
(571, 'Budi Zhou', '$2y$10$vbiHazEqk47ERoazseAZOuWHu3moPKAS3cZo2rkWqWLKrRQzQT/ce', 'TP000568@mail.apu.edu.my', '+6012-5599623', 'Bu-1778728518.png', 'Student'),
(572, 'Budi Lau', '$2y$10$qxzJb87iwdBiHYF.9q8Nuuf.s30AEuCIk3gUsFWLmxRyT.mr35JW.', 'TP000569@mail.apu.edu.my', '+6012-5599623', 'Bu-1778728518.png', 'Student'),
(573, 'Budi Carter', '$2y$10$NRWbRiqAQ47IQ.NORHCCgeoOTlLajTWYwiU3ylGBJVrfc./2sWs6C', 'TP000570@mail.apu.edu.my', '+6012-5599623', 'Bu-1778728518.png', 'Student'),
(574, 'James Tan', '$2y$10$AhO/UVZMvL4njvSx6VNgxOm3PL3Qlw9zKldl0hKQYus8qyyXYPzB.', 'TP000571@mail.apu.edu.my', '+6012-5599623', 'Ja-1778728518.png', 'Student'),
(575, 'James Choo', '$2y$10$3wxgxHvjjhuEfwQvQ1BPneZbybOYivNusaK5GuqNNvU7WtGw/xKGS', 'TP000572@mail.apu.edu.my', '+6012-5599623', 'Ja-1778728518.png', 'Student'),
(576, 'James Chan', '$2y$10$bgRo1ODWgugvEbkrbr1CHuipQTC6WvrkpEWoPAFMpJ7ULn8H.Fvbe', 'TP000573@mail.apu.edu.my', '+6012-5599623', 'Ja-1778728519.png', 'Student'),
(577, 'James Wong', '$2y$10$CoHy3W0NwAx.He4yK8Mn5uEtxz5lUWecWLNZtR6TnhETNIoMu86R2', 'TP000574@mail.apu.edu.my', '+6012-5599623', 'Ja-1778728519.png', 'Student'),
(578, 'James Smith', '$2y$10$t9mVU.DarY6MDKrVGgAk0ON3K01S6K24T/yTnTXir8YdjBQsEAj3m', 'TP000575@mail.apu.edu.my', '+6012-5599623', 'Ja-1778728519.png', 'Student'),
(579, 'James Lim', '$2y$10$6J8dIwKP/McIP41pKH.fTuwtquxnwtV7umfsnwHFnlm6A3xdFgTfa', 'TP000576@mail.apu.edu.my', '+6012-5599623', 'Ja-1778728519.png', 'Student'),
(580, 'James Khoo', '$2y$10$p9921qC9LjQZu.eMFWkqGeLYj24MH0wLqwht67rcCUVnlIsNjw1IW', 'TP000577@mail.apu.edu.my', '+6012-5599623', 'Ja-1778728519.png', 'Student'),
(581, 'James Chee', '$2y$10$Wbnl55azX2iBWxQ7LGZzweYMWZBgK95JEH2nzVNKVR8QHxH151scq', 'TP000578@mail.apu.edu.my', '+6012-5599623', 'Ja-1778728519.png', 'Student'),
(582, 'James Ong', '$2y$10$VUwWet/.w5LZZEe3miSaKeRqyx2OJZzIgwOuX7mPGQbSNPlD.oOQ6', 'TP000579@mail.apu.edu.my', '+6012-5599623', 'Ja-1778728519.png', 'Student'),
(583, 'James Choong', '$2y$10$Du35erqAibuET5rSmzvUyO5hzOAdzv/O4P.ses6eGjnEvVAPnv.YO', 'TP000580@mail.apu.edu.my', '+6012-5599623', 'Ja-1778728519.png', 'Student'),
(584, 'James Liu', '$2y$10$PYG5iJCZXT3vU6pn5AIK3Oz36wYuuo37VPHZwj8l33lnkHXpVN7qC', 'TP000581@mail.apu.edu.my', '+6012-5599623', 'Ja-1778728519.png', 'Student'),
(585, 'James Chen', '$2y$10$uZawHCGhv7FmP7mwuifoCuefEW14evHYU4LYC8vgxot6ici8YIoMW', 'TP000582@mail.apu.edu.my', '+6012-5599623', 'Ja-1778728519.png', 'Student'),
(586, 'James Yang', '$2y$10$v8ZXeLayil52KdxkQktYKeiANVPzXOBiqE1GV6w1Jdd.k..tQ6CQi', 'TP000583@mail.apu.edu.my', '+6012-5599623', 'Ja-1778728519.png', 'Student'),
(587, 'James Huang', '$2y$10$munYKXR97k89kutSfn3/tOnft3taPxfqUpQ9Yx34yFJrbZeYu/tM2', 'TP000584@mail.apu.edu.my', '+6012-5599623', 'Ja-1778728520.png', 'Student'),
(588, 'James Zhao', '$2y$10$aDsxdY.kzqMAoF1a5nSU0OMNFwaTgXjaBq6AT.5dstdaC5ADMjvmm', 'TP000585@mail.apu.edu.my', '+6012-5599623', 'Ja-1778728520.png', 'Student'),
(589, 'James Miller', '$2y$10$LwrOQlGz8dzeO5IZvYm.b.iujkMFzihSm/u.xs14W.xDMeczNlG36', 'TP000586@mail.apu.edu.my', '+6012-5599623', 'Ja-1778728520.png', 'Student'),
(590, 'James Wu', '$2y$10$1SQ3lwQqf2xdJqdV8MXu1O.LHtDlVdk/vsQuhNCZIuHUTLX3o8GBG', 'TP000587@mail.apu.edu.my', '+6012-5599623', 'Ja-1778728520.png', 'Student'),
(591, 'James Zhou', '$2y$10$w9Jreu6lz0ubzgnVSY3h8.rpbAFSVxe8cSPTXnyfK2ZrVDBxHzcKG', 'TP000588@mail.apu.edu.my', '+6012-5599623', 'Ja-1778728520.png', 'Student'),
(592, 'James Lau', '$2y$10$xYHIq8PWtmhPg000u.ktuuHV1DcuyI5qSAe7AguRjaCrtQBGovj/2', 'TP000589@mail.apu.edu.my', '+6012-5599623', 'Ja-1778728520.png', 'Student'),
(593, 'James Carter', '$2y$10$dnEKxqXXk/VqKBqxVtSeY.MD28peLLHOe8UjZ5CRK6mc5oK.roiYi', 'TP000590@mail.apu.edu.my', '+6012-5599623', 'Ja-1778728520.png', 'Student'),
(594, 'John Tan', '$2y$10$2PQ/pcLK81Z85nUn8YjyMOsyyVGkPyIfooWJMeAyY6VDzIt/JE8BC', 'TP000591@mail.apu.edu.my', '+6012-5599623', 'Jo-1778728520.png', 'Student'),
(595, 'John Choo', '$2y$10$0/Vd88wzMzpXXMMb7Qi61.axjSTG4MhV51L5KuiW8NzncCaHgHIEW', 'TP000592@mail.apu.edu.my', '+6012-5599623', 'Jo-1778728520.png', 'Student'),
(596, 'John Chan', '$2y$10$SHeJsYz0o5cTJ2pOAdB3ZuNEbRDdC6VfTnKpiewid7QVryjRIVMnK', 'TP000593@mail.apu.edu.my', '+6012-5599623', 'Jo-1778728520.png', 'Student'),
(597, 'John Wong', '$2y$10$1jxwXch3eUKTeMQLTWp/RO5maYBdunhU6A.JJ6du6VoqQnK1.OrUK', 'TP000594@mail.apu.edu.my', '+6012-5599623', 'Jo-1778728520.png', 'Student'),
(598, 'John Smith', '$2y$10$LjAiP59kS059yamooENGY.Wyux02o8uVfcUQK4ZckMmOIJh/Ft94m', 'TP000595@mail.apu.edu.my', '+6012-5599623', 'Jo-1778728521.png', 'Student'),
(599, 'John Lim', '$2y$10$10Pa39rVF.Y1euQlReW3zuCR7oOsqrCp7T1Fqd2.HMeQkYa20R8LG', 'TP000596@mail.apu.edu.my', '+6012-5599623', 'Jo-1778728521.png', 'Student'),
(600, 'John Khoo', '$2y$10$zYlZiK3kyfCVveFKydPe3e8Pc.t0QZ.RN.CwwRvj.zlBT/oaWBdja', 'TP000597@mail.apu.edu.my', '+6012-5599623', 'Jo-1778728521.png', 'Student'),
(601, 'John Chee', '$2y$10$V3c4sxnl8sn4/.lb5jIeRuXARy.nlrP0jiBo.0XQVubwDG5fMnuzm', 'TP000598@mail.apu.edu.my', '+6012-5599623', 'Jo-1778728521.png', 'Student'),
(602, 'John Ong', '$2y$10$56r0r4FZ24FBRPHrvDhf6.stKdrWureTwnFuS.v0r4fm0xHctMsLq', 'TP000599@mail.apu.edu.my', '+6012-5599623', 'Jo-1778728521.png', 'Student'),
(603, 'John Choong', '$2y$10$.TnKKYOCOw4WLqnDcBqpYeePGMxY5V.BXBHxKvXJTb9oYbrDFUM.u', 'TP000600@mail.apu.edu.my', '+6012-5599623', 'Jo-1778728521.png', 'Student'),
(604, 'John Liu', '$2y$10$HI4QH4f8dWfS7RsD/WXjreYggZ0kEvrWA1r8nq1cuehLI9EPTnOl2', 'TP000601@mail.apu.edu.my', '+6012-5599623', 'Jo-1778728521.png', 'Student'),
(605, 'John Chen', '$2y$10$ez4VMmTbf8pjynAg68lyzuIfG3jzr9xcuRRhdarSOi38i4I/gsHJi', 'TP000602@mail.apu.edu.my', '+6012-5599623', 'Jo-1778728521.png', 'Student'),
(606, 'John Yang', '$2y$10$spn9XeZDYZRWyTJVCWlc5.iUWba2cNBrevL2geNo2twoJp47Qep9i', 'TP000603@mail.apu.edu.my', '+6012-5599623', 'Jo-1778728521.png', 'Student'),
(607, 'John Huang', '$2y$10$.mSWRe/fDBMC1RZbdjFaXeTYxDFg5oCLNWz1x0apsD0sXSBBzgxFy', 'TP000604@mail.apu.edu.my', '+6012-5599623', 'Jo-1778728521.png', 'Student'),
(608, 'John Zhao', '$2y$10$drWmByUg8fKDXOVvPrndGeQ4k/Udbyogw0GJh7ulaoiddpY9ot71u', 'TP000605@mail.apu.edu.my', '+6012-5599623', 'Jo-1778728521.png', 'Student'),
(609, 'John Miller', '$2y$10$nJOpR1IH8lZLH9yKOFy47OLNsnjWhssHWj8CmZLjZ1Pn08V.DHAai', 'TP000606@mail.apu.edu.my', '+6012-5599623', 'Jo-1778728521.png', 'Student'),
(610, 'John Wu', '$2y$10$bPS06Kf3Zi9xuSrpa4XlMu3g0cTmdXl7Ur2uVa0LrkTGet5NtSZUC', 'TP000607@mail.apu.edu.my', '+6012-5599623', 'Jo-1778728522.png', 'Student'),
(611, 'John Zhou', '$2y$10$4na86yMrafzlYV32GNcmWORhzdQ3T9JWxDDwYlSWsrAmcCGA0xiMu', 'TP000608@mail.apu.edu.my', '+6012-5599623', 'Jo-1778728522.png', 'Student'),
(612, 'John Lau', '$2y$10$Ynq.8g6ADCRC/c1.VCmtseKND7FDfbvdjodkcujaok9rcP/72jAZ.', 'TP000609@mail.apu.edu.my', '+6012-5599623', 'Jo-1778728522.png', 'Student'),
(613, 'John Carter', '$2y$10$tKMXBvlCh5YVx1gaSHCNReELfa19DRURU86EC0NITUt5wjPM/qiu.', 'TP000610@mail.apu.edu.my', '+6012-5599623', 'Jo-1778728522.png', 'Student'),
(614, 'William Tan', '$2y$10$l579KQivMPQ54TD6PEtMHO6RnU/YKKt0XL1pXWSuAzjXghO992s9a', 'TP000611@mail.apu.edu.my', '+6012-5599623', 'Wi-1778728522.png', 'Student'),
(615, 'William Choo', '$2y$10$40GSqJR9/eICmqZQHJ/PN.p17D6Fz9Z8voYTgBUqTBrNClQzREkIa', 'TP000612@mail.apu.edu.my', '+6012-5599623', 'Wi-1778728522.png', 'Student'),
(616, 'William Chan', '$2y$10$UusASP40GvwUyoRuAOISRuAr.YDP4GNfCjofhrhpZw0isDc1qr4dm', 'TP000613@mail.apu.edu.my', '+6012-5599623', 'Wi-1778728522.png', 'Student'),
(617, 'William Wong', '$2y$10$DbieQ2m58yNxLtzgEAzNO.2ooyXac5WNKEWwdE/SqVM0BYm/QF2zm', 'TP000614@mail.apu.edu.my', '+6012-5599623', 'Wi-1778728522.png', 'Student'),
(618, 'William Smith', '$2y$10$Te9vQ8w6NL3Es4KADBFIaO8MRULMtjb7rT2TlwFQ4S1.kuRZNifcq', 'TP000615@mail.apu.edu.my', '+6012-5599623', 'Wi-1778728522.png', 'Student'),
(619, 'William Lim', '$2y$10$CQMVRnOmTvYbaC/UXKT0CO5SvhKH0fJqYRRP5b7ulq6JEHZB9kODu', 'TP000616@mail.apu.edu.my', '+6012-5599623', 'Wi-1778728522.png', 'Student'),
(620, 'William Khoo', '$2y$10$yvd8lvNHD7Vg3lr7/d9EMumIVdpU9/MDMNnCDlb13wNKqxyBZQn9K', 'TP000617@mail.apu.edu.my', '+6012-5599623', 'Wi-1778728522.png', 'Student'),
(621, 'William Chee', '$2y$10$o8KMXvlqZYfXSbkkdFDl/.ajtjvb3IRtpJqQKaLYfvz94rnKI38ZO', 'TP000618@mail.apu.edu.my', '+6012-5599623', 'Wi-1778728523.png', 'Student'),
(622, 'William Ong', '$2y$10$kbYSjeaNW/UVPw3dxQz.CeE/Zd336KqMg1teDMJVim2iCLJALa9ha', 'TP000619@mail.apu.edu.my', '+6012-5599623', 'Wi-1778728523.png', 'Student'),
(623, 'William Choong', '$2y$10$Y8t.wLn.mYXB2u7TOwx7j.rmzqyxtyrIeV7JSKUmc3owzyR4sLKSe', 'TP000620@mail.apu.edu.my', '+6012-5599623', 'Wi-1778728523.png', 'Student'),
(624, 'William Liu', '$2y$10$.N/xthqwSLt7e24cAAiIIe20zvR2mt3EnpyW6xLz7BxRCsJgkBlQy', 'TP000621@mail.apu.edu.my', '+6012-5599623', 'Wi-1778728523.png', 'Student');
INSERT INTO `user` (`user_id`, `name`, `password`, `email`, `phone`, `picture`, `role`) VALUES
(625, 'William Chen', '$2y$10$FV6kFRiuIZJUuFcZBEaz9uSiugXgKsD02XpUQ6lKjRFpLhxZMC8C2', 'TP000622@mail.apu.edu.my', '+6012-5599623', 'Wi-1778728523.png', 'Student'),
(626, 'William Yang', '$2y$10$fF2asxtZzedVtu5tIY5W7OMPKXSomRw38kx8cohKdYTi1V4lw8KMi', 'TP000623@mail.apu.edu.my', '+6012-5599623', 'Wi-1778728523.png', 'Student'),
(627, 'William Huang', '$2y$10$JZSwnaHvSoNBpl714iLDX.zhgbc.wHRWVAyEI1fNKTjJ6xJkn7h1G', 'TP000624@mail.apu.edu.my', '+6012-5599623', 'Wi-1778728523.png', 'Student'),
(628, 'William Zhao', '$2y$10$BT8o8455xshxdKnBWsWvOOtqwGVgB/RNiX8bkTy/Q3ZldNZETw/EG', 'TP000625@mail.apu.edu.my', '+6012-5599623', 'Wi-1778728523.png', 'Student'),
(629, 'William Miller', '$2y$10$wpY.1l1VwGgldyhvhhTciuL/cYotulNtpqU1VKh67zINPkbP8in/6', 'TP000626@mail.apu.edu.my', '+6012-5599623', 'Wi-1778728523.png', 'Student'),
(630, 'William Wu', '$2y$10$0flXgnj0Zyn71yp6cM2d8eF7fsgEDAghJtiskqrqiPBpklHIHdT9W', 'TP000627@mail.apu.edu.my', '+6012-5599623', 'Wi-1778728523.png', 'Student'),
(631, 'William Zhou', '$2y$10$P5CDNB91k7xVb9zSzM0FUOzalVj22b3rVLJA0NA3Pz.R/mzdcuyo2', 'TP000628@mail.apu.edu.my', '+6012-5599623', 'Wi-1778728523.png', 'Student'),
(632, 'William Lau', '$2y$10$s9G0MQmLk4mM2z17pyKucOqmQ2D../YFPvXzB1hLJKgy9BfrUiHom', 'TP000629@mail.apu.edu.my', '+6012-5599623', 'Wi-1778728524.png', 'Student'),
(633, 'William Carter', '$2y$10$AU9qFhu8WWk/T8r0a/.PeOqsKfDJYh2FPi.NeBi9kNCxyFxkyq7My', 'TP000630@mail.apu.edu.my', '+6012-5599623', 'Wi-1778728524.png', 'Student'),
(634, 'Terry Tan', '$2y$10$oZjISDBki9B6mrQCo5FSNOIFLIQX/elcYy24H7WvweAmQAvCcBgZe', 'TP000631@mail.apu.edu.my', '+6012-5599623', 'Te-1778728524.png', 'Student'),
(635, 'Terry Choo', '$2y$10$oTfW65vem5kdwR8byFHNF.9/PUxbkhfyr6aPtJXENta.I8pC98KgW', 'TP000632@mail.apu.edu.my', '+6012-5599623', 'Te-1778728524.png', 'Student'),
(636, 'Terry Chan', '$2y$10$QDivuig1/qPQ6vSPYiW1OOyV8Nh4e1EDWFMkdQ5qPv6URqK9GEjM6', 'TP000633@mail.apu.edu.my', '+6012-5599623', 'Te-1778728524.png', 'Student'),
(637, 'Terry Wong', '$2y$10$Bhz19olr6/4VhfRrvfm09.BiEt4GSjLlcTBo831R6LQAJDXX1rElO', 'TP000634@mail.apu.edu.my', '+6012-5599623', 'Te-1778728524.png', 'Student'),
(638, 'Terry Smith', '$2y$10$kRIIFiYk.M8LmzrNly0D3eItyXSvD4CeYfK.n0J49XYCdd1IrcwVy', 'TP000635@mail.apu.edu.my', '+6012-5599623', 'Te-1778728524.png', 'Student'),
(639, 'Terry Lim', '$2y$10$onDJ8gklPUUPr8Nx39XmJevyW1Di8RuspkjBFC8RbcnoBW6rX.tly', 'TP000636@mail.apu.edu.my', '+6012-5599623', 'Te-1778728524.png', 'Student'),
(640, 'Terry Khoo', '$2y$10$9ES3KJtn2giixmYqLf84MeOqKQ.NzgvkSLua4AjUURaQOETWvNc6e', 'TP000637@mail.apu.edu.my', '+6012-5599623', 'Te-1778728524.png', 'Student'),
(641, 'Terry Chee', '$2y$10$oZX5BnQv5levmTGHqMjfYOg7C.RxmI3LYAzhhDbyqz0G6wl.mqt7e', 'TP000638@mail.apu.edu.my', '+6012-5599623', 'Te-1778728524.png', 'Student'),
(642, 'Terry Ong', '$2y$10$eJD3JlKgoLW4FogCMnvm1ewdA5yv14hrcw.t9DERTUW22m96P.6QW', 'TP000639@mail.apu.edu.my', '+6012-5599623', 'Te-1778728524.png', 'Student'),
(643, 'Terry Choong', '$2y$10$la8v9kjwQGQvPuG8ZXtxOejqh16uKVZfuFn5OcJdRODzjgZ0.NDDq', 'TP000640@mail.apu.edu.my', '+6012-5599623', 'Te-1778728524.png', 'Student'),
(644, 'Terry Liu', '$2y$10$bNSe2IUidPNlsDxUM7VifutnT8x.z2u0hGjAPqdWHbx1o./pDA3/O', 'TP000641@mail.apu.edu.my', '+6012-5599623', 'Te-1778728525.png', 'Student'),
(645, 'Terry Chen', '$2y$10$MUnRsFLQDZ80pKDKuPujgePIJJ9rgTt8.nGDAwUQGKxEVG.cNPeIC', 'TP000642@mail.apu.edu.my', '+6012-5599623', 'Te-1778728525.png', 'Student'),
(646, 'Terry Yang', '$2y$10$PzjHrBfX/JAMUvQQNmds/uoqnLij5pxRnsYktxQRpORLRB8cPaj3S', 'TP000643@mail.apu.edu.my', '+6012-5599623', 'Te-1778728525.png', 'Student'),
(647, 'Terry Huang', '$2y$10$iCZpMh3bWZyEecA0l5Ybvuec00fpMSiK3vuig.IBHxMH2SjMOusuC', 'TP000644@mail.apu.edu.my', '+6012-5599623', 'Te-1778728525.png', 'Student'),
(648, 'Terry Zhao', '$2y$10$DYBDcGnfoqHi7USK.Q2AOOHH4T1TCzoe1tKZPPJHH/RlqRsQkpmwq', 'TP000645@mail.apu.edu.my', '+6012-5599623', 'Te-1778728525.png', 'Student'),
(649, 'Terry Miller', '$2y$10$.AD6H8hSee81PVZBru7js.nryXhdUo6s7WPt6Q1O/XBZmBEMeJX4.', 'TP000646@mail.apu.edu.my', '+6012-5599623', 'Te-1778728525.png', 'Student'),
(650, 'Terry Wu', '$2y$10$eQQMSEZsXxjTa.5cqdLE4.eWZgGQibcb0IIdsSZjaxCCqEst.1rXy', 'TP000647@mail.apu.edu.my', '+6012-5599623', 'Te-1778728525.png', 'Student'),
(651, 'Terry Zhou', '$2y$10$uQGKs5CGR.VuJDpaOCrGpuI8xtL1JyOEXmuGpobNi3W2EcN/B7D3u', 'TP000648@mail.apu.edu.my', '+6012-5599623', 'Te-1778728525.png', 'Student'),
(652, 'Terry Lau', '$2y$10$5YmJgaJlG7McewvH8/g2QOeS9GpnhZo.5NCPO.t4rA1g9xlW2X7pm', 'TP000649@mail.apu.edu.my', '+6012-5599623', 'Te-1778728525.png', 'Student'),
(653, 'Terry Carter', '$2y$10$pyyq/XNhumtkcL/AjFuGHuAym6F2R5MmTjoaK0Xqdl1W7DYusDoGO', 'TP000650@mail.apu.edu.my', '+6012-5599623', 'Te-1778728525.png', 'Student'),
(654, 'Lucas Tan', '$2y$10$/Js7e0W4.jOEDMoXRjDgfuowKCx4SanazVeehcKHGTk4nmM13qYti', 'TP000651@mail.apu.edu.my', '+6012-5599623', 'Lu-1778728525.png', 'Student'),
(655, 'Lucas Choo', '$2y$10$xq4cIKXBVzE3N32Z/XiC3O1bros30kQ7AS/UPpkOCBhyb7yXPe6By', 'TP000652@mail.apu.edu.my', '+6012-5599623', 'Lu-1778728526.png', 'Student'),
(656, 'Lucas Chan', '$2y$10$J0fPsK8ArcygzenF1lfuFO4jTtI60S/XxEPoZtuyu0QioX6axLplu', 'TP000653@mail.apu.edu.my', '+6012-5599623', 'Lu-1778728526.png', 'Student'),
(657, 'Lucas Wong', '$2y$10$R.aaugvsg0IeomDvueT6oeIAHTawNJDyB73ZwVlGbDQV3xLROVyc6', 'TP000654@mail.apu.edu.my', '+6012-5599623', 'Lu-1778728526.png', 'Student'),
(658, 'Lucas Smith', '$2y$10$sYy8dNR/Ru9f8GQeEVn6Q.V8/tOiibxaSV7LzzkfKlOi3UzYlEfAK', 'TP000655@mail.apu.edu.my', '+6012-5599623', 'Lu-1778728526.png', 'Student'),
(659, 'Lucas Lim', '$2y$10$WjhclQ/.63laXnDN8GX7NODlbKT1.NHRds2ZzllfX6vqLy2xKf9ne', 'TP000656@mail.apu.edu.my', '+6012-5599623', 'Lu-1778728526.png', 'Student'),
(660, 'Lucas Khoo', '$2y$10$043e.y1TBT5R0yNEAHMKM.q1FvqS.ZKuB8ASNrrSRJJC2ejOFljfO', 'TP000657@mail.apu.edu.my', '+6012-5599623', 'Lu-1778728526.png', 'Student'),
(661, 'Lucas Chee', '$2y$10$.KGJLCe/Rg92gsbVsnIRc.hrntCiMir.fmcwadJunO9qezvZ/iFZq', 'TP000658@mail.apu.edu.my', '+6012-5599623', 'Lu-1778728526.png', 'Student'),
(662, 'Lucas Ong', '$2y$10$kAhwSw.exJX5EkNDentJOuOvlWkXdgiOCgayKuyjJ2orf7cnXhNdO', 'TP000659@mail.apu.edu.my', '+6012-5599623', 'Lu-1778728526.png', 'Student'),
(663, 'Lucas Choong', '$2y$10$ez7otOrtvKJHbLmKryv16OnnuKxkIzOXEDgJD3JLD3MBszv7h3zHW', 'TP000660@mail.apu.edu.my', '+6012-5599623', 'Lu-1778728526.png', 'Student'),
(664, 'Lucas Liu', '$2y$10$L7NBYT/0SzAVmK1xFKA1C.0BeafSAsnvC2LX/fcCrrrYIaGznbAlW', 'TP000661@mail.apu.edu.my', '+6012-5599623', 'Lu-1778728526.png', 'Student'),
(665, 'Lucas Chen', '$2y$10$3fRkc5Gn4nwlZ8VjNZ9oJ.aR/7AZuu06swOXm7qHm4rcdQiiJzOSa', 'TP000662@mail.apu.edu.my', '+6012-5599623', 'Lu-1778728526.png', 'Student'),
(666, 'Lucas Yang', '$2y$10$S/EwtB4esWu1CLhUqPb5j.Z5SsohDx6ppEFDgZPP9PlbTYJ16hpb.', 'TP000663@mail.apu.edu.my', '+6012-5599623', 'Lu-1778728527.png', 'Student'),
(667, 'Lucas Huang', '$2y$10$QwUZ95vuK.rXA7S8TzCHzus5cRPAVirGfAByvAZcsLoZBBppW3Zz6', 'TP000664@mail.apu.edu.my', '+6012-5599623', 'Lu-1778728527.png', 'Student'),
(668, 'Lucas Zhao', '$2y$10$pnIccAzuJWhQh.mZ/FPeOubNsAMbQF/Ns4iDRnAAWujk4hyDGw7AS', 'TP000665@mail.apu.edu.my', '+6012-5599623', 'Lu-1778728527.png', 'Student'),
(669, 'Lucas Miller', '$2y$10$hzJ7pslF3/e3KWN0tatSh.8S8acOveW1HPYfGwtMhfvYFEdwQmWHi', 'TP000666@mail.apu.edu.my', '+6012-5599623', 'Lu-1778728527.png', 'Student'),
(670, 'Lucas Wu', '$2y$10$VIkB7UUyvrMQ2gHHpM9rJOP9WSjWpcnvjZJJKaKaVi90bPLASL0iW', 'TP000667@mail.apu.edu.my', '+6012-5599623', 'Lu-1778728527.png', 'Student'),
(671, 'Lucas Zhou', '$2y$10$FRUSvN5btTTMEp2awVT6g.lhY2KYq4M2o7ssNc5bUE1IF8XemRMFO', 'TP000668@mail.apu.edu.my', '+6012-5599623', 'Lu-1778728527.png', 'Student'),
(672, 'Lucas Lau', '$2y$10$/yMhue/KJ2sN8DTSeEWGZ.WvpXVMhvYlvkVecr9Us/g0Pc9tJQkGW', 'TP000669@mail.apu.edu.my', '+6012-5599623', 'Lu-1778728527.png', 'Student'),
(673, 'Lucas Carter', '$2y$10$HoiePgUEFzuEx3tL0Pp2duUgoav.YPbdTDWtGj1G.H26BuLxAjGAO', 'TP000670@mail.apu.edu.my', '+6012-5599623', 'Lu-1778728527.png', 'Student'),
(674, 'Rudy Tan', '$2y$10$ZifM9lSkZqW3Ul3hf8CmBeQn6C4KhfOso01mHZrAwEcdJ1sWM5jPW', 'TP000671@mail.apu.edu.my', '+6012-5599623', 'Ru-1778728527.png', 'Student'),
(675, 'Rudy Choo', '$2y$10$Mav08mVN9mEHrV/brad9J.bW/FlL8X1HuUZJbc.lpZOGtntvyVL3S', 'TP000672@mail.apu.edu.my', '+6012-5599623', 'Ru-1778728527.png', 'Student'),
(676, 'Rudy Chan', '$2y$10$U.kuUm8ALi9KQ/IGhr5ZhujFqBTLeQgB1woAVkg/TrXtsL/Uae7M.', 'TP000673@mail.apu.edu.my', '+6012-5599623', 'Ru-1778728527.png', 'Student'),
(677, 'Rudy Wong', '$2y$10$SULKQnmcAh0uKxu.ytCmC.FubdDpDghs4Ib7XfGKWp1SQoYavJYve', 'TP000674@mail.apu.edu.my', '+6012-5599623', 'Ru-1778728527.png', 'Student'),
(678, 'Rudy Smith', '$2y$10$vilYy1Vl7le3YX2LYZk/AOyVi5g3E5G481jP.DGG3gHWdg5Bf2oCq', 'TP000675@mail.apu.edu.my', '+6012-5599623', 'Ru-1778728528.png', 'Student'),
(679, 'Rudy Lim', '$2y$10$rdc6LXbGa1XFGUOMM5yki.E8N4e3wu2m9V9ORp4WEjm.rmMqZBNIK', 'TP000676@mail.apu.edu.my', '+6012-5599623', 'Ru-1778728528.png', 'Student'),
(680, 'Rudy Khoo', '$2y$10$QkdBAeuQ/t2o6oHmlxsxceNxbyzP7EMIAYyzqFgDm4JIJ1Mk2B63K', 'TP000677@mail.apu.edu.my', '+6012-5599623', 'Ru-1778728528.png', 'Student'),
(681, 'Rudy Chee', '$2y$10$P6VmW6NAM8WTz9bOZd4eJej1M6E0lgdM/AkgkP1gMDz3U7/SALOka', 'TP000678@mail.apu.edu.my', '+6012-5599623', 'Ru-1778728528.png', 'Student'),
(682, 'Rudy Ong', '$2y$10$Ro4V5RtSYnss5Ivahe6sXuF6cAqgf/oFqIlv2q6U8UsnDZpKf.qk6', 'TP000679@mail.apu.edu.my', '+6012-5599623', 'Ru-1778728528.png', 'Student'),
(683, 'Rudy Choong', '$2y$10$zM3hyzBmvGOmThXcV2xp7eBFwuUDXUqYWQjR3rFWcj568aqfxdT9W', 'TP000680@mail.apu.edu.my', '+6012-5599623', 'Ru-1778728528.png', 'Student'),
(684, 'Rudy Liu', '$2y$10$5MxFIwAo/u8FYTEg4ShWZOIcjYBcGRFMuuYsIzYGWK4aJOczIVB1u', 'TP000681@mail.apu.edu.my', '+6012-5599623', 'Ru-1778728528.png', 'Student'),
(685, 'Rudy Chen', '$2y$10$TKf3md8TEddLWhIq2ZRFU.szuOHmO9jt5SeObOGA5HTNmY2w/quf6', 'TP000682@mail.apu.edu.my', '+6012-5599623', 'Ru-1778728528.png', 'Student'),
(686, 'Rudy Yang', '$2y$10$qzO3ZIIzR14mbHNpanhDkuxTMsE4Iultq4j3vqAhMS6XlptqAEON2', 'TP000683@mail.apu.edu.my', '+6012-5599623', 'Ru-1778728528.png', 'Student'),
(687, 'Rudy Huang', '$2y$10$MC5hnDhjHM.541ULpgxteehtpryWCVxGR2q8.qfdqyos2t4xQ43SK', 'TP000684@mail.apu.edu.my', '+6012-5599623', 'Ru-1778728528.png', 'Student'),
(688, 'Rudy Zhao', '$2y$10$IZNMRrLCLJaqFNCglYBZYeS7FwRMe9UQiG88sLiTo1IT5mL1Qgcui', 'TP000685@mail.apu.edu.my', '+6012-5599623', 'Ru-1778728528.png', 'Student'),
(689, 'Rudy Miller', '$2y$10$xuMd.eg0/cxvFfXWF.XUFuR1zGRfkQ6MeaVmCXGXGcXkpiyxheHZi', 'TP000686@mail.apu.edu.my', '+6012-5599623', 'Ru-1778728529.png', 'Student'),
(690, 'Rudy Wu', '$2y$10$Ayy3r8eZ691ETks3JJj9iuY5TLXUR.0KGmE1dSnWplp0.GE4GLkQG', 'TP000687@mail.apu.edu.my', '+6012-5599623', 'Ru-1778728529.png', 'Student'),
(691, 'Rudy Zhou', '$2y$10$knYjoNLO7lmo0fFLqEupgujcoWxOz7uOc2hLCbeI5ZTLoMEd.THrq', 'TP000688@mail.apu.edu.my', '+6012-5599623', 'Ru-1778728529.png', 'Student'),
(692, 'Rudy Lau', '$2y$10$/E7JPB/HkOfBFEPSsG6qVes4UGlVKwAuHgS0//0qp05ogUSo9HDAi', 'TP000689@mail.apu.edu.my', '+6012-5599623', 'Ru-1778728529.png', 'Student'),
(693, 'Rudy Carter', '$2y$10$L7ojA76LQoy3N0B7a.oX0uR1HcvLGVP3ggdD0jydR6T4JA6l4BD8y', 'TP000690@mail.apu.edu.my', '+6012-5599623', 'Ru-1778728529.png', 'Student'),
(694, 'Matthew Tan', '$2y$10$ACkHiyDyvn8XS0kqRvaiQOhRIv.4owICnAs5Z7o.HJeYB.mDKxb/e', 'TP000691@mail.apu.edu.my', '+6012-5599623', 'Ma-1778728529.png', 'Student'),
(695, 'Matthew Choo', '$2y$10$ytzWZubrGsdVvJhrrWXw0uU0YEPdBsrxKSoobT.aCd03ZLIDhQ3Di', 'TP000692@mail.apu.edu.my', '+6012-5599623', 'Ma-1778728529.png', 'Student'),
(696, 'Matthew Chan', '$2y$10$GNs98QRNCBC8/E4jAiaYBeHpVfFSVhZ8m1Tkbe3iDnNDXc.yCaYjG', 'TP000693@mail.apu.edu.my', '+6012-5599623', 'Ma-1778728529.png', 'Student'),
(697, 'Matthew Wong', '$2y$10$AOesRp3/t8m.1OrEBA8RWOt7SS1UdtuFSXpbIshdghfErgOBchzO2', 'TP000694@mail.apu.edu.my', '+6012-5599623', 'Ma-1778728529.png', 'Student'),
(698, 'Matthew Smith', '$2y$10$VZB2wMeiVLGAGCBN3.fQsuP7MshNJu3tEZFa9qfuWiRN81EVZNYBm', 'TP000695@mail.apu.edu.my', '+6012-5599623', 'Ma-1778728529.png', 'Student'),
(699, 'Matthew Lim', '$2y$10$rZQ8QSeNP0KUovtvs8yipu5JiIzo27M70X4xunjFN.4RS8v2BHmcu', 'TP000696@mail.apu.edu.my', '+6012-5599623', 'Ma-1778728529.png', 'Student'),
(700, 'Matthew Khoo', '$2y$10$Tq./cklQ7d/C4F8X1ZZQN.mu2VJEcxIJVK.T93K3/zm35FLElPId2', 'TP000697@mail.apu.edu.my', '+6012-5599623', 'Ma-1778728529.png', 'Student'),
(701, 'Matthew Chee', '$2y$10$OS79TL.5MSp6sYO9JfsLqu1QsJ6r96BC34V0na7i2y4NTBmgnjpK2', 'TP000698@mail.apu.edu.my', '+6012-5599623', 'Ma-1778728530.png', 'Student'),
(702, 'Matthew Ong', '$2y$10$bKVxovW8I38nbWK97CleRe3FM2HomDohPoWsWtn.YDJ9ZPwkfLrJC', 'TP000699@mail.apu.edu.my', '+6012-5599623', 'Ma-1778728530.png', 'Student'),
(703, 'Matthew Choong', '$2y$10$fo7UmLfGhSiHbRxw261wmOd0kr7W/wpZU5A/Yi3xlYfxyhCRbO.Oy', 'TP000700@mail.apu.edu.my', '+6012-5599623', 'Ma-1778728530.png', 'Student'),
(704, 'Matthew Liu', '$2y$10$Co6pM7FfWqlEO2y6ae/6IOV5MOG3is0eOPxYu4DSZO52qfQkNUrYK', 'TP000701@mail.apu.edu.my', '+6012-5599623', 'Ma-1778728530.png', 'Student'),
(705, 'Matthew Chen', '$2y$10$UfzhGYSDEEPGTaTbMfdKdehZOvE7VIdvIoSTufrDqHhKIyKLsBbQ6', 'TP000702@mail.apu.edu.my', '+6012-5599623', 'Ma-1778728530.png', 'Student'),
(706, 'Matthew Yang', '$2y$10$1cUN2IPA/hTN/D0g1DAS4eKXvwgQ0s9j.06gMA4mqCl507vS3IQfe', 'TP000703@mail.apu.edu.my', '+6012-5599623', 'Ma-1778728530.png', 'Student'),
(707, 'Matthew Huang', '$2y$10$Stdx795uEvw9v9oZzhReX.eUUcPswAzkyXAF.3cNkodln754TN5au', 'TP000704@mail.apu.edu.my', '+6012-5599623', 'Ma-1778728530.png', 'Student'),
(708, 'Matthew Zhao', '$2y$10$.egTH5YK0l0nN7ZyqxP83O9Z8oxJBbRQgWsS0nPNMf.wr0DIb0dSO', 'TP000705@mail.apu.edu.my', '+6012-5599623', 'Ma-1778728530.png', 'Student'),
(709, 'Matthew Miller', '$2y$10$N5IkPwa8uXWjMB.oEtsih.prITnXs1rNjMhMWmBGYdu/u1RMgQLXi', 'TP000706@mail.apu.edu.my', '+6012-5599623', 'Ma-1778728530.png', 'Student'),
(710, 'Matthew Wu', '$2y$10$.iAjiimbBF3G9ldz1DJJV.rpXoa9iTsFNXtfCwdEN1ZtnOtVv8sgm', 'TP000707@mail.apu.edu.my', '+6012-5599623', 'Ma-1778728530.png', 'Student'),
(711, 'Matthew Zhou', '$2y$10$Hg1QlnSaKOweSr2iZtnwNuTxEUHxfXfROHC6bfZRQWtI1526yo7G.', 'TP000708@mail.apu.edu.my', '+6012-5599623', 'Ma-1778728530.png', 'Student'),
(712, 'Matthew Lau', '$2y$10$TvTnW4SkSabGwHXmKYISluXF5H90bMsXcjl4BA6hB15z9NqDvXoTy', 'TP000709@mail.apu.edu.my', '+6012-5599623', 'Ma-1778728531.png', 'Student'),
(713, 'Matthew Carter', '$2y$10$J1z3rJ3l4LG45MlXsiBKOuhdFSwmfNcTxzwBmIzOOBZqMn2JPtYra', 'TP000710@mail.apu.edu.my', '+6012-5599623', 'Ma-1778728531.png', 'Student'),
(714, 'Charles Tan', '$2y$10$VBf.OJ7kdNSLx/gHFNGXq.BmZH8PQ3rjD6fYumrUHRYc9G/1O8Qr2', 'TP000711@mail.apu.edu.my', '+6012-5599623', 'Ch-1778728531.png', 'Student'),
(715, 'Charles Choo', '$2y$10$s.4k5Fw6zihUe7KQXV4JD.AdWq2ajVAkUkjEE1LYxQFLmvRK/2dLO', 'TP000712@mail.apu.edu.my', '+6012-5599623', 'Ch-1778728531.png', 'Student'),
(716, 'Charles Chan', '$2y$10$QvnPxxGgU32o3.mIVD89tuhImilyjbfiG8zIdXuZfH/rLYoi70Dha', 'TP000713@mail.apu.edu.my', '+6012-5599623', 'Ch-1778728531.png', 'Student'),
(717, 'Charles Wong', '$2y$10$mI2lj4xAacmbOeJBB3QUGOaCVzw5FkM2wiT84Ud/HT/Y6IaK0GSTO', 'TP000714@mail.apu.edu.my', '+6012-5599623', 'Ch-1778728531.png', 'Student'),
(718, 'Charles Smith', '$2y$10$CLMzTiNU7caDe3wOzfgnMeA68x7HebDhJnN1ROFVq7x6LaFRU.ZnW', 'TP000715@mail.apu.edu.my', '+6012-5599623', 'Ch-1778728531.png', 'Student'),
(719, 'Charles Lim', '$2y$10$6DMIUuFYd/LZ5/hIYaD3LuePbtbzm7w/zcaB11fRYE/r1vevASKU6', 'TP000716@mail.apu.edu.my', '+6012-5599623', 'Ch-1778728531.png', 'Student'),
(720, 'Charles Khoo', '$2y$10$ZDu30Uj6dXiWC3hGI.la.exhUyKEweqKnxmDY666y8KO1GTmBLNw.', 'TP000717@mail.apu.edu.my', '+6012-5599623', 'Ch-1778728531.png', 'Student'),
(721, 'Charles Chee', '$2y$10$GevnMPvPDURx3TJqpWGSv.zbnNqyEMgv996Ue8DrpK3uE9Tpd6OW.', 'TP000718@mail.apu.edu.my', '+6012-5599623', 'Ch-1778728531.png', 'Student'),
(722, 'Charles Ong', '$2y$10$LJvCeC3vdXCeioyauiCcNuC67Qh/zpLYlGNTuM/YKjsnfobx6sgSG', 'TP000719@mail.apu.edu.my', '+6012-5599623', 'Ch-1778728531.png', 'Student'),
(723, 'Charles Choong', '$2y$10$MhLPgdU1eEQ5kshWha.e2eLgfJa3jDfCb1VMqDUfyN4N0NWcNzk8u', 'TP000720@mail.apu.edu.my', '+6012-5599623', 'Ch-1778728532.png', 'Student'),
(724, 'Charles Liu', '$2y$10$5zByHkL.RlICY2AW0KvR3.5mITRzpEj6zRqGS60.IIRskjujawTEK', 'TP000721@mail.apu.edu.my', '+6012-5599623', 'Ch-1778728532.png', 'Student'),
(725, 'Charles Chen', '$2y$10$tb2Ir2tdvg6O/tkpNMfcZ.4mCFUyCSn/3wBnQjIbMVxUMZkPoJ2U6', 'TP000722@mail.apu.edu.my', '+6012-5599623', 'Ch-1778728532.png', 'Student'),
(726, 'Charles Yang', '$2y$10$rc5SUH/6EUcPGYFzEHAsyeOwU5Oed4yqH0VdTGQ8UnicKeSWZWC9.', 'TP000723@mail.apu.edu.my', '+6012-5599623', 'Ch-1778728532.png', 'Student'),
(727, 'Charles Huang', '$2y$10$M4HhyeysxnEpngDO4rND4O1nNBaFWElmw67CP2w6ZRZPa1WQiXnGO', 'TP000724@mail.apu.edu.my', '+6012-5599623', 'Ch-1778728532.png', 'Student'),
(728, 'Charles Zhao', '$2y$10$RqR.P9qQ1tx2I8MsQd45AuEExOZY53u1BXLrE6KydGqYTe1l79Nia', 'TP000725@mail.apu.edu.my', '+6012-5599623', 'Ch-1778728532.png', 'Student'),
(729, 'Charles Miller', '$2y$10$M.tkdWgsVmEO/XHAd0mchuZ9rUbUMO7PNzMv8JXWAJSe2TAx.grf2', 'TP000726@mail.apu.edu.my', '+6012-5599623', 'Ch-1778728532.png', 'Student'),
(730, 'Charles Wu', '$2y$10$BEv7jzVV2M7qwWYT0RGlGOUHo6jQ.WZ5N4jKmdv2EeC3aalfjxMxm', 'TP000727@mail.apu.edu.my', '+6012-5599623', 'Ch-1778728532.png', 'Student'),
(731, 'Charles Zhou', '$2y$10$0xvWbhEKbsc.8syA0rqk7.AtmOkk/WtAH2vh/foY7pZN3yeuqQdQe', 'TP000728@mail.apu.edu.my', '+6012-5599623', 'Ch-1778728532.png', 'Student'),
(732, 'Charles Lau', '$2y$10$D10iyJwKGXDMnL.PArRdf.re77b/JvILgJ6Qc3KlVSBkrYMygk1Te', 'TP000729@mail.apu.edu.my', '+6012-5599623', 'Ch-1778728532.png', 'Student'),
(733, 'Charles Carter', '$2y$10$0wlYYe8GB5FewdTo4kAuQ.O4Cf0Kb4QiIam9/RaWMYMRujw9WQC4.', 'TP000730@mail.apu.edu.my', '+6012-5599623', 'Ch-1778728532.png', 'Student'),
(734, 'Chris Tan', '$2y$10$Ya8DC7IZO/R2c3hvMcAbu.ZdT6l2CQckw6nYY4MWK5EvXv68WUeRK', 'TP000731@mail.apu.edu.my', '+6012-5599623', 'Ch-1778728532.png', 'Student'),
(735, 'Chris Choo', '$2y$10$bUFwFe4/I1Pm6HwuN4d85OOj7BYEz1unNKWtOFfQYOve0sdRYLpC.', 'TP000732@mail.apu.edu.my', '+6012-5599623', 'Ch-1778728533.png', 'Student'),
(736, 'Chris Chan', '$2y$10$Oa6lLlkh/rNe85uPaEVrfuK2FzViqlCGyu4.2yY5TmFBhBvqtcHcK', 'TP000733@mail.apu.edu.my', '+6012-5599623', 'Ch-1778728533.png', 'Student'),
(737, 'Chris Wong', '$2y$10$9im.XM00uafW89DmVR/Eje71j//JZw9IDAdB4s.OQJIlx6FoDkzwK', 'TP000734@mail.apu.edu.my', '+6012-5599623', 'Ch-1778728533.png', 'Student'),
(738, 'Chris Smith', '$2y$10$Lou8fa5FYVh5STqL8Cy0h.21IzhB1URoTD5uhUPyhJrtM6HCndvka', 'TP000735@mail.apu.edu.my', '+6012-5599623', 'Ch-1778728533.png', 'Student'),
(739, 'Chris Lim', '$2y$10$6LKYIhCGJpiRrh2Op2YfA.W3P2NnqN0/jLEge5FzzukJHmlY8IXqW', 'TP000736@mail.apu.edu.my', '+6012-5599623', 'Ch-1778728533.png', 'Student'),
(740, 'Chris Khoo', '$2y$10$HEDVM67mpNLWDW4.7I.Cg..1YOg.0b7I/tJPE.RHAQANsPgWK3hvG', 'TP000737@mail.apu.edu.my', '+6012-5599623', 'Ch-1778728533.png', 'Student'),
(741, 'Chris Chee', '$2y$10$M7CB.qMzTEclNqX8LBjjgeUbrwiVuy1AiTAWi7PKroPI1UYli0y/K', 'TP000738@mail.apu.edu.my', '+6012-5599623', 'Ch-1778728533.png', 'Student'),
(742, 'Chris Ong', '$2y$10$iMXZFLQvr3T/EynVP3i9FOo5u.OU4XA2bM/ozvXfQ8rIDJDWYJzMC', 'TP000739@mail.apu.edu.my', '+6012-5599623', 'Ch-1778728533.png', 'Student'),
(743, 'Chris Choong', '$2y$10$nM0Y2cEEYBG9LGKjX2o1deI/8JoNw39eat6i6LqLFJnKqyl0a4zPi', 'TP000740@mail.apu.edu.my', '+6012-5599623', 'Ch-1778728533.png', 'Student'),
(744, 'Chris Liu', '$2y$10$OoeRFkSLp9P.Wp2L0pM3tebeTsYDj/3Y3b72bxl8f35sL86RG4LGK', 'TP000741@mail.apu.edu.my', '+6012-5599623', 'Ch-1778728533.png', 'Student'),
(745, 'Chris Chen', '$2y$10$A4gQNF2IpQJ8WIDtJqUIK.BSP1s.4X5Avowp.MAGfkNGlSBDvRDFu', 'TP000742@mail.apu.edu.my', '+6012-5599623', 'Ch-1778728533.png', 'Student'),
(746, 'Chris Yang', '$2y$10$BpRK3G1kWkTBLQ3bI3eHr.rpz6oprm.TWVqMn6kXit06KDWlNB6WK', 'TP000743@mail.apu.edu.my', '+6012-5599623', 'Ch-1778728534.png', 'Student'),
(747, 'Chris Huang', '$2y$10$svDPav1AjCCJU5BwLioomee4RieqX/uh3wbtnUIU0GuEfIN381qpe', 'TP000744@mail.apu.edu.my', '+6012-5599623', 'Ch-1778728534.png', 'Student'),
(748, 'Chris Zhao', '$2y$10$SNb5WaBekuAhMQK08w8uXOEBqPX0eXygAgKm46cJX8E.VZ.7/k0/O', 'TP000745@mail.apu.edu.my', '+6012-5599623', 'Ch-1778728534.png', 'Student'),
(749, 'Chris Miller', '$2y$10$BOPz22g3dA62WDkr7D4hkuV85cHtmPpY01eR3aWAesJwbbRaApDqW', 'TP000746@mail.apu.edu.my', '+6012-5599623', 'Ch-1778728534.png', 'Student'),
(750, 'Chris Wu', '$2y$10$ore3dRD7ZoZGMAZSLOsdI.8yPD.CsP4cl6Ca4e49CGiS/QZfXZYG2', 'TP000747@mail.apu.edu.my', '+6012-5599623', 'Ch-1778728534.png', 'Student'),
(751, 'Chris Zhou', '$2y$10$quqm99nghZj4uhAgSXXQTu6bzG/h4HDDF7zF5lZMdNFBjmP6fMq02', 'TP000748@mail.apu.edu.my', '+6012-5599623', 'Ch-1778728534.png', 'Student'),
(752, 'Chris Lau', '$2y$10$C51Iy.5Tjf6p0n0ktDJSLO6S6OSvnpIN4lFxVSpkskU2OeS3kgBq2', 'TP000749@mail.apu.edu.my', '+6012-5599623', 'Ch-1778728534.png', 'Student'),
(753, 'Chris Carter', '$2y$10$VGBfExVA/AN.oFY/y3ai5edK7jbcr.DDexVKWSO/6THMkQr0s7DS6', 'TP000750@mail.apu.edu.my', '+6012-5599623', 'Ch-1778728534.png', 'Student'),
(754, 'Ethan Tan', '$2y$10$pr1b7AvaBsrJdXTSyKkOEug6HVHs767AVjTjfFF008ZN5Jseutkfi', 'TP000751@mail.apu.edu.my', '+6012-5599623', 'Et-1778728534.png', 'Student'),
(755, 'Ethan Choo', '$2y$10$Pta9cYhiz9THFGwDLORvjeRFfJL2Iup7hswdGanHzs9QxoZ7v6N6G', 'TP000752@mail.apu.edu.my', '+6012-5599623', 'Et-1778728534.png', 'Student'),
(756, 'Ethan Chan', '$2y$10$Z61FmJ2XPOzGrkM.g0kHqOcWOkzr520/5h4V8Us.TwsgaS6KPHd9.', 'TP000753@mail.apu.edu.my', '+6012-5599623', 'Et-1778728534.png', 'Student'),
(757, 'Ethan Wong', '$2y$10$MCUms8ofAyZf0i3ZTbN7OeA9vKgvOHqIqcwEVEIWg6fL/qBdOQJF.', 'TP000754@mail.apu.edu.my', '+6012-5599623', 'Et-1778728535.png', 'Student'),
(758, 'Ethan Smith', '$2y$10$TzIXsMMjabhCpXEoZBI.EOzXFBZ0HP5HQlYCKD77HLqKCIBrn3rlO', 'TP000755@mail.apu.edu.my', '+6012-5599623', 'Et-1778728535.png', 'Student'),
(759, 'Ethan Lim', '$2y$10$BRMaLOSzTrHxxTJyIEVEvOLeeVKBzBVHzkYbyjjF84febPQifho7m', 'TP000756@mail.apu.edu.my', '+6012-5599623', 'Et-1778728535.png', 'Student'),
(760, 'Ethan Khoo', '$2y$10$HoOMlkYTA/EgP7RQljz9auoYVi1p2jRsJNyWP9TTgzJyNYWwgxVOW', 'TP000757@mail.apu.edu.my', '+6012-5599623', 'Et-1778728535.png', 'Student'),
(761, 'Ethan Chee', '$2y$10$hYkuFQDVwq7pdt8ObtWYlej2k0JYeb5JDlTIAWPzfNyWqFU467l3q', 'TP000758@mail.apu.edu.my', '+6012-5599623', 'Et-1778728535.png', 'Student'),
(762, 'Ethan Ong', '$2y$10$TqcZc8D9NvwONrkfHLXrzeM7tYnDl9sJ1nUe3rh.s2Sh657cUxnie', 'TP000759@mail.apu.edu.my', '+6012-5599623', 'Et-1778728535.png', 'Student'),
(763, 'Ethan Choong', '$2y$10$QbKIxTC9.nbuqs/T0rVmZu/hZzCL8K8zl9Z/YhmjwTdnJdl05pFby', 'TP000760@mail.apu.edu.my', '+6012-5599623', 'Et-1778728535.png', 'Student'),
(764, 'Ethan Liu', '$2y$10$3xrMAO6eZfpTqjabV3l.FeGVq2iyZvggbRvn/NFvIPucgI2Nsan1y', 'TP000761@mail.apu.edu.my', '+6012-5599623', 'Et-1778728535.png', 'Student'),
(765, 'Ethan Chen', '$2y$10$AtqBHneZOrqPbhu/b7GpEebQyd.FukootkrgbAsZGJ2.zgeHkONCG', 'TP000762@mail.apu.edu.my', '+6012-5599623', 'Et-1778728535.png', 'Student'),
(766, 'Ethan Yang', '$2y$10$desOAA0qu6asr7dL8PNKkukECS24bR6ezWFQG4OTmRy/Jw5iNchgu', 'TP000763@mail.apu.edu.my', '+6012-5599623', 'Et-1778728535.png', 'Student'),
(767, 'Ethan Huang', '$2y$10$gwMIICYv1aWwQXySD/lin.xCFegTSMNihdX9jLL22LdCSL2pip2H2', 'TP000764@mail.apu.edu.my', '+6012-5599623', 'Et-1778728535.png', 'Student'),
(768, 'Ethan Zhao', '$2y$10$XxfooVnJlmmjdm8CvpXgFOJFoEIwNdLxohvoKgyfzfGPzzX3FcFha', 'TP000765@mail.apu.edu.my', '+6012-5599623', 'Et-1778728536.png', 'Student'),
(769, 'Ethan Miller', '$2y$10$EOJUPZ7UnprV9s/fi/f73.tAqn07bWjOj6dM6BdnGVvFBLorRDUlK', 'TP000766@mail.apu.edu.my', '+6012-5599623', 'Et-1778728536.png', 'Student'),
(770, 'Ethan Wu', '$2y$10$MXatfr6C6MK82j1mvE3E5.U2JQmt0YtVrLQLsLtlmlBohA.yd/PRG', 'TP000767@mail.apu.edu.my', '+6012-5599623', 'Et-1778728536.png', 'Student'),
(771, 'Ethan Zhou', '$2y$10$do5LjME/D1HQ6kL4DbcnL.0daC.3WauPs/9y298fgc/Vlyf/9rIWW', 'TP000768@mail.apu.edu.my', '+6012-5599623', 'Et-1778728536.png', 'Student'),
(772, 'Ethan Lau', '$2y$10$1c7yv9/Nj51Cg/yR7MYg6.Y0G7EDaeSQeWe9NRcLYQ.uQWL87Jgoa', 'TP000769@mail.apu.edu.my', '+6012-5599623', 'Et-1778728536.png', 'Student'),
(773, 'Ethan Carter', '$2y$10$UZarYUSc6lcIpG/TehSEB.QNxD9BXVWXLJOdSteDT7oxBPD8PbDrO', 'TP000770@mail.apu.edu.my', '+6012-5599623', 'Et-1778728536.png', 'Student'),
(774, 'George Tan', '$2y$10$4vcf/mufkOzqe2rpsnnly.BXeq2dN32j9xjHdN3xlAEzSzsUSkcm6', 'TP000771@mail.apu.edu.my', '+6012-5599623', 'Ge-1778728536.png', 'Student'),
(775, 'George Choo', '$2y$10$uxr99OKaZJ2SHG7/SMCV.O6sbNUZBuYPOXKbHxlwC8GChk5D2njA.', 'TP000772@mail.apu.edu.my', '+6012-5599623', 'Ge-1778728536.png', 'Student'),
(776, 'George Chan', '$2y$10$mRymuPR4vNGB1F/1VPLzrOIjp0hBsVZRpYUUHZyxuckpZLom2l8ja', 'TP000773@mail.apu.edu.my', '+6012-5599623', 'Ge-1778728536.png', 'Student'),
(777, 'George Wong', '$2y$10$7TdeifVcMZXSPKi74n3QaenndewsXSt93LQeSmN3lx4hJJXRMudKa', 'TP000774@mail.apu.edu.my', '+6012-5599623', 'Ge-1778728536.png', 'Student'),
(778, 'George Smith', '$2y$10$vXSW6bMCtmGP/i0MEKhkxutivsU3ZphqPjxfM5/Nsh9eWK648FqLy', 'TP000775@mail.apu.edu.my', '+6012-5599623', 'Ge-1778728536.png', 'Student'),
(779, 'George Lim', '$2y$10$AJDpUI9aIz0LGJYrjKwpwO6wX3wTW8gQzUG/HzQoyQYhekLO0sTKC', 'TP000776@mail.apu.edu.my', '+6012-5599623', 'Ge-1778728536.png', 'Student'),
(780, 'George Khoo', '$2y$10$G9JjdwkmXvupsKMlvneAH.k0fakxSMfBapXPrLNdBM7rJFIaoqEVO', 'TP000777@mail.apu.edu.my', '+6012-5599623', 'Ge-1778728537.png', 'Student'),
(781, 'George Chee', '$2y$10$mGCuhL5w/vNa7NQWUPRIbe5oRa3CENsyjawzae5bKLcunWZfQf1hC', 'TP000778@mail.apu.edu.my', '+6012-5599623', 'Ge-1778728537.png', 'Student'),
(782, 'George Ong', '$2y$10$5b9BuYA0PdKGPDZOm0wKVOZqxSg8RSSPsRKdiKYR0E35GCa2WGg0.', 'TP000779@mail.apu.edu.my', '+6012-5599623', 'Ge-1778728537.png', 'Student'),
(783, 'George Choong', '$2y$10$YQDGfjpa50IuLHQI.bBZ7uKW4iSgfLmbbKpGJBrujNbSEqv.aer2m', 'TP000780@mail.apu.edu.my', '+6012-5599623', 'Ge-1778728537.png', 'Student'),
(784, 'George Liu', '$2y$10$tMr07Sc5I0CM58EZlZN0x.xvAiW4oXeZQs4jrzI4Yr1bBfZrfh292', 'TP000781@mail.apu.edu.my', '+6012-5599623', 'Ge-1778728537.png', 'Student'),
(785, 'George Chen', '$2y$10$GFUCi8YCs6GngH0MwR3i2OOuF2zgxd2.5WaTRphvMN3GS.iP/C6vq', 'TP000782@mail.apu.edu.my', '+6012-5599623', 'Ge-1778728537.png', 'Student'),
(786, 'George Yang', '$2y$10$r0/0G78CVVwev.X5ewkimuZRSPD5DYysTz0SPbg3Uikpjt4re4lhK', 'TP000783@mail.apu.edu.my', '+6012-5599623', 'Ge-1778728537.png', 'Student'),
(787, 'George Huang', '$2y$10$borkL9lP56EmAculEhEFA.TadJFNcUgmkQtstDLPPVjEqZB4KAVwu', 'TP000784@mail.apu.edu.my', '+6012-5599623', 'Ge-1778728537.png', 'Student'),
(788, 'George Zhao', '$2y$10$Cxg8MUwT4hJtWNnkJAUkEeSXYGK9pGDWWa00wkiAFAOMWj3fW5wEG', 'TP000785@mail.apu.edu.my', '+6012-5599623', 'Ge-1778728537.png', 'Student'),
(789, 'George Miller', '$2y$10$d0B/cnLOuK6.lCU6gxqNZewRtRfxRJvfOPHR48oo21RZKRIChnUrK', 'TP000786@mail.apu.edu.my', '+6012-5599623', 'Ge-1778728537.png', 'Student'),
(790, 'George Wu', '$2y$10$c6gsH3zw8rZyrGtB4F/RWubDw6TAphq3seK5GE2rJExpDqHd/Iogi', 'TP000787@mail.apu.edu.my', '+6012-5599623', 'Ge-1778728537.png', 'Student'),
(791, 'George Zhou', '$2y$10$cRzhfJcXY4p3wandGs/dReU3TK/71BnM9.kJ281g7/MTEk0EFAu8i', 'TP000788@mail.apu.edu.my', '+6012-5599623', 'Ge-1778728538.png', 'Student'),
(792, 'George Lau', '$2y$10$6aKMJp4tLCczq3kU4ZUAh.jD7HPui1uiOE2vWqOnWnH98BGCI4H7K', 'TP000789@mail.apu.edu.my', '+6012-5599623', 'Ge-1778728538.png', 'Student'),
(793, 'George Carter', '$2y$10$Wx40y7DXZkb2bOlnpcfFeumFrv.vSfM7yq30NcFuphH1NU6RaXuCC', 'TP000790@mail.apu.edu.my', '+6012-5599623', 'Ge-1778728538.png', 'Student'),
(794, 'Lawrence Tan', '$2y$10$WEhMC84UGA.6IFR82jSl1OyMnaXvcZmqTJu3ispLH/oHcrmQCIXpK', 'TP000791@mail.apu.edu.my', '+6012-5599623', 'La-1778728538.png', 'Student'),
(795, 'Lawrence Choo', '$2y$10$azAciiG3YZ4vWqg/.sgLhOde6dFGRNKoR79Wg8emNRrZtfiTZdsTa', 'TP000792@mail.apu.edu.my', '+6012-5599623', 'La-1778728538.png', 'Student'),
(796, 'Lawrence Chan', '$2y$10$o5XZ5mHs8xMm8NvxO14EmeSx7B/UsU0wO9CqAk7acKl13BZRI3a2m', 'TP000793@mail.apu.edu.my', '+6012-5599623', 'La-1778728538.png', 'Student'),
(797, 'Lawrence Wong', '$2y$10$AaMJQNQMOSBELZRFj2E3DOplooVJOgw1cMBzFidWiWNfEqRxRbcNm', 'TP000794@mail.apu.edu.my', '+6012-5599623', 'La-1778728538.png', 'Student'),
(798, 'Lawrence Smith', '$2y$10$xA1gXIhO4tirFAGvg42tV.9yZ3oKzX7NyAdEIoSF/qRbA1Wa39tBK', 'TP000795@mail.apu.edu.my', '+6012-5599623', 'La-1778728538.png', 'Student'),
(799, 'Lawrence Lim', '$2y$10$Do9SN6LYqMYYBXpfyyqNa.uiv2jmlicE/VsZ8aJullylWyqGC7yWW', 'TP000796@mail.apu.edu.my', '+6012-5599623', 'La-1778728538.png', 'Student'),
(800, 'Lawrence Khoo', '$2y$10$z12qyQPtR1mhiM0Cen6VPuV7xVfnKv0q0.MAGSWGbh9wTxPCjjoTS', 'TP000797@mail.apu.edu.my', '+6012-5599623', 'La-1778728538.png', 'Student'),
(801, 'Lawrence Chee', '$2y$10$2cfGp/n7mm6H/iMo3ZnzSOhG3dU3/UoB3ZNcpoO4YKTCQMcqwaAD2', 'TP000798@mail.apu.edu.my', '+6012-5599623', 'La-1778728538.png', 'Student'),
(802, 'Lawrence Ong', '$2y$10$0UE0f12bHWOiZ.2h1MnZC.3PZnq8J3BLk0ceuqvj/W2C4ShhjziZK', 'TP000799@mail.apu.edu.my', '+6012-5599623', 'La-1778728539.png', 'Student'),
(803, 'Lawrence Choong', '$2y$10$D2Ptx8evZtWB5qSUCgp.OeLdjFSc4TpPZkp/LRV1w1Rj2LANhx0fu', 'TP000800@mail.apu.edu.my', '+6012-5599623', 'La-1778728539.png', 'Student'),
(804, 'Lawrence Liu', '$2y$10$kprRAStGYEDbPDkjX8uj2u/RJZLmhhNbKx/O0gHskrhuJbKwqURSu', 'TP000801@mail.apu.edu.my', '+6012-5599623', 'La-1778728539.png', 'Student'),
(805, 'Lawrence Chen', '$2y$10$yBqvem.dFpzIbTqcIpUutudVYR7sMaMGzkRfelfbzBtscgdapLaEm', 'TP000802@mail.apu.edu.my', '+6012-5599623', 'La-1778728539.png', 'Student'),
(806, 'Lawrence Yang', '$2y$10$0qVtcXA/g8DwPOL8vAvSKeE3wy/k81udCqJVD4k2LORaCxUku5.Bm', 'TP000803@mail.apu.edu.my', '+6012-5599623', 'La-1778728539.png', 'Student'),
(807, 'Lawrence Huang', '$2y$10$DcG4xuOCJvF.YcchzCXBpeocOfj6nwFENtgxjsB1KbCgS.cEtIBty', 'TP000804@mail.apu.edu.my', '+6012-5599623', 'La-1778728539.png', 'Student'),
(808, 'Lawrence Zhao', '$2y$10$TTpKpOgzjBX.xbJ7Att7pus7S7PZNmeHyBkimuxg/vAScgR6TqH4a', 'TP000805@mail.apu.edu.my', '+6012-5599623', 'La-1778728539.png', 'Student'),
(809, 'Lawrence Miller', '$2y$10$iXIjEJRbQU6qysmS7RCoL.3sS0/4a5KlbmLQLHwvZaZAyKD8PdaXK', 'TP000806@mail.apu.edu.my', '+6012-5599623', 'La-1778728539.png', 'Student'),
(810, 'Lawrence Wu', '$2y$10$/O8oUXtYVjtDGvYx6NDW2.M151jmkbRbGFlKOW6i5QwAVxYXqfUwG', 'TP000807@mail.apu.edu.my', '+6012-5599623', 'La-1778728539.png', 'Student'),
(811, 'Lawrence Zhou', '$2y$10$ry0gut.Eq3CyyiCcM1vkQOI5EXmUuiErYIjgws6wbJGvrh99t0bLu', 'TP000808@mail.apu.edu.my', '+6012-5599623', 'La-1778728539.png', 'Student'),
(812, 'Lawrence Lau', '$2y$10$Y1MsaSKC9Iwqeoff1jOVzejJ9M/zL0Ofw1GQgfZcKWc6Ktykbv45e', 'TP000809@mail.apu.edu.my', '+6012-5599623', 'La-1778728539.png', 'Student'),
(813, 'Lawrence Carter', '$2y$10$ZecwHJbZD6f/P/dmH097GubOXppsp/NYWtDmi9fVy5bWBkqlFkWm6', 'TP000810@mail.apu.edu.my', '+6012-5599623', 'La-1778728539.png', 'Student'),
(814, 'Ben Tan', '$2y$10$B1XvSQkqGDPuSZG9T9CBsuAzPBysMMDghFKn3/JzF25OPVMChpJXy', 'TP000811@mail.apu.edu.my', '+6012-5599623', 'Be-1778728540.png', 'Student'),
(815, 'Ben Choo', '$2y$10$zGSKzQxm/qpKcRG0p/1dGuEQO6TS5ZZXZ1Fm6p0i586Q9L13rNbjG', 'TP000812@mail.apu.edu.my', '+6012-5599623', 'Be-1778728540.png', 'Student'),
(816, 'Ben Chan', '$2y$10$X8vAh8jYFq9kZpkzkiQ3n.6bgGru6jUtSorIBdoDwwAZIK.3IKCo.', 'TP000813@mail.apu.edu.my', '+6012-5599623', 'Be-1778728540.png', 'Student'),
(817, 'Ben Wong', '$2y$10$Od6MCdTs5P4IFSm3CGvUzuWzyGWXdo6KXJsfx3aAKeZesF9gxO3/a', 'TP000814@mail.apu.edu.my', '+6012-5599623', 'Be-1778728540.png', 'Student'),
(818, 'Ben Smith', '$2y$10$KlnzyK0joj5JcVJHNFJni.DawTjRN82c8QE0SD.3S4kkHMpM4bMBq', 'TP000815@mail.apu.edu.my', '+6012-5599623', 'Be-1778728540.png', 'Student'),
(819, 'Ben Lim', '$2y$10$ohnSK674go5BPBphbtmCAOulSB.zDYX/pIpyWSLlGGoeA/v80Cv8a', 'TP000816@mail.apu.edu.my', '+6012-5599623', 'Be-1778728540.png', 'Student'),
(820, 'Ben Khoo', '$2y$10$WAMo/hytCKCkXdwLcYwM/uPC2AisAEmm.uM1phswyhvlev3ypQ.om', 'TP000817@mail.apu.edu.my', '+6012-5599623', 'Be-1778728540.png', 'Student'),
(821, 'Ben Chee', '$2y$10$5PKFXUVWzIOfUHQiQSpvXepw8RkSJkLAzPrc7tC7u8kVMxjK3fAaa', 'TP000818@mail.apu.edu.my', '+6012-5599623', 'Be-1778728540.png', 'Student'),
(822, 'Ben Ong', '$2y$10$u7qDhKdIveVLH.8FzYMjr.AcVCw6z0Ddkg/kh/9vJMIctCU8JXrPO', 'TP000819@mail.apu.edu.my', '+6012-5599623', 'Be-1778728540.png', 'Student'),
(823, 'Ben Choong', '$2y$10$FnMMohmcsV14Y9gaJhSB0.A2Sv0.nDjoNGUs1bCRZQ6YDxU81QaUi', 'TP000820@mail.apu.edu.my', '+6012-5599623', 'Be-1778728540.png', 'Student'),
(824, 'Ben Liu', '$2y$10$QGRTJqtQeh.mKpN5qpOenOvVu4oDVlW0zzUKvoO1u488jwQ0VtG2K', 'TP000821@mail.apu.edu.my', '+6012-5599623', 'Be-1778728540.png', 'Student'),
(825, 'Ben Chen', '$2y$10$Vhyj/ydANo4ZZIHLho/PzOk10f829erGBJZvH1OxTowKHE78s7noO', 'TP000822@mail.apu.edu.my', '+6012-5599623', 'Be-1778728541.png', 'Student'),
(826, 'Ben Yang', '$2y$10$NAp8oxijV36mSXP1PT7EeuxxYJhv.rLb3A5Nz/7ryckroYJMW0Owm', 'TP000823@mail.apu.edu.my', '+6012-5599623', 'Be-1778728541.png', 'Student'),
(827, 'Ben Huang', '$2y$10$LzSttpszZyjysjkaJiWNF.fVfrTvFMSHNBFwvC4by3YVsRHWgExTC', 'TP000824@mail.apu.edu.my', '+6012-5599623', 'Be-1778728541.png', 'Student'),
(828, 'Ben Zhao', '$2y$10$n.MLxU9enZHPEKnDx8Ru3e/ix8hDIO03FeMog0wQ4MTbClg/8riTq', 'TP000825@mail.apu.edu.my', '+6012-5599623', 'Be-1778728541.png', 'Student'),
(829, 'Ben Miller', '$2y$10$Kl0XLPPSPG9QHtPv87LPX.Pn6s3B.LMKs6QRqS6KgHtjDdvT35ngu', 'TP000826@mail.apu.edu.my', '+6012-5599623', 'Be-1778728541.png', 'Student'),
(830, 'Ben Wu', '$2y$10$fhicFTYo5W5uONKmqIgJfu5mzc0vzSIqePCaNU4wGEWWXjeTUiWIS', 'TP000827@mail.apu.edu.my', '+6012-5599623', 'Be-1778728541.png', 'Student'),
(831, 'Ben Zhou', '$2y$10$v200LLPfLB0x8ke5UaDdGuH5AhNhj7bh8jTVIVrluYR73wkkByq3G', 'TP000828@mail.apu.edu.my', '+6012-5599623', 'Be-1778728541.png', 'Student'),
(832, 'Ben Lau', '$2y$10$VwnRZlbpGLNdqSBRjn/56.ayvY0m7SejGIqhoQN9J5IY1ow8PiHqG', 'TP000829@mail.apu.edu.my', '+6012-5599623', 'Be-1778728541.png', 'Student'),
(833, 'Ben Carter', '$2y$10$eSOBrMkg8/hi.UIwzr7rNuWvPpAJnDX0LUkElM4Bz4kMjceBQZ98O', 'TP000830@mail.apu.edu.my', '+6012-5599623', 'Be-1778728541.png', 'Student'),
(834, 'Jess Tan', '$2y$10$2B.gO/5Vc0fnZrZ0Ryt7cu2f3dxKzJ3TR5EXOB5Ro3ai.fsk66jVu', 'TP000831@mail.apu.edu.my', '+6012-5599623', 'Je-1778728541.png', 'Student'),
(835, 'Jess Choo', '$2y$10$bhaWQAbhQPuxTeaWTGCkZOsps85m8y9na29753SMzd6aL5Uz.kBXC', 'TP000832@mail.apu.edu.my', '+6012-5599623', 'Je-1778728541.png', 'Student'),
(836, 'Jess Chan', '$2y$10$3ALOtHB1SvB/FTmvvicgA.fblv1VFvdAxziN1QDm7E1CdIlrJQbuq', 'TP000833@mail.apu.edu.my', '+6012-5599623', 'Je-1778728542.png', 'Student'),
(837, 'Jess Wong', '$2y$10$eaBndqA8AaM1ywVsNTy3QOCAfRlwlYfLzfBk82Bg2jXtP3m3FFOXe', 'TP000834@mail.apu.edu.my', '+6012-5599623', 'Je-1778728542.png', 'Student'),
(838, 'Jess Smith', '$2y$10$Jpd59XM.Svu9SplOiHDt0eWxbA4gyb.MQxce8eGxvRASNbjqZp2te', 'TP000835@mail.apu.edu.my', '+6012-5599623', 'Je-1778728542.png', 'Student'),
(839, 'Jess Lim', '$2y$10$mHwaBUPIOJ51NwS4kC90VuVcoNpS.uCjuNZPQ938xBgbO78x8VEVG', 'TP000836@mail.apu.edu.my', '+6012-5599623', 'Je-1778728542.png', 'Student'),
(840, 'Jess Khoo', '$2y$10$OBM11nq63QyKPOFkx6qRsusOsV15Wv1tOTW2NXFw2gIfwBJdtzHki', 'TP000837@mail.apu.edu.my', '+6012-5599623', 'Je-1778728542.png', 'Student'),
(841, 'Jess Chee', '$2y$10$h/K3v2nhXrUoDapoeP0wU.Abvi79bozeHCJtzsmnz0PKdXbFpdRxu', 'TP000838@mail.apu.edu.my', '+6012-5599623', 'Je-1778728542.png', 'Student'),
(842, 'Jess Ong', '$2y$10$CC0y5ZmO6nPrRLgo1imIuuaX7IzakUVpagFz8jZgmd2.rc8XK.b6.', 'TP000839@mail.apu.edu.my', '+6012-5599623', 'Je-1778728542.png', 'Student'),
(843, 'Jess Choong', '$2y$10$ntUR1yNaggUSDGOTVPG1le/nQXWP7YOZgCgRuhG5lDA2hFFDFvHXy', 'TP000840@mail.apu.edu.my', '+6012-5599623', 'Je-1778728542.png', 'Student'),
(844, 'Jess Liu', '$2y$10$9pm9SvkrK.hGJNwlpH4Hm.GY6uunU//bzYScrjZ6BJQZL6xVQo9y2', 'TP000841@mail.apu.edu.my', '+6012-5599623', 'Je-1778728542.png', 'Student'),
(845, 'Jess Chen', '$2y$10$/S7sIu3jwydF2podhARM1uTp3GbsvX2dZMQHbb6RjdxMgZSvGxqmC', 'TP000842@mail.apu.edu.my', '+6012-5599623', 'Je-1778728542.png', 'Student'),
(846, 'Jess Yang', '$2y$10$QCN9xPvbufsvMiAWOUnks.kokxeAjP6RsGKDbRSbRaCmbttIVkyMW', 'TP000843@mail.apu.edu.my', '+6012-5599623', 'Je-1778728542.png', 'Student'),
(847, 'Jess Huang', '$2y$10$/dg9AkYToh9GZ4RG7IuCFukNrFjq0W52PGGDPS7Nx4CJp0Z0AAamm', 'TP000844@mail.apu.edu.my', '+6012-5599623', 'Je-1778728543.png', 'Student'),
(848, 'Jess Zhao', '$2y$10$Wz3GMgVDfrVlsbJ5kb41VOf5ab5q3kVQPlCt2VLGaS9KCgGE7Iw5e', 'TP000845@mail.apu.edu.my', '+6012-5599623', 'Je-1778728543.png', 'Student'),
(849, 'Jess Miller', '$2y$10$rN3HsEw9et/7grI/OW/e7uS4ZZGBnm467OdXZSb8RbqbeNqeFRlDu', 'TP000846@mail.apu.edu.my', '+6012-5599623', 'Je-1778728543.png', 'Student'),
(850, 'Jess Wu', '$2y$10$VoL1PS7WBihgGE15EWlTl.idkumaqFRRCTrd3Pq/K3NuSSW8rrM8a', 'TP000847@mail.apu.edu.my', '+6012-5599623', 'Je-1778728543.png', 'Student'),
(851, 'Jess Zhou', '$2y$10$e0ZPvFm4zDdstlMoWlAoK.xGN8S8bw.SHN.9YbH4jCWxFPJbyNk7y', 'TP000848@mail.apu.edu.my', '+6012-5599623', 'Je-1778728543.png', 'Student'),
(852, 'Jess Lau', '$2y$10$YGhxfKuRcZ3A9inrKHeEiedwsGZKlsny2LG2CXOixeMIe6WGbAntO', 'TP000849@mail.apu.edu.my', '+6012-5599623', 'Je-1778728543.png', 'Student'),
(853, 'Jess Carter', '$2y$10$HG85Nd23ME3OVfcrKGO9HOymFCihCZ7DpCjLSDod6.n5EmUa3Pt6W', 'TP000850@mail.apu.edu.my', '+6012-5599623', 'Je-1778728543.png', 'Student'),
(854, 'Mario Tan', '$2y$10$W.RC3c24xwUlQSPxY1liaeGUMzWjmWJaWqW68yh0zJXYtWxbtC/1O', 'TP000851@mail.apu.edu.my', '+6012-5599623', 'Ma-1778728543.png', 'Student'),
(855, 'Mario Choo', '$2y$10$hiKISEV7yUtkBwnleF6o8eHtfocmjr9Q0G0/Jv89mHbSbZ2cDsr66', 'TP000852@mail.apu.edu.my', '+6012-5599623', 'Ma-1778728543.png', 'Student'),
(856, 'Mario Chan', '$2y$10$9qf0KKgznUomYXtBukO6TuQv2eJfnvftBDBAGW3pNyAkiGCXAI0nO', 'TP000853@mail.apu.edu.my', '+6012-5599623', 'Ma-1778728543.png', 'Student'),
(857, 'Mario Wong', '$2y$10$L.bpEI.reoh3Rc3clynmiu.HAzqEhGnvpwRTDbmsY4nahLdlFwHQe', 'TP000854@mail.apu.edu.my', '+6012-5599623', 'Ma-1778728543.png', 'Student'),
(858, 'Mario Smith', '$2y$10$85aEBHjNzMWQJwfvfTFAAOMZ9Zd.WhrnkHYdeO131qPvc3VUCQL.G', 'TP000855@mail.apu.edu.my', '+6012-5599623', 'Ma-1778728543.png', 'Student'),
(859, 'Mario Lim', '$2y$10$4jHJpR4EyKzAuhUddalBBOjcW/dqm76V9gZ4unvJcZoGsECh2uzSm', 'TP000856@mail.apu.edu.my', '+6012-5599623', 'Ma-1778728544.png', 'Student'),
(860, 'Mario Khoo', '$2y$10$/flxVPtEtkK38Tatjgkjgu6ILnVvTjbsI8u/1hhH6U21RLTbW9T1S', 'TP000857@mail.apu.edu.my', '+6012-5599623', 'Ma-1778728544.png', 'Student'),
(861, 'Mario Chee', '$2y$10$w5EiGpmGxIaLuqQjAhB1v.RB5toml9boBZldgbdoLzF9SGWgkNdQS', 'TP000858@mail.apu.edu.my', '+6012-5599623', 'Ma-1778728544.png', 'Student'),
(862, 'Mario Ong', '$2y$10$E2om3jbcFWjAqWVxiEiEN.s4.18eCAol26KPSS.SMyDB1vXr82smm', 'TP000859@mail.apu.edu.my', '+6012-5599623', 'Ma-1778728544.png', 'Student'),
(863, 'Mario Choong', '$2y$10$aTlDE9OACC1B5mU4/sy3fOG.PrgS9vqEJlX..sRuZrOEOnQLD1QXO', 'TP000860@mail.apu.edu.my', '+6012-5599623', 'Ma-1778728544.png', 'Student'),
(864, 'Mario Liu', '$2y$10$qSgzjiltNkXrbPzBAAcAheCakOcfNmvFtND9koZqWI8XJ.FIostLq', 'TP000861@mail.apu.edu.my', '+6012-5599623', 'Ma-1778728544.png', 'Student'),
(865, 'Mario Chen', '$2y$10$ebWKKatKiEcH4kkg51oEPOZ1zzDr7qIKeygwHcdmRJuVT6nZjjpI2', 'TP000862@mail.apu.edu.my', '+6012-5599623', 'Ma-1778728544.png', 'Student'),
(866, 'Mario Yang', '$2y$10$1bHzJnRrzbI80ZxSzRFtp.gBjXHio854FEBbygLqWcSrktD.r6XMi', 'TP000863@mail.apu.edu.my', '+6012-5599623', 'Ma-1778728544.png', 'Student'),
(867, 'Mario Huang', '$2y$10$IHOj8OV0lqAlfkNYa3Xq.ubvMjAVp9exvTOcd/PDHBGa.R.CUqw/O', 'TP000864@mail.apu.edu.my', '+6012-5599623', 'Ma-1778728544.png', 'Student'),
(868, 'Mario Zhao', '$2y$10$WVIZL8GnJEX2bPnaIzEOVO/msHOXvO2pjTkq9l4AFH3ITtaIKcXDi', 'TP000865@mail.apu.edu.my', '+6012-5599623', 'Ma-1778728544.png', 'Student'),
(869, 'Mario Miller', '$2y$10$R5uxb9C2DfAOu4akcthrh.9c0S37m73fkrcbqY.oYliRpMR4J8Kka', 'TP000866@mail.apu.edu.my', '+6012-5599623', 'Ma-1778728544.png', 'Student'),
(870, 'Mario Wu', '$2y$10$YEWHWu382g46hisdv4UOLu6b4KyD2Xgo1zH8sPMxDXhnZr6ku11sa', 'TP000867@mail.apu.edu.my', '+6012-5599623', 'Ma-1778728545.png', 'Student'),
(871, 'Mario Zhou', '$2y$10$pOcMSHjj4d31x4L5th88yea1Cbz4aoHJU6je7wqU0O/Uz0Jf8dzu.', 'TP000868@mail.apu.edu.my', '+6012-5599623', 'Ma-1778728545.png', 'Student'),
(872, 'Mario Lau', '$2y$10$i76zeUfbfsGwI4P4vpPZ5usA6lz8lTahOJgdcOlPH1Em1.8hDtrKm', 'TP000869@mail.apu.edu.my', '+6012-5599623', 'Ma-1778728545.png', 'Student'),
(873, 'Mario Carter', '$2y$10$4MUiwQTYwmH6nWA5g4//QeQGsTZOpWrOjWrHgElqb6Fae2qZsFVUq', 'TP000870@mail.apu.edu.my', '+6012-5599623', 'Ma-1778728545.png', 'Student'),
(874, 'Eric Tan', '$2y$10$UFZ97/EFTvlyzP5iHU/oCOa2R1f1MpaNEjSa2bqRksXowoHwPYoby', 'TP000871@mail.apu.edu.my', '+6012-5599623', 'Er-1778728545.png', 'Student'),
(875, 'Eric Choo', '$2y$10$h8bVTMYzh7fS3Dxh1guuOegHMbTy146Y6dLvDNrhN4rD.0HII7WU6', 'TP000872@mail.apu.edu.my', '+6012-5599623', 'Er-1778728545.png', 'Student'),
(876, 'Eric Chan', '$2y$10$ex5Xu1.Ijg8gORtD7/nxzOYzV4Q6HU5IRlCml1Ar4uFaru/RKca7.', 'TP000873@mail.apu.edu.my', '+6012-5599623', 'Er-1778728545.png', 'Student'),
(877, 'Eric Wong', '$2y$10$PbxIuk47z2UHMqvW9IlYguYeJIaY2uraJZe35nyMZiwRmSyAgty7G', 'TP000874@mail.apu.edu.my', '+6012-5599623', 'Er-1778728545.png', 'Student'),
(878, 'Eric Smith', '$2y$10$MZAoG3nuTOiVO0NLehk1BuzHh25vABUaJ6k9T57MvoJDHio9ybRia', 'TP000875@mail.apu.edu.my', '+6012-5599623', 'Er-1778728545.png', 'Student'),
(879, 'Eric Lim', '$2y$10$Igb6wNjIntfHrMjzmR8ZduJun0Fj001Pk8BH0PGDzWz/noKq.q1Q.', 'TP000876@mail.apu.edu.my', '+6012-5599623', 'Er-1778728545.png', 'Student'),
(880, 'Eric Khoo', '$2y$10$vAa/Rg3WUInkJfv9Y0gf6.hcJ1xHEulHyi13mZDj/65zMM9n3Qkva', 'TP000877@mail.apu.edu.my', '+6012-5599623', 'Er-1778728545.png', 'Student'),
(881, 'Eric Chee', '$2y$10$asL1T/K0H6TQwQ9hdtVHr.YYKbRBpnb7Qb6rfR4L3BW1JIrlU0bam', 'TP000878@mail.apu.edu.my', '+6012-5599623', 'Er-1778728545.png', 'Student'),
(882, 'Eric Ong', '$2y$10$qqGJAvsCj8.zb6R9VTXd..7uYhM22VqrEMQUCX0jFBIXQ7YltPwLu', 'TP000879@mail.apu.edu.my', '+6012-5599623', 'Er-1778728546.png', 'Student'),
(883, 'Eric Choong', '$2y$10$ie6dTB/Vs5MF4eFQZj5bde6TWM0N2hIaRdfd8.ufn0VMrjxvJtfCK', 'TP000880@mail.apu.edu.my', '+6012-5599623', 'Er-1778728546.png', 'Student'),
(884, 'Eric Liu', '$2y$10$zgfqovSNF3hxTpE9BLN6vOQ/i0bkyHxnKukm534IMr.k3zuEjWvNO', 'TP000881@mail.apu.edu.my', '+6012-5599623', 'Er-1778728546.png', 'Student'),
(885, 'Eric Chen', '$2y$10$cHFaTeA2a4zpmM7WPb3Ab.ApKJV2FNx00m3k3d4orxleuQ4K6XNwi', 'TP000882@mail.apu.edu.my', '+6012-5599623', 'Er-1778728546.png', 'Student'),
(886, 'Eric Yang', '$2y$10$0gGZo.eoCY24hdZK2ysHNeghY.s8pPAC.tPe/OSDsw2tHNrpGEYF6', 'TP000883@mail.apu.edu.my', '+6012-5599623', 'Er-1778728546.png', 'Student'),
(887, 'Eric Huang', '$2y$10$031xN97JOa7hRkBVZybUYuF6.2vvM.aQcVVpZLfwJ2q189pXlVcNK', 'TP000884@mail.apu.edu.my', '+6012-5599623', 'Er-1778728546.png', 'Student'),
(888, 'Eric Zhao', '$2y$10$sdL9hr5k/pBd7RJZEBWhw.iWGwgzwi5bAGEQ9b3j7wPWDvxSZ6JCG', 'TP000885@mail.apu.edu.my', '+6012-5599623', 'Er-1778728546.png', 'Student'),
(889, 'Eric Miller', '$2y$10$c3vJYy72M49Pu/OKjT4uUOsQGxCSGK0Me/9BjyONFRNmkTby6i8ha', 'TP000886@mail.apu.edu.my', '+6012-5599623', 'Er-1778728546.png', 'Student'),
(890, 'Eric Wu', '$2y$10$xPFM2IY3HdoGwxnpX8hlKOd0REvRVngatr4xSdEdmlFbclANLDaW.', 'TP000887@mail.apu.edu.my', '+6012-5599623', 'Er-1778728546.png', 'Student'),
(891, 'Eric Zhou', '$2y$10$d2mohFVib6DSIpsqViHCE.6Esona8n1QRBZZydH0Gv5IYDnKnNj5.', 'TP000888@mail.apu.edu.my', '+6012-5599623', 'Er-1778728546.png', 'Student'),
(892, 'Eric Lau', '$2y$10$ptrTI8Z7i0EZztizedIvD.OBGGZLc36UBeIjfQfZuqAIpgHELWOei', 'TP000889@mail.apu.edu.my', '+6012-5599623', 'Er-1778728546.png', 'Student'),
(893, 'Eric Carter', '$2y$10$UzV4wYoF9oQHWSPl18emb.2yq1J8B3dK0kRdzqtyC/S23gJn7V0p2', 'TP000890@mail.apu.edu.my', '+6012-5599623', 'Er-1778728547.png', 'Student'),
(894, 'Henry Tan', '$2y$10$uQfEpQpA0EtWqVZChJNKLunRtQtlDi7Da6zT6SVk0pPkBEMA8A.5e', 'TP000891@mail.apu.edu.my', '+6012-5599623', 'He-1778728547.png', 'Student'),
(895, 'Henry Choo', '$2y$10$.3y2mPg4rvCn68jhjWt.cOwXNLzMlJFg9WyON61gp3iufgmiVo9E.', 'TP000892@mail.apu.edu.my', '+6012-5599623', 'He-1778728547.png', 'Student'),
(896, 'Henry Chan', '$2y$10$MYdNpRCBTbCXXG.zINDHkOy1e2trr13rAN/APaPqL//W093IwdEOW', 'TP000893@mail.apu.edu.my', '+6012-5599623', 'He-1778728547.png', 'Student'),
(897, 'Henry Wong', '$2y$10$BqLUDsmx11A4XNCSbbgzeOQPASUl83W81clmRFfstfsMsTFvhaA5m', 'TP000894@mail.apu.edu.my', '+6012-5599623', 'He-1778728547.png', 'Student'),
(898, 'Henry Smith', '$2y$10$VRHB35pc5slL9oLt.Js9q.M4mtf.jtv7PsGkjg0juAcp1vwB.BkgG', 'TP000895@mail.apu.edu.my', '+6012-5599623', 'He-1778728547.png', 'Student'),
(899, 'Henry Lim', '$2y$10$MBiOiK.KhjAdcqlLHv0jSuQaYEM2XbSTAArXmy8EJw57U9mbOTuz6', 'TP000896@mail.apu.edu.my', '+6012-5599623', 'He-1778728547.png', 'Student'),
(900, 'Henry Khoo', '$2y$10$48GlrBul.1Y.cFWIegpHOu4vsloCDWQAPUfTy6sa8/QB3zQCF6l.a', 'TP000897@mail.apu.edu.my', '+6012-5599623', 'He-1778728547.png', 'Student'),
(901, 'Henry Chee', '$2y$10$uyze5Lw6s9vabDlPVaLsl.fP4XUdGzPOqUkWa.c7D5bsnVs1SPBv6', 'TP000898@mail.apu.edu.my', '+6012-5599623', 'He-1778728547.png', 'Student'),
(902, 'Henry Ong', '$2y$10$DpzfySYVqA0loTEcYRaTCOhNR45ryUwD1im5RKu2xSeiDZ3MuV1Su', 'TP000899@mail.apu.edu.my', '+6012-5599623', 'He-1778728547.png', 'Student'),
(903, 'Henry Choong', '$2y$10$03r7Wq9D/BrxA.QOJIcU0uoRGDXtQ64oO.oFD9Ayk4zVZ6JZpShCm', 'TP000900@mail.apu.edu.my', '+6012-5599623', 'He-1778728547.png', 'Student'),
(904, 'Henry Liu', '$2y$10$luH20pkBlKwpPXlaNx9jWOzZkfS7x4vmMiFS9ljWXaJ6zhDhWYYEm', 'TP000901@mail.apu.edu.my', '+6012-5599623', 'He-1778728547.png', 'Student'),
(905, 'Henry Chen', '$2y$10$saKR7eVuhF/YoLoSpkt1AuQyvH948vxl866KqI4IpdNcrJxvXc2Eu', 'TP000902@mail.apu.edu.my', '+6012-5599623', 'He-1778728548.png', 'Student'),
(906, 'Henry Yang', '$2y$10$N7CK/0OTt.zyXBGvrbOnr.t0We5QaYdyoUsJ9EM4/k.6..1chXxI6', 'TP000903@mail.apu.edu.my', '+6012-5599623', 'He-1778728548.png', 'Student'),
(907, 'Henry Huang', '$2y$10$Vzg/2rx7zny01mplqOnCDuJ6WKbaqqYsJ1B58jKlFpPfjReniWsHK', 'TP000904@mail.apu.edu.my', '+6012-5599623', 'He-1778728548.png', 'Student'),
(908, 'Henry Zhao', '$2y$10$31XCJovpz/Rgo3Kz9.cMA.npF8XZTs9mtmzAVuzK8p6/sENLNbqQS', 'TP000905@mail.apu.edu.my', '+6012-5599623', 'He-1778728548.png', 'Student'),
(909, 'Henry Miller', '$2y$10$r3s16K9q/NqtjYSf7nKIdOVQA.PuDhEYX2dVXLPwfrIB4pWJQgMBS', 'TP000906@mail.apu.edu.my', '+6012-5599623', 'He-1778728548.png', 'Student'),
(910, 'Henry Wu', '$2y$10$RWqLYSKhqJ1MxZ4xmWSC.OX750OUPgZKJot5VqEgr4Oe6xguYl9CG', 'TP000907@mail.apu.edu.my', '+6012-5599623', 'He-1778728548.png', 'Student'),
(911, 'Henry Zhou', '$2y$10$GEzXnc5c07JyDeC58jMHnuwD50T.WqT0tPF8xzjR8/4HSg82UIAyW', 'TP000908@mail.apu.edu.my', '+6012-5599623', 'He-1778728548.png', 'Student'),
(912, 'Henry Lau', '$2y$10$Y1yHUahmWE48vjrEYFjvuORMEGvL0ofFpb/0pVMhkLC2ubMXzj6Lu', 'TP000909@mail.apu.edu.my', '+6012-5599623', 'He-1778728548.png', 'Student'),
(913, 'Henry Carter', '$2y$10$G.NMGmjGibqbJfOgxMCzpue11OHUM0rO2b/lAHqRCbYdJ0Dnf2t.u', 'TP000910@mail.apu.edu.my', '+6012-5599623', 'He-1778728548.png', 'Student'),
(914, 'Noah Tan', '$2y$10$QVV8WvnOwuITLVAQ9Nmtr.eMUzurgrX8aaZMN65GWXcCdCKAf2XIq', 'TP000911@mail.apu.edu.my', '+6012-5599623', 'No-1778728548.png', 'Student'),
(915, 'Noah Choo', '$2y$10$s8cGwVxVyvsXFd5p0KEMdeMR/XV1.I5KlvM3NHhhfCyp9Qb359Mnu', 'TP000912@mail.apu.edu.my', '+6012-5599623', 'No-1778728548.png', 'Student'),
(916, 'Noah Chan', '$2y$10$ITdCikVlR40DNGEskt/gm.4fqH8pOSVcvYosN6rmy9tzkiW60EZQq', 'TP000913@mail.apu.edu.my', '+6012-5599623', 'No-1778728549.png', 'Student'),
(917, 'Noah Wong', '$2y$10$O/si3maTLOyp5EkUorWibeujhsjUqSyrn8Qq3Lq5OijDQ1OEl1NwO', 'TP000914@mail.apu.edu.my', '+6012-5599623', 'No-1778728549.png', 'Student'),
(918, 'Noah Smith', '$2y$10$abNCNT4wZvbj06dQZzXsreTlVUZkmXSd7heJ8nCsU/Xq/BpsmqBPK', 'TP000915@mail.apu.edu.my', '+6012-5599623', 'No-1778728549.png', 'Student'),
(919, 'Noah Lim', '$2y$10$MQC5ZvkfAvog2UbUV.EaMe6idohphh8WzlcdoFNXYcAZisWHbLb6.', 'TP000916@mail.apu.edu.my', '+6012-5599623', 'No-1778728549.png', 'Student'),
(920, 'Noah Khoo', '$2y$10$W4giTDuK5QffgOnnhfSui.hrGpUvpOSLnPkwcBJKx5fE1Zp8AjktK', 'TP000917@mail.apu.edu.my', '+6012-5599623', 'No-1778728549.png', 'Student'),
(921, 'Noah Chee', '$2y$10$z25O1Sy8fxvlsOLrTzRZm.lnL1rA0hDNXcsYAED9jgIYfZ0Hi4dgu', 'TP000918@mail.apu.edu.my', '+6012-5599623', 'No-1778728549.png', 'Student'),
(922, 'Noah Ong', '$2y$10$eZnk3HcPuEb6PuHMbWB3J.jXuz50ELECqDQlzab207y06xEucUqCi', 'TP000919@mail.apu.edu.my', '+6012-5599623', 'No-1778728549.png', 'Student'),
(923, 'Noah Choong', '$2y$10$osB8Zb3GzDNOubEPvasKPuSHaIJwffSaQL41BmHmEIbscBpa1BLHq', 'TP000920@mail.apu.edu.my', '+6012-5599623', 'No-1778728549.png', 'Student'),
(924, 'Noah Liu', '$2y$10$TzrdiTCN4UMhdHRY3bFPyOQXQePbetl3/ZmSFFNJ08laVzGPHH3rm', 'TP000921@mail.apu.edu.my', '+6012-5599623', 'No-1778728549.png', 'Student'),
(925, 'Noah Chen', '$2y$10$nQoE3/OVwTwy67x8qgJsV.dqqJmKjkrQl87x8Jk1cFdnF0.llX76e', 'TP000922@mail.apu.edu.my', '+6012-5599623', 'No-1778728549.png', 'Student'),
(926, 'Noah Yang', '$2y$10$qCCLOsNVDfTNzTrKkmIxbuyJKcLLb2s.DEAE46bvFMQb//tYyjPo6', 'TP000923@mail.apu.edu.my', '+6012-5599623', 'No-1778728549.png', 'Student'),
(927, 'Noah Huang', '$2y$10$QVJSWkQ6W0i37TDpLb/rUudBb1DA36qGGsj2KheVy0ZmP.wXXX7Ry', 'TP000924@mail.apu.edu.my', '+6012-5599623', 'No-1778728550.png', 'Student'),
(928, 'Noah Zhao', '$2y$10$ZlkQn/h.5rFdNasOkCZwc.f8aEomxUIu2jPNCMTkXlWOi4j9Q.hTm', 'TP000925@mail.apu.edu.my', '+6012-5599623', 'No-1778728550.png', 'Student'),
(929, 'Noah Miller', '$2y$10$M.zRDoFjo8wYbZ5Jpf1duudunG4N3w4TPdy4n6Kw81MuLcviDL9N2', 'TP000926@mail.apu.edu.my', '+6012-5599623', 'No-1778728550.png', 'Student'),
(930, 'Noah Wu', '$2y$10$4rJW/YI8kurnyJMKjsmo2uxzoJlQsz33CYzAM7SBNhIlFzlkz6blC', 'TP000927@mail.apu.edu.my', '+6012-5599623', 'No-1778728550.png', 'Student'),
(931, 'Noah Zhou', '$2y$10$8tTExidgP4MxpL3.M1RZ6eefwOx4DIYbqHscL0iCBsC.mC/fzOMQK', 'TP000928@mail.apu.edu.my', '+6012-5599623', 'No-1778728550.png', 'Student'),
(932, 'Noah Lau', '$2y$10$cJBkGxJmU4LLl7NxdUGr2edpWNNR259a0TRf7bt.qAEONkpjA7hla', 'TP000929@mail.apu.edu.my', '+6012-5599623', 'No-1778728550.png', 'Student'),
(933, 'Noah Carter', '$2y$10$/xZVO9oFWdFR3thhihOXQOA2NogAUBsroUUIupkj9NYwwMCZA43/m', 'TP000930@mail.apu.edu.my', '+6012-5599623', 'No-1778728550.png', 'Student'),
(934, 'Jack Tan', '$2y$10$jA8J.yuUtDKmogHEw/v.1uNrtHwJFQklAgnNevxwVRdGEgirqt1oG', 'TP000931@mail.apu.edu.my', '+6012-5599623', 'Ja-1778728550.png', 'Student'),
(935, 'Jack Choo', '$2y$10$S1Rp17gc0pOYn6JYwNoO0OrU9JdfiD1ophgzM6yuwgex4uI.d.NyC', 'TP000932@mail.apu.edu.my', '+6012-5599623', 'Ja-1778728550.png', 'Student');
INSERT INTO `user` (`user_id`, `name`, `password`, `email`, `phone`, `picture`, `role`) VALUES
(936, 'Jack Chan', '$2y$10$1zEJbq6rxd8AxAPjaW9q8eB6Hd2AC1hQ8Q2UOtRFAYGAsz.h1yUru', 'TP000933@mail.apu.edu.my', '+6012-5599623', 'Ja-1778728550.png', 'Student'),
(937, 'Jack Wong', '$2y$10$kSyWwDKvQVKaYw4f6NzyjOtjIHwzyk0bF6mPwxuiTqXoMzUEhej0y', 'TP000934@mail.apu.edu.my', '+6012-5599623', 'Ja-1778728550.png', 'Student'),
(938, 'Jack Smith', '$2y$10$R1TTJukIEkCygrPqaOdoOeJH/9yqL0.jpojfyc3ULlReXNp9OjeF6', 'TP000935@mail.apu.edu.my', '+6012-5599623', 'Ja-1778728550.png', 'Student'),
(939, 'Jack Lim', '$2y$10$MjOorUW.llZnFRaLCa3JpOo9l3kBbaX5CXp3Bb/yyjjLg00awKKVK', 'TP000936@mail.apu.edu.my', '+6012-5599623', 'Ja-1778728551.png', 'Student'),
(940, 'Jack Khoo', '$2y$10$PsAlQJo.UankReMeKKsHW.Bti2PA3gCZpWG202Vt6pcsVpkYbIiC2', 'TP000937@mail.apu.edu.my', '+6012-5599623', 'Ja-1778728551.png', 'Student'),
(941, 'Jack Chee', '$2y$10$GX49w6YUAYCmFZcmT.ZOTeW5JYLq324.E39dl0UwFKAWe0P/BeHsC', 'TP000938@mail.apu.edu.my', '+6012-5599623', 'Ja-1778728551.png', 'Student'),
(942, 'Jack Ong', '$2y$10$9zg00NM8FCMqUl4MqJ0Wv.p3MT3wGIMyZSdh3PihuBRW3vCGRz5pW', 'TP000939@mail.apu.edu.my', '+6012-5599623', 'Ja-1778728551.png', 'Student'),
(943, 'Jack Choong', '$2y$10$c0mpbu0cZXlxWEF3H0GqBOnPFEfJteKTgmUqYG5Z27DrVzOnAUTqK', 'TP000940@mail.apu.edu.my', '+6012-5599623', 'Ja-1778728551.png', 'Student'),
(944, 'Jack Liu', '$2y$10$36CtT.68P46s1sbz/wr7zu3V6vLNMa1bExwIfWfgUDOdqNQr3XIva', 'TP000941@mail.apu.edu.my', '+6012-5599623', 'Ja-1778728551.png', 'Student'),
(945, 'Jack Chen', '$2y$10$aGiPh74SiFIMTmHW5EWqbOCvlRYphKEfqK0GoyIwmA/C8MfAO5X9G', 'TP000942@mail.apu.edu.my', '+6012-5599623', 'Ja-1778728551.png', 'Student'),
(946, 'Jack Yang', '$2y$10$7cM4bsAxka9v9L1BIFvo8.V5ZWHYWMQrWUs0G7cq6b30xRp.1ALbe', 'TP000943@mail.apu.edu.my', '+6012-5599623', 'Ja-1778728551.png', 'Student'),
(947, 'Jack Huang', '$2y$10$J2mNnGTcsboHUsvrOppxSe1469x0nE5eD66r2BrTT9zHwnmKSW1oe', 'TP000944@mail.apu.edu.my', '+6012-5599623', 'Ja-1778728551.png', 'Student'),
(948, 'Jack Zhao', '$2y$10$eJc1ucTJqIH2bOWT.OxMqurQ3w8k.67JOs4rDJd4XVFkE8907mcOa', 'TP000945@mail.apu.edu.my', '+6012-5599623', 'Ja-1778728551.png', 'Student'),
(949, 'Jack Miller', '$2y$10$Sx4VuuljED4cTI8zr2PYNeUjek/HbeSLspdoVgp.aEPkBXBIWFoDu', 'TP000946@mail.apu.edu.my', '+6012-5599623', 'Ja-1778728551.png', 'Student'),
(950, 'Jack Wu', '$2y$10$wcm3YCI84b0y5FvlV1g.FOQ.jEhbaQOj1M3rUMgSwGk4ZG0jnt4ui', 'TP000947@mail.apu.edu.my', '+6012-5599623', 'Ja-1778728552.png', 'Student'),
(951, 'Jack Zhou', '$2y$10$0AtaIGAYAugkwKWowhbBK.ypIiIo.PvwjmSjtpzvNNyOlk1Ji84u6', 'TP000948@mail.apu.edu.my', '+6012-5599623', 'Ja-1778728552.png', 'Student'),
(952, 'Jack Lau', '$2y$10$fMLqsO.73j3lfUgWq9C8ieAWSBqFo/MWiz09yVkmY/mJd5FRbl7tG', 'TP000949@mail.apu.edu.my', '+6012-5599623', 'Ja-1778728552.png', 'Student'),
(953, 'Jack Carter', '$2y$10$YyUsgj6xnGJjiy9AvD6pLeWIBZccjj8.PKUsbB5R74uBv2fKGy0pG', 'TP000950@mail.apu.edu.my', '+6012-5599623', 'Ja-1778728552.png', 'Student'),
(954, 'Finn Tan', '$2y$10$LFLAErXnklPQl.uStyEiHeT55fFMatdB7FC4sdNktxC2JvJMKERla', 'TP000951@mail.apu.edu.my', '+6012-5599623', 'Fi-1778728552.png', 'Student'),
(955, 'Finn Choo', '$2y$10$BlfC.KiqSBPlUcqOqYUn/u60UlVh7Xjk9oS5XmYpNH4ZnKUAbRvlu', 'TP000952@mail.apu.edu.my', '+6012-5599623', 'Fi-1778728552.png', 'Student'),
(956, 'Finn Chan', '$2y$10$r9nxIBF/TOHIOfeQts2rQerdcuRhV4H80OW5uNnTs7WunUD0b93KK', 'TP000953@mail.apu.edu.my', '+6012-5599623', 'Fi-1778728552.png', 'Student'),
(957, 'Finn Wong', '$2y$10$vdYixEfcm/YSkKaj4.xFnOnIdfzzMxqpAKR2pTQ1DJdEN4EyAiVPC', 'TP000954@mail.apu.edu.my', '+6012-5599623', 'Fi-1778728552.png', 'Student'),
(958, 'Finn Smith', '$2y$10$8SRAisiilCgl//bc1qaUCeBXJ63TyP6e.6b/RRY5Xjj55TVuso5uG', 'TP000955@mail.apu.edu.my', '+6012-5599623', 'Fi-1778728552.png', 'Student'),
(959, 'Finn Lim', '$2y$10$xcDTbTJ6rvDo45QzVs5yCuOTLrc9XYiPIOdqcw7FlX18P5/7oHnKe', 'TP000956@mail.apu.edu.my', '+6012-5599623', 'Fi-1778728552.png', 'Student'),
(960, 'Finn Khoo', '$2y$10$6nTCQSKj0EELGLyEocKUnubRRrbvs/2TOI2gOPSWaZB1UYdmQdkSW', 'TP000957@mail.apu.edu.my', '+6012-5599623', 'Fi-1778728552.png', 'Student'),
(961, 'Finn Chee', '$2y$10$UOU2Xtoz1M8mRQ9inKcJy.GvaN3e/t288oDR8t4/8dWHc3PcpTGVe', 'TP000958@mail.apu.edu.my', '+6012-5599623', 'Fi-1778728553.png', 'Student'),
(962, 'Finn Ong', '$2y$10$4p0qxLlMjTmVQZGt27VsLOFUdHyiRhDxIvx68JixWntVCPB3xANoy', 'TP000959@mail.apu.edu.my', '+6012-5599623', 'Fi-1778728553.png', 'Student'),
(963, 'Finn Choong', '$2y$10$5NLhRdEw5uWGfByWgJcxru4HO9G6Ot6lg.y5q/flzJTjQ8XoevBNS', 'TP000960@mail.apu.edu.my', '+6012-5599623', 'Fi-1778728553.png', 'Student'),
(964, 'Finn Liu', '$2y$10$NWj3poaItgfx3us07iiCV.ttUCzNXCVJZTle47J194EqzTJoFSZS6', 'TP000961@mail.apu.edu.my', '+6012-5599623', 'Fi-1778728553.png', 'Student'),
(965, 'Finn Chen', '$2y$10$IC8EWOZIB7FkRXbDdYykre9j20WXtGXQi.F9IPIFxFHWw5gDeUrUC', 'TP000962@mail.apu.edu.my', '+6012-5599623', 'Fi-1778728553.png', 'Student'),
(966, 'Finn Yang', '$2y$10$Mt5eLo8Gkpquf2TKMvfzY.Zc9jNYDEji5DY16SKVBelME.e2.RSY2', 'TP000963@mail.apu.edu.my', '+6012-5599623', 'Fi-1778728553.png', 'Student'),
(967, 'Finn Huang', '$2y$10$.f7y.uvA/If/Ax5cImZ7nuBfLnT/31Eq3Y0NfEHqGYwEpy2.3VfAO', 'TP000964@mail.apu.edu.my', '+6012-5599623', 'Fi-1778728553.png', 'Student'),
(968, 'Finn Zhao', '$2y$10$L9Y5VwjsESNKXib0sTwfTufsG9LQFhM4UVzo5oomHDyzcC/WAH8r6', 'TP000965@mail.apu.edu.my', '+6012-5599623', 'Fi-1778728553.png', 'Student'),
(969, 'Finn Miller', '$2y$10$2nk8PquETM0cI8E0dT6iTe7D2aux.MIvkeJPeG7Ro2rY3K4aIYyQa', 'TP000966@mail.apu.edu.my', '+6012-5599623', 'Fi-1778728553.png', 'Student'),
(970, 'Finn Wu', '$2y$10$0PMwUTyAzWhD8TCIBpvQQ.8yHBhb2rye.wPIzs5KNO8uLG6barVPu', 'TP000967@mail.apu.edu.my', '+6012-5599623', 'Fi-1778728553.png', 'Student'),
(971, 'Finn Zhou', '$2y$10$DBvo6S9RYiI/eONqhvfj0.meb/LwiuaugMi7zB758tgpU/SGxzlUe', 'TP000968@mail.apu.edu.my', '+6012-5599623', 'Fi-1778728553.png', 'Student'),
(972, 'Finn Lau', '$2y$10$5rhTV1K2PW2Cg12nwoxO6emLW6PAEXAooPWq3sKQzzWVwsqo6rrjC', 'TP000969@mail.apu.edu.my', '+6012-5599623', 'Fi-1778728553.png', 'Student'),
(973, 'Finn Carter', '$2y$10$Y9LOYw6.v9HN4nhKG8NHremkzgpf.3TdJr1hQj6RkzTbpsMhcbi2C', 'TP000970@mail.apu.edu.my', '+6012-5599623', 'Fi-1778728554.png', 'Student'),
(974, 'Liam Tan', '$2y$10$wUoGJgNP/Diw8VAFMF5LWOr233GYxkk2/pTbNCgD0qGjFcavHoyAa', 'TP000971@mail.apu.edu.my', '+6012-5599623', 'Li-1778728554.png', 'Student'),
(975, 'Liam Choo', '$2y$10$8.yXASsKjRygXsKYUQf7Z.crCY5XpIvmH5bbujB93WEHDjwMH8Sf.', 'TP000972@mail.apu.edu.my', '+6012-5599623', 'Li-1778728554.png', 'Student'),
(976, 'Liam Chan', '$2y$10$nmyv/8Kr5fowX51Znn2wvOTtV8Fg606z83ZWTbM1HXDbQwJLuEtDO', 'TP000973@mail.apu.edu.my', '+6012-5599623', 'Li-1778728554.png', 'Student'),
(977, 'Liam Wong', '$2y$10$nqnLUL/Q54q3jS/8Jh9oCeoLK0q3CoTF99RHFkezVyc2z7MS8PcL.', 'TP000974@mail.apu.edu.my', '+6012-5599623', 'Li-1778728554.png', 'Student'),
(978, 'Liam Smith', '$2y$10$7oa23mVD4CVthgi00fBXQOunjNpkKAByH6Hlpkx5DsjZqay8e.vre', 'TP000975@mail.apu.edu.my', '+6012-5599623', 'Li-1778728554.png', 'Student'),
(979, 'Liam Lim', '$2y$10$pCcAagCTYWAYTDwCvH7cx.P0A0vhfHRWadBC5K37Mn6ZoXmGXQebK', 'TP000976@mail.apu.edu.my', '+6012-5599623', 'Li-1778728554.png', 'Student'),
(980, 'Liam Khoo', '$2y$10$2Qze0nfLQmXYvF4Ml6L2Luk7Iw0vOrZDyVQL3H4sqg5siv0jHrI6K', 'TP000977@mail.apu.edu.my', '+6012-5599623', 'Li-1778728554.png', 'Student'),
(981, 'Liam Chee', '$2y$10$tfaF0O9W9w66trIqZkxfI.q70QX7XcazUaoUcMEp4LOIwSP0mCycK', 'TP000978@mail.apu.edu.my', '+6012-5599623', 'Li-1778728554.png', 'Student'),
(982, 'Liam Ong', '$2y$10$N/t2.jfNDAewLdNFV6/crOt36X4.VZ8Rd9mmlo9z3OVAcwyIZjYb2', 'TP000979@mail.apu.edu.my', '+6012-5599623', 'Li-1778728554.png', 'Student'),
(983, 'Liam Choong', '$2y$10$PJhaOmFbTsqul.D3gZudY.WHU4VeKxkDzmWpAjc7lwP4XLrq0M6T6', 'TP000980@mail.apu.edu.my', '+6012-5599623', 'Li-1778728554.png', 'Student'),
(984, 'Liam Liu', '$2y$10$9aFKqB/nV0ihUv9bBb.LO.xyEAvwcBybmV3iMLbMDkjrO3Ydbl5bq', 'TP000981@mail.apu.edu.my', '+6012-5599623', 'Li-1778728554.png', 'Student'),
(985, 'Liam Chen', '$2y$10$mDybD3TAOwi1yOBDVWb8Zu4LyNgHL8PRoxTGl9ehYPZVZElgbVmjy', 'TP000982@mail.apu.edu.my', '+6012-5599623', 'Li-1778728555.png', 'Student'),
(986, 'Liam Yang', '$2y$10$YDrdigTT5EpeSj2mRrHin.OybsILZiVHkr9Sd9hYemewEVzD3Hd6q', 'TP000983@mail.apu.edu.my', '+6012-5599623', 'Li-1778728555.png', 'Student'),
(987, 'Liam Huang', '$2y$10$SKWbYQKkRsM7O47JoxkmGu60r7vVYw2H/4l0KZKLKBJUJm/e2X6AS', 'TP000984@mail.apu.edu.my', '+6012-5599623', 'Li-1778728555.png', 'Student'),
(988, 'Liam Zhao', '$2y$10$SyH8aUfw89Q.nf5VoImVr.eqTQqN8E94MU4kkBkNxgg4t0rvMIbgC', 'TP000985@mail.apu.edu.my', '+6012-5599623', 'Li-1778728555.png', 'Student'),
(989, 'Liam Miller', '$2y$10$My0bG19sdzwdzMv.is/BX.pvgRfAcqOj4iAMb1Lt675oRGWujGVXC', 'TP000986@mail.apu.edu.my', '+6012-5599623', 'Li-1778728555.png', 'Student'),
(990, 'Liam Wu', '$2y$10$kluShCs1AQhINiorTrM87e7XoMWFxOcn5yT/uDC2wTNFsoR8HhHmK', 'TP000987@mail.apu.edu.my', '+6012-5599623', 'Li-1778728555.png', 'Student'),
(991, 'Liam Zhou', '$2y$10$2zEA/VIEHJYrJTzkiBGU8.VMOMtg2sVj/jqngfY/3G9Vg3KshkoaG', 'TP000988@mail.apu.edu.my', '+6012-5599623', 'Li-1778728555.png', 'Student'),
(992, 'Liam Lau', '$2y$10$SkNd7l5xZxquFfsfpB8IVefL/IG0kjjtgZgFI0aVmsJ4k/O2DqxPa', 'TP000989@mail.apu.edu.my', '+6012-5599623', 'Li-1778728555.png', 'Student'),
(993, 'Liam Carter', '$2y$10$jFN50KLOCorj31.OOI4fxuic5o3lpvameqEQIIU105HD3xXV7Rfze', 'TP000990@mail.apu.edu.my', '+6012-5599623', 'Li-1778728555.png', 'Student'),
(994, 'Elijah Tan', '$2y$10$PPkCyNDcngL/EbVk0z3Y2Ox4ipLyXfFuI/S8NRP/0WLCM0rm.rYdm', 'TP000991@mail.apu.edu.my', '+6012-5599623', 'El-1778728555.png', 'Student'),
(995, 'Elijah Choo', '$2y$10$seLwLP5Rusox91tWHFLz1OPZjxlLtPzRi.b8aVb/dQ8y/7D0piYd2', 'TP000992@mail.apu.edu.my', '+6012-5599623', 'El-1778728555.png', 'Student'),
(996, 'Elijah Chan', '$2y$10$Oh0rQhCicTNU.H.REZTXy.QM1XshvcTsZNvnbDU1wMmZbuW8Vam3q', 'TP000993@mail.apu.edu.my', '+6012-5599623', 'El-1778728556.png', 'Student'),
(997, 'Elijah Wong', '$2y$10$lfaSHYkM5pS2LgL1zGBko.iNKUPCUbUqnJYavxW/PS/PpvlpAxSR2', 'TP000994@mail.apu.edu.my', '+6012-5599623', 'El-1778728556.png', 'Student'),
(998, 'Elijah Smith', '$2y$10$imf3U6/R.J4WVHBmYY7PFeiLFmxfrcSsKqpjuMV9j8kqADcviczA.', 'TP000995@mail.apu.edu.my', '+6012-5599623', 'El-1778728556.png', 'Student'),
(999, 'Elijah Lim', '$2y$10$F9a/4pAoi9fKkGzkPeVnaeHo8Lo0gBfIMc1tJ6ELHPZH4mfIzadyC', 'TP000996@mail.apu.edu.my', '+6012-5599623', 'El-1778728556.png', 'Student'),
(1000, 'Elijah Khoo', '$2y$10$vH7iiZL5ePkYBbWgMe9qfeQwsa8b6zh6FlDYCOky8eQNMRGJiGLye', 'TP000997@mail.apu.edu.my', '+6012-5599623', 'El-1778728556.png', 'Student'),
(1001, 'Elijah Chee', '$2y$10$I98HZoEoVZ5XnYU9yIb8OuwXCbPunk7ifV9gcg992dIn.81hNRMdO', 'TP000998@mail.apu.edu.my', '+6012-5599623', 'El-1778728556.png', 'Student'),
(1002, 'Elijah Ong', '$2y$10$mmhK9lNPZZfrqX8ZvwzpiuU4X4xyT07PMFtHm7tFY8ITjh8pLQA46', 'TP000999@mail.apu.edu.my', '+6012-5599623', 'El-1778728556.png', 'Student'),
(1003, 'Elijah Choong', '$2y$10$YO5aHhTxMirUvYzGeE.vxuIQCbzPn0l0g0B1tCtdb7jl3uZypnUDy', 'TP001000@mail.apu.edu.my', '+6012-5599623', 'El-1778728556.png', 'Student'),
(1004, 'Elijah Liu', '$2y$10$uCDtQVpHmdxnTqjBRBYHMeNjKBedEuG.ivsKYtvhzRQSqIQmti93a', 'TP001001@mail.apu.edu.my', '+6012-5599623', 'El-1778728556.png', 'Student'),
(1005, 'Elijah Chen', '$2y$10$uXM3iO0rjCL9wsZbZC9McuENiifIiM7yfXr8DaaeNAxeAPvnrpV.e', 'TP001002@mail.apu.edu.my', '+6012-5599623', 'El-1778728556.png', 'Student'),
(1006, 'Elijah Yang', '$2y$10$SvKG5olMrd/kxNIAelF.l.pS66CebiRzltirB2ApbqMd3IvbQPKWS', 'TP001003@mail.apu.edu.my', '+6012-5599623', 'El-1778728556.png', 'Student'),
(1007, 'Elijah Huang', '$2y$10$MjMfFXvgqkxKd4g0JqFTSOzw20XWXPKGur0lx/xCIjlr0Yqe72eCW', 'TP001004@mail.apu.edu.my', '+6012-5599623', 'El-1778728556.png', 'Student'),
(1008, 'Elijah Zhao', '$2y$10$O4nwQrXhpwIhlNh7Ssg8VOLtG40y2/Skif9RzXcppdT3qeoFh5qbq', 'TP001005@mail.apu.edu.my', '+6012-5599623', 'El-1778728557.png', 'Student'),
(1009, 'Elijah Miller', '$2y$10$a3VPk5uHkXCCT89GZTFKEettS3t7pEfy6QP/n0z5Ri3.mdqs2gKJW', 'TP001006@mail.apu.edu.my', '+6012-5599623', 'El-1778728557.png', 'Student'),
(1010, 'Elijah Wu', '$2y$10$4HD1s91GSS1DQWoVOBOpQOG7rioxSq89uPhnz3dxSNfGbVKZke6jq', 'TP001007@mail.apu.edu.my', '+6012-5599623', 'El-1778728557.png', 'Student'),
(1011, 'Elijah Zhou', '$2y$10$xzqQn3Qet4EmLCdqna5Eh.c1OF70Vx.p9CGF2S1AsW9x5xPFfpC1q', 'TP001008@mail.apu.edu.my', '+6012-5599623', 'El-1778728557.png', 'Student'),
(1012, 'Elijah Lau', '$2y$10$F5mUnO7KNGI1RQREdPR2h.xX0zYUjPTUwanAWj2EWwwVE/6FIqqzy', 'TP001009@mail.apu.edu.my', '+6012-5599623', 'El-1778728557.png', 'Student'),
(1013, 'Elijah Carter', '$2y$10$cXzDpDk8jKgZK3fdrviRKOjwHrCCciLEHthV6z6TjxMhrMGg0d2wG', 'TP001010@mail.apu.edu.my', '+6012-5599623', 'El-1778728557.png', 'Student'),
(1014, 'Monica Tan', '$2y$10$BdPnxkR8imMLN.W.PembiutDC9et1MsucduachoIxH/1UnJ3FkAAK', 'L000001@mail.apu.edu.my', '+6012-5599623', 'Mo-1779026575.png', 'Lecturer'),
(1015, 'Monica Choo', '$2y$10$K0gvwd/oE.Z/aAJjLeodiOZq8quMLfenmgY0.GaY/R13nSCRP/LU2', 'L000002@mail.apu.edu.my', '+6012-5599623', 'Mo-1779026575.png', 'Lecturer'),
(1016, 'Monica Chan', '$2y$10$d.wSCWhdIPEtQo65JsEOMOHzjRU3wIEZmswQuLn5y0NYz/5WR.f.u', 'L000003@mail.apu.edu.my', '+6012-5599623', 'Mo-1779026575.png', 'Lecturer'),
(1017, 'Lucy Tan', '$2y$10$NAStIRiDyFxOIZNbam0uweZyrev//TC377DdMVgC.mV2L/1PYlFYe', 'L000004@mail.apu.edu.my', '+6012-5599623', 'Lu-1779026575.png', 'Lecturer'),
(1018, 'Lucy Choo', '$2y$10$eCbEG0oABlfBYThnBNkB/erWkYbgaSK3AnwDCGDxk/nmoTn6TpJTS', 'L000005@mail.apu.edu.my', '+6012-5599623', 'Lu-1779026575.png', 'Lecturer'),
(1019, 'Lucy Chan', '$2y$10$YpKEssRZqwOEEpRNPB5jn.14NL1KSmXot5bzfoK05q7MWTuyzdwWO', 'L000006@mail.apu.edu.my', '+6012-5599623', 'Lu-1779026576.png', 'Lecturer'),
(1020, 'Wendy Tan', '$2y$10$urm2B85ynfDut4N34BBG8u8caZUl3IKQ9ZcoyM.R0QdGWMpubH.Mu', 'L000007@mail.apu.edu.my', '+6012-5599623', 'We-1779026576.png', 'Lecturer'),
(1021, 'Wendy Choo', '$2y$10$fgD/iHXo1erdWl8EOWy/xeswnFxpSTSGFP66XszIazV/kFX4UOsnS', 'L000008@mail.apu.edu.my', '+6012-5599623', 'We-1779026576.png', 'Lecturer'),
(1022, 'Wendy Chan', '$2y$10$LDhCfmMYc3ZkX8/.n3GWK.cpgIPRil3smfvprn5bZGCjXWXm91rMe', 'L000009@mail.apu.edu.my', '+6012-5599623', 'We-1779026576.png', 'Lecturer'),
(1023, 'Anna Tan', '$2y$10$mEEaU.r8kEtVOmS4pRdtdu0aiJ0NPKMpHDJMop2KSDQENK8zS2k3e', 'L000010@mail.apu.edu.my', '+6012-5599623', 'An-1779026576.png', 'Lecturer'),
(1024, 'Anna Choo', '$2y$10$7xbUIZXQVHWqWBNLS8DxdOY/LQsbpTFboG8vLINyOL5xo066V5Zy2', 'L000011@mail.apu.edu.my', '+6012-5599623', 'An-1779026576.png', 'Lecturer'),
(1025, 'Anna Chan', '$2y$10$cmyx4usAzCYRne8ImxXAQupDRNd6Q5kR3Q/SdI5VFm0STJ2KnyTd.', 'L000012@mail.apu.edu.my', '+6012-5599623', 'An-1779026576.png', 'Lecturer'),
(1026, 'Rita Tan', '$2y$10$w/EBKoNw4kfFfolvTSvXUubSjNeGeQFTNYp84WPrkN8JlfDHzLLbu', 'L000013@mail.apu.edu.my', '+6012-5599623', 'Ri-1779026576.png', 'Lecturer'),
(1027, 'Rita Choo', '$2y$10$NL8UZ37GCOKU/8O35Fm2dem0aRPpuFrdPY8G9KD7n6ZhnuDfVMdiK', 'L000014@mail.apu.edu.my', '+6012-5599623', 'Ri-1779026576.png', 'Lecturer'),
(1028, 'Rita Chan', '$2y$10$qyIOdKC3CuNZTxJvVEEC1eIiInfIaG2C14LubJFEe911cLFCtbtse', 'L000015@mail.apu.edu.my', '+6012-5599623', 'Ri-1779026576.png', 'Lecturer'),
(1029, 'Lily Tan', '$2y$10$BywrWlMzYHrEVqiDfe3U0Ouy3P7/9fn6QY3dOYF2l5oacbgad42IS', 'L000016@mail.apu.edu.my', '+6012-5599623', 'Li-1779026576.png', 'Lecturer'),
(1030, 'Lily Choo', '$2y$10$wFmrhB2RTWOm3108jMCnVOYU5G3u.i5LOV0VUSdy5FHEPgsCMXI1C', 'L000017@mail.apu.edu.my', '+6012-5599623', 'Li-1779026577.png', 'Lecturer'),
(1031, 'Lily Chan', '$2y$10$E1ov0Sc2px0gn/40/DvXXeG7JFexQQ3gq8ucbg4uLBISf8ao6igGu', 'L000018@mail.apu.edu.my', '+6012-5599623', 'Li-1779026577.png', 'Lecturer'),
(1032, 'Marcus Tan', '$2y$10$gIImRVBlstTQQZdXvQ78i.c2JLhZ8cBMgzqmE8DDg8nxUCg8SHLXu', 'L000019@mail.apu.edu.my', '+6012-5599623', 'Ma-1779026577.png', 'Lecturer'),
(1033, 'Marcus Choo', '$2y$10$qS7fiil9g03/SkXbk5QXgukq0nq7WAvwVSi24VmW3CsTxz.0PgzZS', 'L000020@mail.apu.edu.my', '+6012-5599623', 'Ma-1779026577.png', 'Lecturer'),
(1034, 'Marcus Chan', '$2y$10$IeyF/K0qnc/QKAR7QVrrqetiH6wQLQAuYj9D2gWrnhadN2uLsh/a2', 'L000021@mail.apu.edu.my', '+6012-5599623', 'Ma-1779026577.png', 'Lecturer'),
(1035, 'Daniel Tan', '$2y$10$99Aua6n/sE8tMzD9WXYw.O8xFfR/PCcoLmsYM5g1UxGZhlmjTG3C6', 'L000022@mail.apu.edu.my', '+6012-5599623', 'Da-1779026577.png', 'Lecturer'),
(1036, 'Daniel Choo', '$2y$10$Y.py0gUzNB4kpkO8SivY0Ov2eCAOyKenKbL1qR19aIHLE4l9jghXK', 'L000023@mail.apu.edu.my', '+6012-5599623', 'Da-1779026577.png', 'Lecturer'),
(1037, 'Daniel Chan', '$2y$10$owVzWn8CxAE4qQTlyujIXePAG356iHCtQG4n8nxnUnpYl8c.k0vA2', 'L000024@mail.apu.edu.my', '+6012-5599623', 'Da-1779026577.png', 'Lecturer'),
(1038, 'Adam Tan', '$2y$10$fWhYA7ucXp7FJJfSyr7Qcez0m7pXVn0Gywp6sAT0q7M87XaBFoMme', 'L000025@mail.apu.edu.my', '+6012-5599623', 'Ad-1779026577.png', 'Lecturer'),
(1039, 'Adam Choo', '$2y$10$InbOnQdHv//jlTMGG5tZwe1mgxe2US6cvuumNF5k0P5LSzJcW54B6', 'L000026@mail.apu.edu.my', '+6012-5599623', 'Ad-1779026577.png', 'Lecturer'),
(1040, 'Adam Chan', '$2y$10$oCyAyrYjsSPKm4MqvaZrgOjDDF.WAFG3QkjoloREcnF2d9x0Wau5C', 'L000027@mail.apu.edu.my', '+6012-5599623', 'Ad-1779026577.png', 'Lecturer'),
(1041, 'Bryan Tan', '$2y$10$siO4zyztrIEFSd2b6OS6wejX9y3FTi8njlbCT1bYch/vg6F4l89zG', 'L000028@mail.apu.edu.my', '+6012-5599623', 'Br-1779026577.png', 'Lecturer'),
(1042, 'Bryan Choo', '$2y$10$IfjysCLp2qyrabq9tF2DiuiI0e4zjR58FJOH/LMd41i2uko3DDCMS', 'L000029@mail.apu.edu.my', '+6012-5599623', 'Br-1779026578.png', 'Lecturer'),
(1043, 'Bryan Chan', '$2y$10$7kzeTdypDSp1VfVxWRew0udBkcN4mH6qqHj552XzFNYOmSuwDlU9K', 'L000030@mail.apu.edu.my', '+6012-5599623', 'Br-1779026578.png', 'Lecturer'),
(1044, 'Peter Tan', '$2y$10$gfFcKB4kbJ64LE1NnHbUtutBwPbapGSmaiJxHoIpcLgczI3XeMq6m', 'L000031@mail.apu.edu.my', '+6012-5599623', 'Pe-1779026578.png', 'Lecturer'),
(1045, 'Peter Choo', '$2y$10$1jnmanAKjgEJnjr8m1bH2.2fvF5YNQzSxPax7VYRfURfMq5fteBMS', 'L000032@mail.apu.edu.my', '+6012-5599623', 'Pe-1779026578.png', 'Lecturer'),
(1046, 'Peter Chan', '$2y$10$wKMgBc3UK7UkmIHZpgPeI.gdgprcROELSWxULW8NbCT/UbycmgofK', 'L000033@mail.apu.edu.my', '+6012-5599623', 'Pe-1779026578.png', 'Lecturer');

--
-- Constraints for dumped tables
--

--
-- Constraints for table `carpool`
--
ALTER TABLE `carpool`
  ADD CONSTRAINT `carpool_ibfk_1` FOREIGN KEY (`user_id`) REFERENCES `user` (`user_id`) ON DELETE CASCADE;

--
-- Constraints for table `carpool_request`
--
ALTER TABLE `carpool_request`
  ADD CONSTRAINT `carpool_request_ibfk_1` FOREIGN KEY (`user_id`) REFERENCES `user` (`user_id`) ON DELETE CASCADE,
  ADD CONSTRAINT `carpool_request_ibfk_2` FOREIGN KEY (`carpool_id`) REFERENCES `carpool` (`carpool_id`) ON DELETE CASCADE;

--
-- Constraints for table `classroom`
--
ALTER TABLE `classroom`
  ADD CONSTRAINT `classroom_ibfk_1` FOREIGN KEY (`location_id`) REFERENCES `location` (`location_id`) ON DELETE CASCADE;

--
-- Constraints for table `course_module`
--
ALTER TABLE `course_module`
  ADD CONSTRAINT `course_module_ibfk_1` FOREIGN KEY (`module_id`) REFERENCES `module` (`module_id`) ON DELETE CASCADE,
  ADD CONSTRAINT `course_module_ibfk_2` FOREIGN KEY (`lecturer_id`) REFERENCES `lecturer` (`lecturer_id`) ON DELETE CASCADE,
  ADD CONSTRAINT `fk_course_module` FOREIGN KEY (`intake_id`) REFERENCES `intake` (`intake_id`) ON DELETE CASCADE;

--
-- Constraints for table `intake`
--
ALTER TABLE `intake`
  ADD CONSTRAINT `intake_ibfk_1` FOREIGN KEY (`course_id`) REFERENCES `course` (`course_id`) ON DELETE CASCADE;

--
-- Constraints for table `lecturer`
--
ALTER TABLE `lecturer`
  ADD CONSTRAINT `lecturer_ibfk_1` FOREIGN KEY (`user_id`) REFERENCES `user` (`user_id`) ON DELETE CASCADE;

--
-- Constraints for table `module`
--
ALTER TABLE `module`
  ADD CONSTRAINT `module_ibfk_1` FOREIGN KEY (`major_id`) REFERENCES `major` (`major_id`) ON DELETE CASCADE;

--
-- Constraints for table `module_group`
--
ALTER TABLE `module_group`
  ADD CONSTRAINT `module_group_ibfk_1` FOREIGN KEY (`course_module_id`) REFERENCES `course_module` (`course_module_id`) ON DELETE CASCADE;

--
-- Constraints for table `schedule`
--
ALTER TABLE `schedule`
  ADD CONSTRAINT `schedule_ibfk_1` FOREIGN KEY (`module_group_id`) REFERENCES `module_group` (`module_group_id`) ON DELETE CASCADE,
  ADD CONSTRAINT `schedule_ibfk_2` FOREIGN KEY (`classroom_id`) REFERENCES `classroom` (`classroom_id`) ON DELETE CASCADE;

--
-- Constraints for table `student`
--
ALTER TABLE `student`
  ADD CONSTRAINT `student_ibfk_1` FOREIGN KEY (`user_id`) REFERENCES `user` (`user_id`) ON DELETE CASCADE;

--
-- Constraints for table `student_intake`
--
ALTER TABLE `student_intake`
  ADD CONSTRAINT `student_intake_ibfk_1` FOREIGN KEY (`student_id`) REFERENCES `student` (`student_id`) ON DELETE CASCADE,
  ADD CONSTRAINT `student_intake_ibfk_2` FOREIGN KEY (`intake_id`) REFERENCES `intake` (`intake_id`) ON DELETE CASCADE;
COMMIT;

/*!40101 SET CHARACTER_SET_CLIENT=@OLD_CHARACTER_SET_CLIENT */;
/*!40101 SET CHARACTER_SET_RESULTS=@OLD_CHARACTER_SET_RESULTS */;
/*!40101 SET COLLATION_CONNECTION=@OLD_COLLATION_CONNECTION */;
